fecha_raw,domain,url,title,V2Tone
20260124053000,newsbtc.com,https://www.newsbtc.com/bitcoin-news/can-bitcoin-revisit-97600-glassnode/,"Can Bitcoin Revisit $97,600? Glassnode Says Watch This","-4.58715596330275,2.20183486238532,6.78899082568807,8.99082568807339,30.6422018348624,0.36697247706422,488"
20260124053000,newsbtc.com,https://www.newsbtc.com/bitcoin-news/bitcoin-stuck-in-bear-mode-for-83-days-trend-pulse-confirms-structural-weakness/,Bitcoin Stuck In Bear Mode For 83 Days: Trend Pulse Confirms Structural Weakness,"-4.45468509984639,1.38248847926267,5.83717357910906,7.21966205837174,25.9600614439324,0,599"
20260124053000,newsbtc.com,https://www.newsbtc.com/bitcoin-news/bitcoin-indicator-falls-back-to-post-bear-market-levels-investors-approach-a-key-decision-point/,Bitcoin Indicator Falls Back To Post-Bear Market Levels: Investors Approach A Key Decision Point,"-5.08940852819807,2.20082530949106,7.29023383768913,9.49105914718019,28.748280605227,0,692"
20260124080000,coindesk.com,https://www.coindesk.com/markets/2026/01/23/bitcoin-s-weakness-versus-gold-and-equities-puts-quantum-computing-fears-back-in-focus,Bitcoin's weakness versus gold and equities puts quantum computing fears back in focus,"-1.49501661129568,2.99003322259136,4.48504983388704,7.47508305647841,25.4152823920266,0.664451827242525,534"
20260111041500,cointelegraph.com,https://cointelegraph.com/news/ether-sentiment-price-major-run-history-santiment,Ether Sentiment Is 'Way Down' Near Levels Before 'Major Run',"-2.20264317180617,0.66079295154185,2.86343612334802,3.52422907488987,21.8061674008811,0.440528634361234,403"
20260111041500,cointelegraph.com,https://cointelegraph.com/magazine/donald-trump-sam-bankman-fried-ftx-bitmine-ethereum-holder-hodlers-digest/,"Trump rules out SBF pardon, Bitcoin in 'boring sideways': Hodler's Digest, Jan. 4 &#x2013; 10 &#x2013; Cointelegraph Magazine","-0.96969696969697,2,2.96969696969697,4.96969696969697,20,0.848484848484849,1482"
20260111033000,newsbtc.com,https://www.newsbtc.com/altcoin/analyst-outlines-the-bull-case-for-xrp-and-why-price-will-hit-all-time-high-soon/,Analyst Outlines The Bull Case For XRP And Why Price Will Hit All-Time High Soon,"0.40983606557377,2.04918032786885,1.63934426229508,3.68852459016393,20.2868852459016,0.409836065573771,450"
20260208000000,cointelegraph.com,https://cointelegraph.com/news/bitcoin-difficulty-drops-11-worst-2021-china-ban,Bitcoin Mining Difficulty Drops by 11% Amid Steep Market Downturn,"-6.97674418604651,0.422832980972516,7.39957716701903,7.82241014799154,18.3932346723044,0.845665961945032,418"
20260208000000,cointelegraph.com,https://cointelegraph.com/news/23expect-interest-rate-cut-fomc-march,23% of Investors Forecast Rate Cut at March FOMC Meeting,"-2.45231607629428,1.36239782016349,3.81471389645777,5.17711171662125,28.3378746594005,0.544959128065395,345"
20260207234500,coindesk.com,https://www.coindesk.com/markets/2026/02/06/broad-based-bitcoin-accumulation-emerges-after-sharp-capitulation,"Bitcoin price analysis: BTC is seeing accumulation across all cohorts, according to Glassnode","-0.704225352112676,1.05633802816901,1.76056338028169,2.8169014084507,21.830985915493,1.05633802816901,257"
20260222123000,newsbtc.com,https://www.newsbtc.com/news/bitcoin/bitcoin-otc-balance-records-rapid-outflows-whats-next-for-price/,Bitcoin OTC Balance Records Rapid Outflows &#x2014; What's Next For Price?,"-0.233644859813084,2.10280373831776,2.33644859813084,4.4392523364486,25.4672897196262,0,410"
20260222123000,newsbtc.com,https://www.newsbtc.com/news/bitcoin/bitcoins-2-year-pattern-revealed-12-green-months-out-of-24/,Bitcoin's 2-Year Pattern Revealed: 12 Green Months Out Of 24,"-1.52380952380952,1.14285714285714,2.66666666666667,3.80952380952381,25.9047619047619,0,471"
20260222123000,newsbtc.com,https://www.newsbtc.com/news/bitcoin/bitcoin-sharpe-ratio-falls-to-38-why-this-is-super-bullish-according-to-analyst/,"Bitcoin Sharpe Ratio Falls To -38: Why This Is Super Bullish, According To Analyst","-1.85758513931889,2.78637770897833,4.64396284829721,7.43034055727554,21.3622291021672,0,299"
20260222111500,cointelegraph.com,https://cointelegraph.com/news/bitdeer-sells-bitcoin-treasury-zero-holdings,"Bitcoin Miner Bitdeer Liquidates Entire BTC Treasury, Holdings Fall to Zero","-0.467289719626168,2.10280373831776,2.57009345794392,4.67289719626168,23.1308411214953,0.233644859813084,389"
20260222101500,coindesk.com,https://www.coindesk.com/tech/2026/02/22/mentioning-bitcoin-or-crypto-on-ai-agent-openclaw-s-discord-will-get-you-banned,BTC news: Mentioning 'bitcoin' on AI agent OpenClaw's Discord will get you banned,"-3.34507042253521,2.8169014084507,6.16197183098592,8.97887323943662,26.056338028169,2.99295774647887,516"
20260101081500,cointelegraph.com,https://cointelegraph.com/news/us-spot-crypto-etfs-see-32-billion-inflows-2025,US Spot Crypto ETFs Raked in $32B Inflows in 2025,"1.24610591900312,2.64797507788162,1.4018691588785,4.04984423676012,19.1588785046729,0.934579439252336,558"
20260101081500,cointelegraph.com,https://cointelegraph.com/news/4-crypto-comebacks-2025-shaping-the-next-year,"2025 Crypto Comebacks: Presidential Pardons, Privacy Coin Surges","-1.17416829745597,2.64187866927593,3.8160469667319,6.45792563600783,19.7651663405088,0.782778864970646,893"
20260101093000,newsbtc.com,https://www.newsbtc.com/news/scaramucci-top-3-crypto-altcoins/,Scaramucci Picks His Top 3 Crypto Altcoins With Rate-Cut Tailwinds,"-2.3448275862069,1.51724137931034,3.86206896551724,5.37931034482759,25.7931034482759,1.6551724137931,643"
20260208043000,cointelegraph.com,https://cointelegraph.com/news/crypto-retail-investors-analyze-market-bitcoin-price-santiment,Crypto Retail Investors Are Trying To 'Meta-Analyze' Market,"-5.03778337531486,0.503778337531486,5.54156171284635,6.04534005037783,25.6926952141058,0.251889168765743,374"
20260208041500,newsbtc.com,https://www.newsbtc.com/altcoin/ethereum-price-is-not-going-to-keep-falling-forever-analyst-says/,"Ethereum Price Is Not Going To Keep Falling Forever, Analyst Tells Investors","-1.84804928131417,1.84804928131417,3.69609856262834,5.54414784394251,23.2032854209446,0,445"
20260208041500,newsbtc.com,https://www.newsbtc.com/altcoin/can-solana-price-still-reach-a-new-ath-after-crashing-to-2-year-lows/,Can Solana Price Still Reach A New All-Time High After Crashing To 2-Year Lows?,"-0.425531914893617,3.40425531914894,3.82978723404255,7.23404255319149,23.8297872340426,0,438"
20260208041500,newsbtc.com,https://www.newsbtc.com/news/bitcoin/bitcoin-in-deep-conviction-zone/,"Bitcoin Drifts Into A Deep Conviction Zone, Smart Money Stays Patient","-2.16919739696312,3.25379609544469,5.42299349240781,8.67678958785249,24.0780911062907,0,426"
20260201063000,cointelegraph.com,https://cointelegraph.com/news/sol-drops-to-95-as-bitcoin-ai-stocks-and-gold-sell-off-will-traders-buy-the-dip,"SOL Falls To $95 As Bitcoin, Gold, Silver Sell-off: What's Next?","-2.60736196319018,2.45398773006135,5.06134969325153,7.51533742331288,17.9447852760736,1.68711656441718,582"
20260201063000,cointelegraph.com,https://cointelegraph.com/news/bitcoin-s-price-may-have-seen-deepest-pullback-at-77k-analyst,'Decent Chance' Bitcoin Already Bottomed at $77K: Analyst,"-1.53846153846154,2.30769230769231,3.84615384615385,6.15384615384615,25.6410256410256,0.769230769230769,345"
20260115071500,newsbtc.com,https://www.newsbtc.com/analysis/xrp/pundit-reveals-the-biggest-enemy-of-xrp-investors-as-price-struggles-at-2/,Pundit Reveals The Biggest Enemy Of XRP Investors As Price Struggles At $2,"-1.19521912350598,0.99601593625498,2.19123505976096,3.18725099601594,25.0996015936255,0,462"
20260115071500,newsbtc.com,https://www.newsbtc.com/bitcoin-news/bitcoin-bulls-take-control-futures-positioning-turns-bullish-for-first-time-since-october/,Bitcoin Bulls Take Control: Futures Positioning Turns Bullish for First Time Since October,"-1.37174211248285,2.74348422496571,4.11522633744856,6.85871056241427,25.9259259259259,0,678"
20260115071500,newsbtc.com,https://www.newsbtc.com/bitcoin-news/og-bitcoin-selling-slows-sharply-long-dormant-coins-go-quiet/,OG Bitcoin Selling Slows Sharply: Long-Dormant Coins Go Quiet,"-1.86170212765957,2.26063829787234,4.12234042553191,6.38297872340426,27.3936170212766,0.132978723404255,708"
20260115071500,newsbtc.com,https://www.newsbtc.com/altcoin/ethereum-could-surge-to-7500-and-leave-bitcoin-behind-banking-giant-says/,"Ethereum Could Surge To $7,500 And Leave Bitcoin Behind, Banking Giant Says","0.416666666666667,2.91666666666667,2.5,5.41666666666667,24.1666666666667,0,417"
20260115071500,newsbtc.com,https://www.newsbtc.com/analysis/doge/dogecoin-doge-meets-resistance-0-150/,"Dogecoin (DOGE) Meets Resistance and Hesitates, Market Tone Changes","1.12866817155756,3.6117381489842,2.48306997742664,6.09480812641084,27.0880361173815,0.225733634311512,375"
20260115071500,newsbtc.com,https://www.newsbtc.com/analysis/xrp/xrp-price-gives-back-momentum-2-080/,"XRP Price Gives Back Momentum, Traders Reassess the Bullish Setup","-1.12866817155756,2.70880361173815,3.83747178329571,6.54627539503386,28.8939051918736,0,416"
20260115071500,newsbtc.com,https://www.newsbtc.com/analysis/btc/bitcoin-price-clears-the-ceiling-95k/,Bitcoin Price Clears the Ceiling&#x2014;Is $100K the Next Test?,"1.78970917225951,3.57941834451902,1.78970917225951,5.36912751677852,29.082774049217,0,392"
20260115071500,newsbtc.com,https://www.newsbtc.com/analysis/eth/ethereum-price-upside-3400/,"Ethereum Price Upside Bid Fades, Can Bulls Hold the Line?","0.662251655629139,3.09050772626932,2.42825607064018,5.51876379690949,28.0353200883002,0,406"
20260215223000,coindesk.com,https://www.coindesk.com/policy/2026/02/16/hong-kong-is-trying-to-build-up-its-crypto-regulations-state-of-crypto,Hong Kong is trying to build up its crypto regulations: State of Crypto,"1.85497470489039,2.36087689713322,0.505902192242833,2.86677908937605,23.6087689713322,2.19224283305228,544"
20260110100000,newsbtc.com,https://www.newsbtc.com/news/bitcoin/bitcoin-top-not-in-at-126000/,"Bitcoin Top Is Not In At $126,000, According To The Business Cycle, Here's Why","-0.192678227360308,1.54142581888247,1.73410404624277,3.27552986512524,23.3140655105973,0,483"
20260228084500,cointelegraph.com,https://cointelegraph.com/news/mt-gox-former-ceo-proposes-hard-fork-recover-lost-bitcoin,Mt. Gox's Karpeles Floats Hard Fork Recover $5.2B Bitcoin,"-3.58255451713396,2.33644859813084,5.9190031152648,8.25545171339564,21.4953271028037,0,570"
20260228084500,cointelegraph.com,https://cointelegraph.com/news/bitcoin-price-drops-63k-us-israel-bomb-iran,"US, Israel Move on Iran Forces Bitcoin Toward $63,000","-2.62582056892779,2.40700218818381,5.0328227571116,7.43982494529541,21.6630196936543,2.40700218818381,408"
20260228074500,coindesk.com,https://www.coindesk.com/markets/2026/02/28/bitcoin-slides-under-usd64-000-as-u-s-and-israel-launch-strikes-on-iran,"Bitcoin drops to $63,000 as U.S. and Israel launch strikes on Iran","-5.60747663551402,0,5.60747663551402,5.60747663551402,17.2897196261682,0,189"
20260228074500,coindesk.com,https://www.coindesk.com/markets/2026/02/28/bitcoin-slides-to-usd65-000-in-weekend-sell-off-with-solana-xrp-dogecoin-down-6,"Bitcoin price news: BTC slides to $65,000, Solana, XRP, dogecoin down 6%","-3.09477756286267,1.1605415860735,4.25531914893617,5.41586073500967,23.0174081237911,0,458"
20260222031500,newsbtc.com,https://www.newsbtc.com/news/bitcoin-market-resets-with-deleveraging/,Bitcoin Market Resets With 28% Deleveraging &#x2014; What Next?,"-4.27807486631016,1.06951871657754,5.3475935828877,6.41711229946524,26.2032085561497,0.267379679144385,354"
20260215190000,newsbtc.com,https://www.newsbtc.com/news/bitcoin/bitcoin-price-to-bottom-at-45k-on-chain-indicator-says-yes/,Bitcoin Price To Bottom At $45K? On-Chain Indicator Says Yes,"0,3.11890838206628,3.11890838206628,6.23781676413255,26.1208576998051,0,468"
20260215213000,cointelegraph.com,https://cointelegraph.com/news/michael-saylor-signals-strategy-buy-bitcoin,Saylor Signals Week 12 of Consecutive Bitcoin Buys From Strategy,"0.235849056603773,4.95283018867925,4.71698113207547,9.66981132075472,21.4622641509434,0,387"
20260207233000,newsbtc.com,https://www.newsbtc.com/xrp-news/xrp-price-above-1-5-whales-are-behind-it/,XRP Price Returns Above $1.5 &#x2014; On-Chain Data Says Whales Are Behind It,"-0.735294117647059,1.96078431372549,2.69607843137255,4.65686274509804,24.7549019607843,0,379"
20260207233000,newsbtc.com,https://www.newsbtc.com/news/bitcoin/bitcoin-taker-buy-ratio-signals-peak-bearish-sentiment/,Bitcoin Taker Buy Ratio Signals Peak Bearish Sentiment &#x2014; Relief Soon?,"-3.46666666666667,1.06666666666667,4.53333333333333,5.6,25.6,0.266666666666667,354"
20260207233000,newsbtc.com,https://www.newsbtc.com/news/bitcoin/forget-a-bitcoin-yearly-top/,"Forget A Bitcoin Yearly Top, BTC Price Might Have Hit A 16-Year Cyclical Peak","-2.56916996047431,0.790513833992095,3.3596837944664,4.1501976284585,23.3201581027668,0,469"
20260222063000,cointelegraph.com,https://cointelegraph.com/news/crypto-investors-explore-assets-bitcoin-ethereum-market-uncertainty-robinhood,Crypto Investors Move 'Pretty Wide' Amid Dip: Robinhood Exec,"-0.4,2,2.4,4.4,20,1,459"
20260222063000,cointelegraph.com,https://cointelegraph.com/news/bitcoin-price-uptrend-economist-forecast-december,Bitcoin Sees 50% of Past 24 Months Close Positive: Economist,"-1.0443864229765,1.0443864229765,2.088772845953,3.1331592689295,19.3211488250653,0.261096605744125,342"
20260131160000,coindesk.com,https://www.coindesk.com/policy/2026/01/31/u-s-imposes-sanctions-on-crypto-exchanges-tied-to-iran-for-first-time,U.S. sanctions crypto exchanges tied to Iran for first time after brutal protest crackown,"-3.3112582781457,2.31788079470199,5.62913907284768,7.94701986754967,15.8940397350993,0.993377483443709,273"
20260131160000,coindesk.com,https://www.coindesk.com/business/2026/01/31/nyse-s-24-7-plan-could-fix-key-problem-for-stock-tokens-ondo-s-de-bode-says,Ondo exec says NYSE's 24/7 tokenized stock plan would be a 'godsend',"0.75046904315197,2.6266416510319,1.87617260787993,4.50281425891182,22.1388367729831,1.50093808630394,476"
20260131160000,coindesk.com,https://www.coindesk.com/markets/2026/01/31/bitcoin-plunges-under-usd81-000-amid-reports-of-iran-explosions-and-binance-spat,"Bitcoin price news: What next as BTC plunges under $81,000","-6.78466076696165,1.17994100294985,7.9646017699115,9.14454277286136,20.353982300885,0.884955752212389,320"
20260131160000,coindesk.com,https://www.coindesk.com/markets/2026/01/31/eth-sol-and-doge-slide-7-as-usd850-million-bullish-bets-end-up-liquidated,"ETH, SOL, DOGE price news: Tokens drop 6% as weekend liquidations hit crypto majors","-8.12324929971989,0.560224089635854,8.68347338935574,9.2436974789916,21.8487394957983,0.840336134453782,316"
20260131161500,cointelegraph.com,https://cointelegraph.com/news/bitcoin-vs-gold-btc-better-opportunity-than-2017,Bitcoin Vs. Gold: 'Better Opportunity to Buy' BTC Than 2017,"2.53378378378378,4.39189189189189,1.85810810810811,6.25,26.3513513513513,0.168918918918919,537"
20260131161500,cointelegraph.com,https://cointelegraph.com/news/active-solana-addresses-spike-115-four-in-ten-merchants-take-bitcoin-month-in-charts,"Active Solana Addresses Spike, More Merchants Take Bitcoin","-2.46252676659529,1.9271948608137,4.38972162740899,6.3169164882227,21.4132762312634,1.07066381156317,851"
20260103114500,cointelegraph.com,https://cointelegraph.com/news/bitcoin-hacker-ilya-lichtenstein-released-early-first-step-act,"Billion-Dollar Bitcoin Hacker Ilya Lichtenstein Released, Thanks Trump","-4.22832980972516,2.95983086680761,7.18816067653277,10.1479915433404,23.4672304439746,0.211416490486258,429"
20260103114500,cointelegraph.com,https://cointelegraph.com/news/bitmine-stakes-259m-eth-validator-queue-nears-1m,BitMine Stakes $259M More ETH as Validator Queue Nears 1M Ether,"0.227790432801822,1.82232346241458,1.59453302961276,3.41685649202733,23.0068337129841,0,392"
20260103114500,cointelegraph.com,https://cointelegraph.com/news/bitcoin-price-90k-breakout-hangs-in-balance-us-storms-venezuela,"Bitcoin Becomes a Yardstick for Venezuela Reaction at $90,000","1.37254901960784,3.13725490196078,1.76470588235294,4.90196078431373,18.0392156862745,1.37254901960784,465"
20260118021500,newsbtc.com,https://www.newsbtc.com/news/ethereum/ethereum-structural-strength/,"Ethereum Maintains Structural Strength Despite Resistance Near $3,400","2.96610169491525,5.72033898305085,2.75423728813559,8.47457627118644,26.6949152542373,0,449"
20260101000000,newsbtc.com,https://www.newsbtc.com/news/dogecoin/dogecoin-price-reach-1-2026/,Can Dogecoin Price Reach $1 In 2026? Analysts Reveal What To Expect,"0.671140939597315,2.51677852348993,1.84563758389262,4.36241610738255,23.8255033557047,0,552"
20260101000000,newsbtc.com,https://www.newsbtc.com/analysis/xrp/330-xrp-price-surge-after-this/,Standard Chartered Analysts Predict 330% XRP Price Surge After This Happens,"1.11111111111111,2.22222222222222,1.11111111111111,3.33333333333333,21.1111111111111,0,511"
20260101000000,newsbtc.com,https://www.newsbtc.com/bitcoin-news/bitcoin-miner-distribution-re-emerges-btc-enters-a-fragile-price-phase/,Bitcoin Miner Distribution Re-Emerges: BTC Enters A Fragile Price Phase,"-4.09276944065484,1.63710777626194,5.72987721691678,7.36698499317872,27.012278308322,0,683"
20260215064500,bitcoinmagazine.com,https://bitcoinmagazine.com/markets/bitcoin-price-reclaims-70000-after-feb,"Bitcoin Price Reclaims $70,000 After Deep February Slide","-3.83747178329571,2.48306997742664,6.32054176072235,8.80361173814898,21.6704288939052,0,397"
20260215064500,cointelegraph.com,https://cointelegraph.com/news/bitcoin-quantum-computing-risk-institutions-developers,Bitcoin Devs' Inaction on Quantum Will Frustrate Institutions: VC,"-4.27350427350427,1.4957264957265,5.76923076923077,7.26495726495727,22.2222222222222,0.854700854700855,427"
20260125050000,newsbtc.com,https://www.newsbtc.com/altcoin/analyst-says-youre-not-bullish-enough-on-ethereum-what-does-he-mean/,"Analyst Says You're Not Bullish Enough On Ethereum, What Does He Mean?","-1.77514792899408,1.38067061143984,3.15581854043393,4.53648915187377,25.6410256410256,0,466"
20260125023000,cointelegraph.com,https://cointelegraph.com/news/bitcoin-payment-held-back-tax-scaling-tech,Current Tax Policies Are the Biggest Obstacle to BTC Payments: Crypto Exec,"-3.57142857142857,3.06122448979592,6.63265306122449,9.69387755102041,19.1326530612245,1.27551020408163,359"
20260125023000,cointelegraph.com,https://cointelegraph.com/news/bitcoin-etfs-outflow-streak-crypto-sentiment-down,Bitcoin ETFs Lose $1.72B in Five-Day Outflow Streak,"-4.54545454545455,0.956937799043062,5.50239234449761,6.45933014354067,27.0334928229665,1.19617224880383,389"
20260209034500,cointelegraph.com,https://cointelegraph.com/news/only-10k-bitcoin-quantum-risk-coinshares,Only 10K Bitcoin is Quantum-Vulnerable and Worth Attacking,"-5.4585152838428,1.74672489082969,7.20524017467249,8.95196506550218,22.707423580786,0,412"
20260209034500,newsbtc.com,https://www.newsbtc.com/analysis/eth/ethereum-price-builds-tension-2200/,"Ethereum Price Builds Tension Below Resistance, Breakout Risk Rising","0.666666666666667,2.88888888888889,2.22222222222222,5.11111111111111,28,0,408"
20260209034500,newsbtc.com,https://www.newsbtc.com/analysis/btc/bitcoin-price-cools-above-70k/,"Bitcoin Price Cools Above $70K, Breakout Battle Near $72K Looms","0.921658986175115,2.99539170506912,2.07373271889401,5.06912442396313,28.5714285714286,0,387"
20260209041500,coindesk.com,https://www.coindesk.com/markets/2026/02/09/takaichi-triumph-japan-s-record-56-000-nikkei-surge-sends-bitcoin-to-usd72-000-gold-past-usd5-000,"Takaichi Triumph: Japan's record 56,000 Nikkei surge sends bitcoin to $72,000, gold past $5,000","1.86915887850467,4.67289719626168,2.80373831775701,7.47663551401869,21.9626168224299,1.4018691588785,197"
20260110061500,newsbtc.com,https://www.newsbtc.com/news/solana-to-retest-november-lows-after-144-rejection-but-analysts-remain-bullish/,"Solana To Retest November Lows, But Analysts Remain Bullish","-0.871080139372823,1.91637630662021,2.78745644599303,4.70383275261324,21.2543554006969,0.348432055749129,529"
20260110061500,newsbtc.com,https://www.newsbtc.com/bitcoin-news/cvdd-model-signals-bitcoin-is-not-yet-deeply-undervalued-drawdown-lags-historical-cycles/,CVDD Model Signals Bitcoin Is Not Yet Deeply Undervalued: Drawdown Lags Historical Cycles,"-3.47043701799486,1.2853470437018,4.75578406169666,6.04113110539846,26.2210796915167,0,715"
20260215094500,newsbtc.com,https://www.newsbtc.com/sponsored/bear-market-survivors-liquidchain-liquid-and-the-case-for-the-best-altcoin-to-buy/,Bear Market Survivors: LiquidChain ($LIQUID) and the Case for the Best Altcoin to Buy,"0.960219478737996,4.38957475994513,3.42935528120713,7.81893004115226,21.3991769547325,0,648"
20260215094500,newsbtc.com,https://www.newsbtc.com/news/bitcoin/bitcoin-historical-data-offers-clues-on-potential-market-reversal-details/,Bitcoin Historical Data Offers Clues On Potential Market Reversal,"-0.821917808219178,1.64383561643836,2.46575342465753,4.10958904109589,26.027397260274,0,338"
20260105064500,cointelegraph.com,https://cointelegraph.com/news/expert-debunks-9-common-myths-about-bitcoin-mining-energy-use,Expert Debunks Nine Bitcoin Mining Environmental Myths,"-3.17460317460317,2.16450216450216,5.33910533910534,7.5036075036075,24.0981240981241,0,616"
20260105064500,cointelegraph.com,https://cointelegraph.com/news/bitcoin-devs-flock-back-more-contributors-code,"Bitcoin Core Development Rises in 2025 With More Devs, Code","-0.284900284900285,1.42450142450142,1.70940170940171,3.13390313390313,19.0883190883191,0,307"
20260105064500,cointelegraph.com,https://cointelegraph.com/news/pwc-leaning-crypto-us-regulation,PwC Leaned Into Crypto After US Regulatory Shift,"2.22222222222222,3.11111111111111,0.888888888888889,4,16.8888888888889,3.11111111111111,409"
20260105064500,cointelegraph.com,https://cointelegraph.com/news/memecoins-post-holiday-rally-23-percent,Memecoins Jump 23% Post-Holiday as Traders Return,"-1.53172866520788,1.31291028446389,2.84463894967177,4.15754923413567,20.1312910284464,0.218818380743982,413"
20260105064500,cointelegraph.com,https://cointelegraph.com/news/blockchain-trilemma-solved-zkevms-and-peerdas-vitalik-buterin,Vitalik Buterin Claims ZK-EVMs And PeerDAS Have Solved Blockchain Trilemma,"1.64271047227926,3.69609856262834,2.05338809034908,5.74948665297741,20.1232032854209,0.410677618069815,404"
20260105064500,cointelegraph.com,https://cointelegraph.com/news/trump-hints-colombia-mexico-next-after-maduro-capture,Colombia and Mexico Potentially Next on Trump's Hit List,"-2.89473684210526,1.84210526315789,4.73684210526316,6.57894736842105,25.5263157894737,2.89473684210526,354"
20260105070000,newsbtc.com,https://www.newsbtc.com/analysis/btc/bitcoin-price-surges-92k/,"Bitcoin Price Surges Beyond Resistance, Market Sentiment Flips Bullish","2.61437908496732,4.13943355119826,1.52505446623094,5.66448801742919,28.322440087146,0,406"
20260105070000,newsbtc.com,https://www.newsbtc.com/analysis/eth/ethereum-price-rallies-to-3200/,"Ethereum Price Rallies to $3,200, Bulls Press for Further Upside","1.54185022026432,3.52422907488987,1.98237885462555,5.50660792951542,28.4140969162996,0,407"
20260105070000,newsbtc.com,https://www.newsbtc.com/analysis/solana-sol-reclaims-132/,"Solana (SOL) Reclaims 132 Level, Momentum Turns Sharply Bullish","2.40963855421687,4.33734939759036,1.92771084337349,6.26506024096386,30.6024096385542,0.240963855421687,397"
20260105070000,newsbtc.com,https://www.newsbtc.com/analysis/xrp/xrp-price-explodes-higher-2-165/,"XRP Price Explodes Higher, Unstoppable Rally Captures Trader Attention","1.55902004454343,3.34075723830735,1.78173719376392,5.12249443207127,28.7305122494432,0,417"
20260105063000,coindesk.com,https://www.coindesk.com/markets/2026/01/05/asia-morning-briefing-data-shows-legacy-media-took-a-more-balanced-view-of-bitcoin-in-2025,Asia Morning Briefing: Data shows legacy media took a more balanced view of bitcoin in 2025,"-4.2674253200569,2.13371266002845,6.40113798008535,8.5348506401138,18.9189189189189,0.42674253200569,638"
20260105063000,coindesk.com,https://www.coindesk.com/markets/2026/01/05/bitcoin-eyes-longest-daily-winning-streak-in-3-months,Bitcoin eyes longest daily winning streak in 3 months,"-2.94117647058824,3.13725490196078,6.07843137254902,9.2156862745098,19.8039215686275,0.980392156862745,455"
20260105063000,coindesk.com,https://www.coindesk.com/markets/2026/01/05/crypto-markets-continue-new-year-run-as-bitcoin-briefly-hits-usd93k-ether-rallies,"Bitcoin price: hits $93,000, ether tops $3,000 as Venezuela president Maduro in U.S. custody","-2.77136258660508,1.15473441108545,3.92609699769053,5.08083140877598,19.6304849884527,1.15473441108545,391"
20260101233000,newsbtc.com,https://www.newsbtc.com/bitcoin-news/why-bitcoin-extremely-bearish/,Analyst Reveals Why The Bitcoin Price Is Extremely Bearish Right Now,"-2.55402750491159,2.16110019646365,4.71512770137525,6.8762278978389,21.8074656188605,0,469"
20260101233000,newsbtc.com,https://www.newsbtc.com/bitcoin-news/reason-bitcoin-stuck-futures-trading-dwarfs-etfs-20-to-1/,The Reason Bitcoin Is Stuck: Futures Trading Dwarfs ETFs 20-To-1,"-3.5230352303523,0.677506775067751,4.20054200542005,4.8780487804878,26.6937669376694,0.13550135501355,679"
20260101223000,cointelegraph.com,https://cointelegraph.com/news/bitcoin-options-under-fire-as-covered-calls-take-center-stage,Bitcoin Options Are Not Capping BTC Price,"-1.67095115681234,3.34190231362468,5.01285347043702,8.3547557840617,25.8354755784062,0.12853470437018,708"
20260101223000,cointelegraph.com,https://cointelegraph.com/news/crypto-investment-themes-2026-bitcoin-stablecoins-tokenized-assets,"Crypto Investment Themes for 2026: Bitcoin, Stablecoins and RWAs","-0.968366688185927,2.13040671400904,3.09877340219496,5.229180116204,22.0787604906391,0.451904454486766,1398"
20260101223000,cointelegraph.com,https://cointelegraph.com/news/losses-crypto-hacks-down-60-december,December Crypto Hacks Down 60% Month-Over-Month: PeckShield,"-9.66850828729282,1.93370165745856,11.6022099447514,13.5359116022099,20.4419889502762,0,335"
20260101223000,cointelegraph.com,https://cointelegraph.com/news/flow-recovery-plan-exchange-exploit,Flow Remediation Plan to $3.9M Exploit Continues with EVM Progress,"-4.47761194029851,1.74129353233831,6.21890547263682,7.96019900497512,26.3681592039801,0,371"
20260101223000,cointelegraph.com,https://cointelegraph.com/news/bitcoin-rsi-demands-breakout-exec-says-rip-4-year-btc-price-cycle,Bitcoin Price Volatility Signals Ignite for 2026 TradFi Return,"-0.940438871473354,2.35109717868339,3.29153605015674,5.64263322884013,22.7272727272727,0.626959247648903,563"
20260106020000,newsbtc.com,https://www.newsbtc.com/news/binance-sees-massive-whale-inflows-but-demand-looks-thin-details/,"Binance Sees Massive Whale Inflows, But Demand Looks Thin","-2.41448692152918,1.00603621730382,3.420523138833,4.42655935613682,24.9496981891348,0.402414486921529,456"
20260106020000,newsbtc.com,https://www.newsbtc.com/bitcoin-news/bitcoins-recovery-extends-into-2026-as-charts-hint-at-another-leg-higher/,Bitcoin's Recovery Extends Into 2026 as Charts Hint at Another Leg Higher,"-1.21457489878543,2.83400809716599,4.04858299595142,6.88259109311741,27.1255060728745,0,444"
20260106020000,newsbtc.com,https://www.newsbtc.com/news/pepe-coin/pepe-explodes-64-but-analyst-breakdown-retest/,"PEPE Explodes 62%, But Analyst Warns Of Breakdown Retest","0,1.14285714285714,1.14285714285714,2.28571428571429,25.9047619047619,0,483"
20260117213000,bitcoinmagazine.com,https://bitcoinmagazine.com/news/steak-n-shake-adds-10m-in-bitcoin,"Steak 'n Shake Adds $10,000,000 In Bitcoin To Treasury","2.29357798165138,3.89908256880734,1.60550458715596,5.5045871559633,22.0183486238532,0.917431192660551,397"
20260117213000,newsbtc.com,https://www.newsbtc.com/news/ethereum/ethereum-futures-volume-hits-highest-level-on-binance-since-mid-december-details/,Ethereum Futures Volume Hits Highest Level On Binance Since Mid-December &#x2014; Details,"-1.20772946859903,0.966183574879227,2.17391304347826,3.14009661835749,24.1545893719807,0,396"
20260117213000,newsbtc.com,https://www.newsbtc.com/news/bitcoin/bitcoin-holds-key-support/,"Bitcoin Holds Key Support As Weekend Liquidity Sets In &#x2014; $98,200 And $107,500 In Focus","1.6359918200409,2.86298568507157,1.22699386503067,4.08997955010225,28.4253578732106,0.204498977505113,461"
20260117223000,cointelegraph.com,https://cointelegraph.com/news/obscure-laws-stall-bitcoin-reserve-white-house,Crypto Council: BTC Reserve Is a 'Priority' but Legalities Hinder Process,"0.819672131147541,3.27868852459016,2.45901639344262,5.73770491803279,23.9754098360656,1.4344262295082,448"
20260117223000,cointelegraph.com,https://cointelegraph.com/news/steak-n-shake-10m-increase-bitcoin,Steak 'n Shake Says Bitcoin Stash Grew by $10 Million in Value,"2.48138957816377,2.97766749379653,0.496277915632754,3.47394540942928,21.0918114143921,0.496277915632754,352"
20260104164500,newsbtc.com,https://www.newsbtc.com/news/bitcoin/bitcoin-faces-test-after-venezuela-attack-but-analyst-sees-no-major-pullback/,"Bitcoin Faces Test After Venezuela Attack, Analyst Says","-4.3630017452007,1.39616055846422,5.75916230366492,7.15532286212914,24.0837696335079,1.2216404886562,525"
20260104164500,newsbtc.com,https://www.newsbtc.com/news/dogecoin/dogecoin-enters-crucial-zone-price-to-0-2/,Dogecoin Enters Crucial Accumulation Zone &#x2014; DOGE Price To $0.2?,"0.86767895878525,2.16919739696312,1.30151843817787,3.470715835141,23.8611713665944,0,424"
20260104160000,cointelegraph.com,https://cointelegraph.com/news/crypto-rich-leave-california-new-tax-bluff,Will Crypto Billionaires Actually Leave California After New Tax?,"-3.96518375241779,2.99806576402321,6.96324951644101,9.96131528046422,25.9187620889749,0.193423597678917,968"
20260104160000,cointelegraph.com,https://cointelegraph.com/news/wrench-attacks-crypto-holders-rising-more-violent,Wrench Attacks Against Crypto Holders Are Rising and More Violent,"-9.25507900677201,1.58013544018059,10.8352144469526,12.4153498871332,21.6704288939052,0.451467268623025,399"
20260221223000,newsbtc.com,https://www.newsbtc.com/news/bitcoin/bitcoin-whale-profit-taking-sees-7th-surge/,Bitcoin Whale Profit-Taking Sees 7th Surge Since 2024 &#x2014; What To Expect,"0,3.66492146596859,3.66492146596859,7.32984293193717,23.5602094240838,0,347"
20260221223000,newsbtc.com,https://www.newsbtc.com/bitcoin-news/bitcoin-liquidity-battles-heat-up/,Bitcoin Liquidity Battles Heat Up As Demand Shows First Positive Print,"-1.23456790123457,2.46913580246914,3.7037037037037,6.17283950617284,24.2798353909465,0,459"
20260221210000,cointelegraph.com,https://cointelegraph.com/news/crypto-retraces-gains-2024-2025-pump,Crypto Market Gives Back Nearly All Gains from 2024 and 2025 in Round Trip,"-3.08483290488432,0.51413881748072,3.59897172236504,4.11311053984576,17.7377892030848,0.51413881748072,340"
20260221210000,cointelegraph.com,https://cointelegraph.com/news/us-lawmakers-critical-tariffs-derail-economy,Trump's Tariff Announcement Met With a Torrent of Criticism,"-2.88461538461538,1.20192307692308,4.08653846153846,5.28846153846154,25.2403846153846,2.64423076923077,374"
20260221193000,coindesk.com,https://www.coindesk.com/business/2026/02/21/inside-france-s-strict-rules-for-selling-majority-stake-of-its-state-energy-cloud-to-u-s-bitcoin-miner,Inside France's strict conditions for selling $168 million stake of its state-owned energy cloud to U.S. bitcoin miner,"2.23048327137546,2.97397769516729,0.743494423791822,3.71747211895911,21.5613382899628,2.23048327137546,253"
20260221193000,coindesk.com,https://www.coindesk.com/markets/2026/02/21/bitcoin-price-slips-after-trump-hikes-worldwide-tariff-to-15-from-10-despite-supreme-court-decision,Bitcoin price slips after Trump hikes worldwide tariff to 15% from 10% despite Supreme Court decision,"1.21457489878543,2.83400809716599,1.61943319838057,4.45344129554656,22.6720647773279,1.21457489878543,231"
20260221193000,coindesk.com,https://www.coindesk.com/markets/2026/02/21/bitcoin-echoes-late-2022-bear-market-bottom-k33-says,Bitcoin price analysis: BTC at attractive levels for patient investors,"-3.7593984962406,1.69172932330827,5.45112781954887,7.14285714285714,23.4962406015038,1.31578947368421,464"
20260221193000,coindesk.com,https://www.coindesk.com/markets/2026/02/21/how-ai-is-helping-retail-traders-exploit-prediction-market-glitches-to-make-easy-money,How AI is helping retail traders exploit prediction market 'glitches' to make easy money,"-0.362581580855692,3.11820159535896,3.48078317621465,6.5989847715736,24.2204496011603,0.217548948513416,1268"
20260124233000,coindesk.com,https://www.coindesk.com/markets/2026/01/24/here-s-why-bitcoin-s-is-failing-its-role-as-a-safe-haven-versus-gold,Here's why bitcoin's been failing its role as a 'digital gold',"-3.45528455284553,4.8780487804878,8.33333333333333,13.2113821138211,26.8292682926829,0.609756097560976,440"
20260125000000,newsbtc.com,https://www.newsbtc.com/news/chainlink/chainlink-big-move-is-loading/,"Chainlink On Standby: A Big Move Is Loading, But Bitcoin Decides","-1.50214592274678,4.07725321888412,5.5793991416309,9.65665236051502,26.8240343347639,0,441"
20260117170000,newsbtc.com,https://www.newsbtc.com/news/bitcoin/saylor-defends-bitcoin-treasury-firms-amid-rising-criticism/,Saylor Defends Bitcoin Treasury Firms Amid Rising Criticism,"-2.45098039215686,2.45098039215686,4.90196078431373,7.35294117647059,25.4901960784314,0,381"
20260117170000,newsbtc.com,https://www.newsbtc.com/news/bitcoin/bitcoin-net-taker-volume-finally-flips-positive/,Bitcoin Net Taker Volume Finally Flips Positive &#x2014; Why This Shift Matters,"0.441501103752759,3.09050772626932,2.64900662251656,5.73951434878587,24.0618101545254,0,416"
20260207083000,coindesk.com,https://www.coindesk.com/markets/2026/02/07/ether-s-recent-crash-below-usd2-000-leaves-usd686-million-gaping-hole-in-trading-firm-s-book,Ether's crash leaves $686 million gaping hole in trading firm's book,"-3.1390134529148,1.34529147982063,4.48430493273543,5.82959641255605,26.0089686098655,1.34529147982063,407"
20260207084500,newsbtc.com,https://www.newsbtc.com/news/bitcoin/bitcoin-sell-off-may-be-done-analyst-flags-recovery-signs/,"Bitcoin Sell-Off May Be Done, Analyst Flags Recovery Signs","0,2.67639902676399,2.67639902676399,5.35279805352798,29.4403892944039,0.97323600973236,375"
20260207084500,newsbtc.com,https://www.newsbtc.com/bitcoin-news/kevin-warsh-bitcoin-regime-shift-jeff-park/,"Kevin Warsh Will Trigger Bitcoin Regime Shift, Jeff Park Says","-0.902708124373119,3.61083249749248,4.5135406218656,8.12437311935808,24.8746238716148,1.30391173520562,886"
20260207084500,newsbtc.com,https://www.newsbtc.com/bitcoin-news/bitcoin-must-fall-90-for-years-to-pressure-strategys-debt-ceo-says/,"Bitcoin Must Fall 90% For Years To Pressure Strategy's Debt, CEO Says","0.317965023847377,3.97456279809221,3.65659777424483,7.63116057233704,22.5755166931638,0,558"
20260207084500,newsbtc.com,https://www.newsbtc.com/bitcoin-news/top-analyst-says-paper-bitcoin-is-driving-the-market-not-the-21-million-supply-cap/,"Top Analyst Says 'Paper Bitcoin' Is Driving The Market, Not The 21 Million Supply Cap","-3.725782414307,1.19225037257824,4.91803278688525,6.11028315946349,23.2488822652757,0,610"
20260207083000,coindesk.com,https://www.coindesk.com/fr/price/hedera,"Hedera Hashgraph prix aujourd'hui, HBAR prix en direct en USD, capitalisation boursi&#xE8;re et graphique","0.529100529100529,2.11640211640212,1.58730158730159,3.7037037037037,16.4021164021164,0,174"
20260207090000,cointelegraph.com,https://cointelegraph.com/news/bitcoin-google-search-volume-surges-btc-price-volatility,Google Search Volume For 'Bitcoin' Surges Amid $60K Plunge,"-2.63852242744063,0.263852242744063,2.9023746701847,3.16622691292876,23.2189973614776,0.79155672823219,338"
20260207090000,cointelegraph.com,https://cointelegraph.com/news/blackrock-bitcoin-etf-ibit-flows-trading-price-btc-volatile,BlackRock Bitcoin ETF Posts $231.6M Inflows After Turbulent Week For BTC,"-2.1505376344086,0.3584229390681,2.5089605734767,2.8673835125448,15.7706093189964,0.3584229390681,249"
20260111183000,cointelegraph.com,https://cointelegraph.com/news/bitcoin-four-year-cycle-in-play-power-law-65k-retest,"Bitcoin Power Law Gives $65,000 as Key Bear Market Level","-0.779727095516569,1.75438596491228,2.53411306042885,4.28849902534113,26.3157894736842,0,452"
20260111183000,cointelegraph.com,https://cointelegraph.com/news/ethereum-bitmine-1-million-staked-eth,BitMine's Total Staked ETH Holdings Surpass 1 Million,"3.29411764705882,4.47058823529412,1.17647058823529,5.64705882352941,22.5882352941176,0,374"
20260111183000,cointelegraph.com,https://cointelegraph.com/news/monero-xmr-hits-500-first-time-since-2021-zcash-fumbles,XMR Price Reaches $500 for the First Time Since 2021 After Zcash Falls,"-2.28690228690229,3.32640332640333,5.61330561330561,8.93970893970894,20.1663201663202,0.207900207900208,435"
20260111174500,newsbtc.com,https://www.newsbtc.com/xrp-news/xrp-etfs-hit-record-trading-volume-in-past-week/,Spot XRP ETFs Hit Record Trading Volume In Past Week &#x2014;&#xA0;Details,"-0.829875518672199,0.829875518672199,1.6597510373444,2.4896265560166,16.597510373444,0.4149377593361,430"
20260111174500,newsbtc.com,https://www.newsbtc.com/news/bitcoin/bitcoin-whales-hit-the-sell-button-135k-price-target-now-trending/,"Bitcoin Whales Hit The Sell Button, $135K Target Now Trending","-1.35135135135135,1.54440154440154,2.8957528957529,4.44015444015444,26.8339768339768,0,484"
20260111174500,newsbtc.com,https://www.newsbtc.com/news/bitcoin/bitcoin-price-compresses-below-94k-but-possible-repeat-of-2025-breakout-looms/,"Bitcoin Compresses Below $94K, Possible Repeat Of '25 Breakout Looms","0.431034482758621,2.37068965517241,1.93965517241379,4.31034482758621,19.8275862068966,0,415"
20260131140000,newsbtc.com,https://www.newsbtc.com/news/bitcoin/bitcoin-estimated-leverage-ratio-spikes-to-new-high/,Bitcoin Estimated Leverage Ratio Spikes To New High &#x2014; Fresh Volatility Ahead?,"-3.11750599520384,0.719424460431655,3.83693045563549,4.55635491606715,21.3429256594724,0,389"
20260110024500,newsbtc.com,https://www.newsbtc.com/bitcoin-news/three-key-levels-for-bitcoin-top-analysts-caution-against-potential-drop-below-70000/,"Three Key Levels For Bitcoin: Top Analysts Caution Against Potential Drop Below $70,000","-0.622406639004149,2.28215767634855,2.9045643153527,5.18672199170125,24.2738589211618,0.20746887966805,443"
20260110034500,cointelegraph.com,https://cointelegraph.com/news/a16z-raises-15-billion-says-crypto-crucial-to-americas-future,A16z raises $15B Says Crypto is Crucial to Preserve US Dominance,"0,2.64705882352941,2.64705882352941,5.29411764705882,21.4705882352941,1.47058823529412,300"
20260117034500,cointelegraph.com,https://cointelegraph.com/news/doj-didnt-sell-any-bitcoin-tied-to-samourai-case,DOJ Didn't Sell Any Bitcoin Forfeited From Samourai case,"-2.45398773006135,2.76073619631902,5.21472392638037,7.97546012269939,24.5398773006135,2.14723926380368,308"
20260117024500,newsbtc.com,https://www.newsbtc.com/breaking-news-ticker/forfeited-bitcoin-linked-to-samourai-case-not-sold-confirms-white-house-crypto-advisor/,"Forfeited Bitcoin Linked To Samourai Case Not Sold, Confirms White House Crypto Advisor","-5.32687651331719,1.45278450363196,6.77966101694915,8.23244552058111,22.2760290556901,0.726392251815981,373"
20260103031500,newsbtc.com,https://www.newsbtc.com/bitcoin-news/bitcoin-data-shows-aggressive-sellers-in-control-as-btc-consolidates-below-90k/,Bitcoin Data Shows Aggressive Sellers In Control As BTC Consolidates Below $90K,"-6.46900269541779,1.07816711590297,7.54716981132075,8.62533692722372,25.8760107816712,0,701"
20260103030000,cointelegraph.com,https://cointelegraph.com/news/binance-spot-trading-pair-flow-monitoring-exploit,Binance to Remove FLOW/BTC Spot Trading Pair after Flow Exploit Report,"-4.71464019851117,1.24069478908189,5.95533498759305,7.19602977667494,26.7990074441687,0,370"
20260103030000,cointelegraph.com,https://cointelegraph.com/news/bitmine-chairman-1-000x-increase-authorized-shares-50b,Tom Lee Makes Case for Raising Authorized Share Limit to 50 Billion,"1.03734439834025,3.7344398340249,2.69709543568465,6.43153526970954,22.8215767634855,0.829875518672199,425"
20260103030000,cointelegraph.com,https://cointelegraph.com/news/aave-founder-strategy-after-governance-vote,Aave Founder Responds to Governance Vote With New Strategy,"-0.589970501474926,2.65486725663717,3.24483775811209,5.89970501474926,20.9439528023599,0,311"
20260111130000,newsbtc.com,https://www.newsbtc.com/news/ethereum/history-rhymes-ethereum-sentiment-matches-pre-rally-conditions/,History Rhymes? Ethereum Sentiment Matches Pre-Rally Conditions,"-1.54738878143133,1.93423597678917,3.4816247582205,5.41586073500967,23.7911025145068,0.580270793036751,464"
20260111130000,newsbtc.com,https://www.newsbtc.com/altcoin/xrp-back-at-the-edge-will-breaking-2-barrier-rewrite-its-history/,XRP Back At The Edge: Will Breaking $2 Barrier Rewrite Its History?,"0.196463654223969,2.35756385068762,2.16110019646365,4.51866404715128,23.7721021611002,0,462"
20260111130000,newsbtc.com,https://www.newsbtc.com/news/bitcoin/bitcoin-sth-sopr-rises-above-1-a-trend-reversal-signal/,Bitcoin STH SOPR Rises Above 1 &#x2014; A Trend Reversal Signal?,"0.414937759336099,2.9045643153527,2.4896265560166,5.39419087136929,22.1991701244813,0.20746887966805,446"
20260111133000,cointelegraph.com,https://cointelegraph.com/news/russians-ask-pensions-paid-in-crypto-social-fund,Russians Ask if Pensions Can Be Paid in Crypto as Adoption Rises,"-1.09649122807018,0.87719298245614,1.97368421052632,2.85087719298246,21.4912280701754,0,413"
20260216043000,newsbtc.com,https://www.newsbtc.com/analysis/btc/bitcoin-price-faces-another-rejection-71k/,Bitcoin Price Faces Another Rejection As Upside Momentum Fades,"0.455580865603645,3.41685649202733,2.96127562642369,6.37813211845103,28.9293849658314,0,389"
20260216043000,newsbtc.com,https://www.newsbtc.com/analysis/eth/ethereum-price-reverses-under-2000/,"Ethereum Price Reverses Under $2,000, Bulls On The Back Foot","0.450450450450451,3.6036036036036,3.15315315315315,6.75675675675676,28.3783783783784,0,400"
20260216020000,cointelegraph.com,https://cointelegraph.com/news/cz-privacy-holding-back-crypto-payments,Crypto Needs Privacy To Scale in Payments: Binance Co-Founder CZ,"-1.04712041884817,3.40314136125654,4.45026178010471,7.85340314136126,20.6806282722513,0.261780104712042,354"
20260215020000,cointelegraph.com,https://cointelegraph.com/news/x-nikita-bier-in-app-trading-couple-weeks,Nikita Bier: In-App Trading coming to X in a 'Couple' of Weeks,"1.5625,1.82291666666667,0.260416666666667,2.08333333333333,19.7916666666667,1.30208333333333,349"
20260301110000,newsbtc.com,https://www.newsbtc.com/news/bitcoin/bitcoin-whale-inflows-on-binance-reach-highest-level/,Bitcoin Whale Inflows On Binance Reach Highest Level Since 2022,"-1.48514851485149,0.495049504950495,1.98019801980198,2.47524752475248,23.5148514851485,0,378"
20260301110000,newsbtc.com,https://www.newsbtc.com/sponsored/will-altcoin-season-finally-happen-5-year-downtrend-nears-break-as-liquidchain-liquid-positions-early-as-the-best-crypto-presale/,Will Altcoin Season Finally Happen? 5-Year Downtrend Nears Break as LiquidChain ($LIQUID) Positions Early as the Best Crypto Presale,"1.14649681528662,3.05732484076433,1.91082802547771,4.96815286624204,19.8726114649682,0,712"
20260301120000,coindesk.com,https://www.coindesk.com/markets/2026/03/01/polymarket-attracts-record-trading-world-volumes-as-u-s-iran-bets-top-usd529-million,Polymarket traders bet record $500 million on U.S.-Iran war,"-1.27064803049555,1.52477763659466,2.79542566709022,4.32020330368488,18.5514612452351,0.254129606099111,695"
20260301120000,coindesk.com,https://www.coindesk.com/markets/2026/03/01/ether-solana-xrp-surge-up-to-10-as-majors-recover-saturday-s-war-driven-losses,"ETH, SOL, XRP price news: What next as majors surge 10% to recover war-driven losses","-2.63929618768328,1.46627565982405,4.10557184750733,5.57184750733138,19.941348973607,0,299"
20260104024500,newsbtc.com,https://www.newsbtc.com/news/bitcoin/bitcoin-enters-choppy-range/,Weekend Trap? Bitcoin Enters Choppy Range As Critical Trend Line Holds Below,"-1.86721991701245,3.3195020746888,5.18672199170125,8.50622406639004,26.1410788381743,0,457"
20260104024500,newsbtc.com,https://www.newsbtc.com/news/ethereum/ethereum-finds-its-footing-again/,"Ethereum Finds Its Footing Again, But Here's Why Bulls Still Have Work To Do","-1.47679324894515,3.16455696202532,4.64135021097046,7.80590717299578,22.9957805907173,0,448"
20260215114500,cointelegraph.com,https://cointelegraph.com/news/senators-urge-cfius-probe-uae-stake-trump-linked-wlfi,Senators Urge CFIUS Probe of $500M UAE Stake in Trump-Linked WLFI,"0.614754098360656,2.45901639344262,1.84426229508197,4.30327868852459,18.0327868852459,1.22950819672131,441"
20260215141500,newsbtc.com,https://www.newsbtc.com/altcoin/memecoin-market-may-be-breaking-down-santiment-warns/,"Memecoin Market May Be Breaking Down, Santiment Warns","-3.17460317460317,2.18253968253968,5.35714285714286,7.53968253968254,28.5714285714286,0.198412698412698,478"
20260215141500,newsbtc.com,https://www.newsbtc.com/news/bitcoin/bitcoin-sees-largest-shorts-liquidation-event-since-2024/,Bitcoin Sees Largest Shorts Liquidation Event Since 2024 &#x2014; What Happened?,"-4.8780487804878,1.21951219512195,6.09756097560976,7.31707317073171,24.390243902439,0,313"
20260215124500,coindesk.com,https://www.coindesk.com/markets/2026/02/15/wall-street-remains-bullish-on-bitcoin-while-offshore-traders-retreat,Wall Street remains bullish on bitcoin (BTC) price while offshore traders retreat,"-2.7972027972028,0.699300699300699,3.4965034965035,4.1958041958042,21.3286713286713,1.04895104895105,261"
20260302003000,newsbtc.com,https://www.newsbtc.com/news/bitcoin/bitcoins-turbulent-ride-how-btcs-price-has-fared-with-escalating-mid-east-conflicts/,Bitcoin's Turbulent Ride: How BTC's Price Has Fared With Rising US-Iran Conflicts,"-4.86815415821501,1.01419878296146,5.88235294117647,6.89655172413793,22.1095334685598,0.405679513184584,452"
20260120033000,cointelegraph.com,https://cointelegraph.com/news/memecoin-trading-volume-surges-106-percent,"Crypto Traders Return to Memecoins, Trading Volume Jumps 106%","-0.796812749003984,2.39043824701195,3.18725099601594,5.57768924302789,20.1195219123506,0,452"
20260120033000,cointelegraph.com,https://cointelegraph.com/news/bitcoin-market-conditions-improving-selling-pressure-reduces-glassnode,Bitcoin Spot Market Improves As Sell Pressure Eases,"-3.27868852459016,1.91256830601093,5.19125683060109,7.10382513661202,27.8688524590164,0.273224043715847,333"
20260101050000,newsbtc.com,https://www.newsbtc.com/news/bitcoin/gold-and-stocks-ran-ahead-but-bitcoin-may-close-the-gap-in-2026/,"Gold, Stocks Ran Ahead, But Bitcoin May Close The Gap In 2026","-1.45395799676898,1.93861066235864,3.39256865912763,5.33117932148627,26.4943457189015,0.161550888529887,542"
20260101050000,newsbtc.com,https://www.newsbtc.com/news/ethereum-optimism-for-2026-analysts-share-bullish-forecast-despite-disappointing-end-of-year/,Ethereum Optimism For 2026: Analysts Share Bullish Forecast,"0.528169014084507,1.76056338028169,1.23239436619718,2.99295774647887,19.5422535211268,0.176056338028169,513"
20260101050000,newsbtc.com,https://www.newsbtc.com/xrp-news/xrp-risk-drop-to-0-80-analyst-makes-case/,XRP At Risk Of A Drop To $0.80? Analyst Makes The Case,"-0.55045871559633,1.28440366972477,1.8348623853211,3.11926605504587,24.4036697247706,0.18348623853211,519"
20260117084500,cointelegraph.com,https://cointelegraph.com/news/eth-price-hits-3-4k-but-pro-traders-are-not-bullish-yet-here-s-why,ETH Hits $3.4K But Several Factors Put A Pause On Ether's Rally,"-2.5089605734767,1.7921146953405,4.3010752688172,6.09318996415771,20.9677419354839,0.3584229390681,497"
20260117074500,newsbtc.com,https://www.newsbtc.com/bitcoin-news/bitcoin-short-term-holders-profits-41800-btc/,"Bitcoin Short-Term Holders Take Profits: 41,800 BTC Sent To Exchanges","0.392927308447937,1.96463654223969,1.57170923379175,3.53634577603143,29.8624754420432,0,470"
20260117074500,newsbtc.com,https://www.newsbtc.com/xrp-news/xrp-breakout-possible-before-weekend/,"XRP Breakout Possible Before The Weekend, Expert Says","-1.80623973727422,1.64203612479475,3.44827586206897,5.09031198686371,23.9737274220033,0.985221674876847,544"
20260117074500,newsbtc.com,https://www.newsbtc.com/news/xrp-to-repeat-its-2017-playbook-analyst-forecasts-1250-expansion/,"XRP To Repeat Its 2017 Playbook? Analyst Points To 1,250% Rally","0,1.09717868338558,1.09717868338558,2.19435736677116,18.9655172413793,1.25391849529781,564"
20260126041500,newsbtc.com,https://www.newsbtc.com/analysis/btc/bitcoin-price-breakdown-85k/,Bitcoin Price Breakdown Risk Grows As Bears Aim For $85K,"0.21978021978022,3.2967032967033,3.07692307692308,6.37362637362637,27.2527472527473,0,405"
20260126041500,newsbtc.com,https://www.newsbtc.com/analysis/eth/ethereum-price-sinks-to-2800/,"Ethereum Price Sinks To $2,800, Raising Fresh Downside Fears","-0.66079295154185,2.6431718061674,3.30396475770925,5.94713656387665,27.5330396475771,0,413"
20260126041500,newsbtc.com,https://www.newsbtc.com/altcoin/altcoins-dont-move-slowly-6-week-window-can-rewrite-years-of-price-action/,Altcoins Don't Move Slowly: 6-Week Window Can Rewrite Years of Price Action,"-0.392927308447937,1.57170923379175,1.96463654223969,3.53634577603143,22.2003929273084,0.392927308447937,469"
20260126031500,coindesk.com,https://www.coindesk.com/markets/2026/01/26/gold-tops-usd5-000-as-bitcoin-stalls-near-usd87-000-in-widening-macro-crypto-split-asia-morning-briefing,"Gold tops $5,000 as BTC stalls near $87,000 in widening macro-crypto split: Asia Morning Briefing","-1.52380952380952,3.23809523809524,4.76190476190476,8,20.1904761904762,0.571428571428571,483"
20260301151500,newsbtc.com,https://www.newsbtc.com/news/bitcoin/bitcoin-sth-holds-steady-no-panic-amid-middle-east-conflict-details/,Bitcoin STH Holds Steady: No Panic Amid Middle East Conflict,"-3.66379310344828,2.1551724137931,5.81896551724138,7.97413793103448,24.5689655172414,0.646551724137931,419"
20260301130000,cointelegraph.com,https://cointelegraph.com/news/tokenized-gold-weekend-price-discovery-cme-closed,Tokenized Gold Dominates Weekend Price Discovery as CME Futures Close,"2.88,5.12,2.24,7.36,18.4,0.64,558"
20260125233000,newsbtc.com,https://www.newsbtc.com/altcoin/xrp-enters-phase-4-in-long-term-chart-structure-road-to-21-5-now-open/,XRP Enters Phase 4 In Long-Term Chart Structure: Road To $21.5 Is Now Open,"-0.804828973843058,0.201207243460765,1.00603621730382,1.20724346076459,22.5352112676056,0,450"
20260126020000,cointelegraph.com,https://cointelegraph.com/magazine/gamestop-bitcoin-holdings-ethereum-quantum-computing-hodlers-digest/,"GameStop 'likely to sell' Bitcoin holdings, Ethereum preps for quantum: Hodler's Digest, Jan. 18 - 24","-0.730897009966778,2.59136212624585,3.32225913621263,5.91362126245847,20.6644518272425,0.79734219269103,1400"
20260126020000,cointelegraph.com,https://cointelegraph.com/news/foundry-usa-hashrate-down-60-deadly-storm,Deadly Winter Storm in US Impacts Foundry USA and Other Mining Pools,"-4.59183673469388,0.76530612244898,5.35714285714286,6.12244897959184,20.9183673469388,1.27551020408163,368"
20260126020000,cointelegraph.com,https://cointelegraph.com/news/crypto-wipes-100-billion-us-government-shutdown-fears,Crypto Market Shaves $100B Amid US Government Shutdown Fears,"-3.83064516129032,1.20967741935484,5.04032258064516,6.25,20.5645161290323,1.81451612903226,448"
20260111224500,cointelegraph.com,https://cointelegraph.com/news/india-tighten-kyc-crypto-user-onboarding,India Tightens KYC and AML Requirements to Onboard New Crypto Users,"-4.20168067226891,1.40056022408964,5.60224089635854,7.00280112044818,22.6890756302521,0,321"
20260111224500,cointelegraph.com,https://cointelegraph.com/news/eth-btc-bottom-april-mirror-2019-cycle,'We Are in an Ethereum Market' &#x2014; Crypto Market Analyst,"-0.987654320987654,0.493827160493827,1.48148148148148,1.97530864197531,17.7777777777778,0.246913580246914,352"
20260111224500,newsbtc.com,https://www.newsbtc.com/news/bitcoin/bitcoin-price-remains-below-50w-sma/,Bitcoin Price Remains Below 50-Week Moving Average &#x2014; What This Means,"-0.806451612903226,1.88172043010753,2.68817204301075,4.56989247311828,21.7741935483871,0,346"
20260103213000,cointelegraph.com,https://cointelegraph.com/news/hut-8-2025-strong-difficult-bitcoin-miners,Hut 8's Performance in 2025 Sets It Apart from Struggling Mining Industry,"1.01522842639594,3.2994923857868,2.28426395939086,5.58375634517767,15.989847715736,0.50761421319797,338"
20260103213000,cointelegraph.com,https://cointelegraph.com/news/us-national-debt-38-5-trillion-bitcoiners-genesis-day,US National Debt Surges Past $38.5T on Bitcoin Genesis Block Day,"-5.34979423868313,2.26337448559671,7.61316872427984,9.87654320987654,17.0781893004115,2.46913580246914,430"
20260103214500,newsbtc.com,https://www.newsbtc.com/news/bitcoin/the-bitcoin-whale-comeback-story-may-be-overblown-onchain-data-shows/,"The Bitcoin Whale Comeback Story May Be Overblown, Onchain Data Shows","-1.1965811965812,1.02564102564103,2.22222222222222,3.24786324786325,30.5982905982906,0.341880341880342,536"
20260103214500,newsbtc.com,https://www.newsbtc.com/altcoin/why-the-ethereum-price-could-bounce-above-3500-soon/,"Why The Ethereum Price Could Bounce Above $3,500 Soon","0.984251968503937,2.75590551181102,1.77165354330709,4.52755905511811,24.4094488188976,0,451"
20260103214500,newsbtc.com,https://www.newsbtc.com/altcoin/xrp-price-mirrors-2017-sideways-accumulation-trend-heres-what-happened-last-time/,"XRP Price Mirrors Sideways Accumulation Trend From 2017, Here's What Happened Last Time","-0.210970464135021,1.05485232067511,1.26582278481013,2.32067510548523,19.1983122362869,0,434"
20260129064500,coindesk.com,https://www.coindesk.com/markets/2026/01/29/bitcoin-trader-warns-of-downside-as-gold-rally-continues-to-pull-focus-from-btc,BTC price analysis: Bitcoin trader warns of downside as gold rally continues,"-1.73010380622837,3.28719723183391,5.01730103806228,8.30449826989619,21.280276816609,0.519031141868512,529"
20260129064500,coindesk.com,https://www.coindesk.com/markets/2026/01/29/first-gold-and-silver-now-oil-s-starting-to-rally-and-that-s-bad-news-for-bitcoin,"First gold and silver, now oil's starting to rally and that's not good news for bitcoin","-1.88383045525903,2.04081632653061,3.92464678178964,5.96546310832025,21.6640502354788,0.784929356357928,586"
20260129044500,newsbtc.com,https://www.newsbtc.com/crypto/gold-silver-steal-the-spotlight-as-crypto-hype-fades-on-social-media-santiment/,"Gold, Silver Steal The Spotlight As Crypto Hype Fades On SocMed","-1.49532710280374,1.86915887850467,3.36448598130841,5.23364485981308,28.2242990654206,0,470"
20260129044500,newsbtc.com,https://www.newsbtc.com/analysis/xrp/xrp-price-signals-vulnerability-1-90/,XRP Price Signals Vulnerability With Another Drop On The Table,"-1.15207373271889,2.53456221198157,3.68663594470046,6.22119815668203,29.7235023041475,0,401"
20260129044500,newsbtc.com,https://www.newsbtc.com/analysis/btc/bitcoin-price-backs-off-90k/,Bitcoin Price Backs Off Resistance &#x2014; Breakdown Or Brief Pause?,"0,3.38600451467269,3.38600451467269,6.77200902934537,27.313769751693,0,390"
20260129044500,newsbtc.com,https://www.newsbtc.com/analysis/eth/ethereum-price-slips-below-3000/,"Ethereum Price Slips Below $3,000, Setting Up A Support Battle","0.638297872340426,3.40425531914894,2.76595744680851,6.17021276595745,28.0851063829787,0,419"
20260129053000,cointelegraph.com,https://cointelegraph.com/news/united-states-crypto-task-force-doj-todd-blanche,US Senators Challenge Deputy AG Over Crypto Taskforce Shutdown,"-6.84410646387833,1.33079847908745,8.17490494296578,9.50570342205323,18.2509505703422,2.09125475285171,455"
20260129053000,cointelegraph.com,https://cointelegraph.com/news/crypto-options-activity-keeps-bitcoin-stuck-near-90-000-says-deribit,Bitcoin Rangebound As Traders Manage Risk Via Options,"-4.9738219895288,0.785340314136126,5.75916230366492,6.54450261780105,26.9633507853403,0.261780104712042,341"
20260129053000,cointelegraph.com,https://cointelegraph.com/news/ai-enabled-crypto-scams-rise-500-percent,AI-Enabled Crypto Scams Surge 500% as Fraud Goes Industrial,"-7.0281124497992,3.01204819277108,10.0401606425703,13.0522088353414,22.4899598393574,0.200803212851406,452"
20260129053000,cointelegraph.com,https://cointelegraph.com/news/strive-buys-bitcoin-shaves-debt-semler-scientific-deal,"Strive Buys BTC, Pays Off Debt from Semler Scientific Deal","0.833333333333333,2.91666666666667,2.08333333333333,5,21.875,0.208333333333333,437"
20260129053000,cointelegraph.com,https://cointelegraph.com/news/bitcoin-rallies-expected-to-be-short-lived-until-liquidity-returns-data,Liquidity Will Decide BTC's Next Rally: Glassnode,"-0.702576112412178,3.04449648711944,3.74707259953162,6.79156908665105,29.2740046838407,0,379"
20260129053000,cointelegraph.com,https://cointelegraph.com/news/hype-rallies-as-hyperliquid-dex-growth-grabs-traders-attention-will-it-last,HYPE Gains 60% But Hyperliquid Growth Metrics Warn It May Not Hold,"-0.196078431372549,1.17647058823529,1.37254901960784,2.54901960784314,22.9411764705882,0.196078431372549,447"
20260213063000,newsbtc.com,https://www.newsbtc.com/bitcoin-news/bitcoin-bcmi-drops-toward-bear-market-territory-how-close-is-btc-to-a-real-buy-zone/,Bitcoin BCMI Drops Toward Bear Market Territory: How Close Is BTC To A Real Buy Zone?,"-2.9585798816568,2.66272189349112,5.62130177514793,8.28402366863905,23.0769230769231,0,626"
20260213063000,newsbtc.com,https://www.newsbtc.com/analysis/solana-sol-trades-heavy-below-90/,Solana (SOL) Trades Heavy Below $90 As Breakdown Risk Grows,"-0.757575757575758,2.52525252525253,3.28282828282828,5.80808080808081,28.5353535353535,0.252525252525253,375"
20260213063000,newsbtc.com,https://www.newsbtc.com/analysis/xrp/xrp-price-walks-a-tightrope-1-34/,XRP Price Walks a Tightrope As Downside Threat Persists,"-2.27272727272727,1.81818181818182,4.09090909090909,5.90909090909091,28.4090909090909,0,397"
20260213063000,newsbtc.com,https://www.newsbtc.com/analysis/btc/bitcoin-price-bleeds-lower-65k-2/,Bitcoin Price Bleeds Lower With $65K Becoming The Battleground,"-0.446428571428572,2.45535714285714,2.90178571428571,5.35714285714286,27.9017857142857,0,398"
20260213063000,newsbtc.com,https://www.newsbtc.com/analysis/eth/ethereum-price-rejected-again-2000/,Ethereum Price Rejected Again &#x2014; Is Another Leg Lower Brewing?,"-0.448430493273543,2.69058295964126,3.1390134529148,5.82959641255605,28.2511210762332,0,403"
20260204061500,cointelegraph.com,https://cointelegraph.com/news/crypto-dev-launches-website-for-agentic-ai-rent-a-human,Crypto Dev's Platform Allows AI Agents To Hire Humans For Physical Tasks,"-0.99403578528827,0.795228628230616,1.78926441351889,2.5844930417495,22.6640159045726,0.99403578528827,447"
20260206041500,coindesk.com,https://www.coindesk.com/markets/2026/02/06/u-s-iran-warning-resurfaces-ahead-of-nuclear-talks-further-pressuring-bitcoin-and-crypto-markets,Bitcoin price warning: U.S. advisory on Iran resurfaces ahead of nuclear talks,"-2.74390243902439,2.74390243902439,5.48780487804878,8.23170731707317,21.3414634146341,1.52439024390244,301"
20260206041500,newsbtc.com,https://www.newsbtc.com/news/bitcoin/bitcoin-hit-a-15-year-trendline/,"Bitcoin Price Just Hit A 15-Year Trendline After The Crash, What This Means","-0.380952380952381,2.0952380952381,2.47619047619048,4.57142857142857,24.1904761904762,0,470"
20260206041500,newsbtc.com,https://www.newsbtc.com/news/ripple/hyperliquids-hype-jumps-6-2-post-ripple-integration-as-xrp-moves-in-the-opposite-direction/,"Hyperliquid's HYPE Jumps 6.2% Post-Ripple Integration, as XRP Moves in the Opposite Direction","-3.6144578313253,2.20883534136546,5.82329317269076,8.03212851405623,24.2971887550201,0.200803212851406,445"
20260206041500,newsbtc.com,https://www.newsbtc.com/analysis/btc/bitcoin-price-dumps-hard-to-60k/,"Bitcoin Price Dumps Hard To $60K, Triggering Market Shockwaves","0,2.80777537796976,2.80777537796976,5.61555075593953,27.645788336933,0,409"
20260206041500,newsbtc.com,https://www.newsbtc.com/analysis/eth/ethereum-price-closes-sub-2000/,"Ethereum Price Closes Sub-$2,000 Support As Crypto Rout Intensifies","-0.217864923747277,2.61437908496732,2.8322440087146,5.44662309368192,27.4509803921569,0,414"
20260206043000,cointelegraph.com,https://cointelegraph.com/news/crypto-sentiment-at-lowest-point-since-luna-crash-as-btc-tanks-to-60k,Bitcoin Crashes to $60K as Sentiment Hits 2022 Lows,"-5.12820512820513,1.3986013986014,6.52680652680653,7.92540792540793,20.979020979021,0.699300699300699,377"
20260206043000,cointelegraph.com,https://cointelegraph.com/news/blackrock-ibit-daily-volume-record-10-billion-bitcoin-crash,BlackRock's Bitcoin ETF Hits Daily Volume Record of $10B,"-5.01474926253687,0.884955752212389,5.89970501474926,6.78466076696165,20.9439528023599,0.294985250737463,315"
20260206043000,cointelegraph.com,https://cointelegraph.com/news/strategy-reports-12b-loss-q4-2025,Strategy Reports $12.4B Fourth Quarter Loss As Bitcoin Falls,"0.819672131147541,6.01092896174863,5.19125683060109,11.2021857923497,19.3989071038251,1.36612021857923,323"
20260206024500,bitcoinmagazine.com,https://bitcoinmagazine.com/news/bitcoin-price-plunges-toward-60000,"Bitcoin Price Plunges 50%, Drawdown Nears FTX-Era Crash","-5.77319587628866,1.64948453608247,7.42268041237113,9.07216494845361,19.3814432989691,0,437"
20260206033000,coindesk.com,https://www.coindesk.com/markets/2026/02/06/bitcoin-isn-t-losing-to-gold-it-is-navigating-a-liquidity-squeeze-that-the-yellow-metal-never-had-asia-morning-briefing,Bitcoin isn't losing to gold. It is navigating a liquidity squeeze that the yellow metal never had: Asia Morning Briefing,"-4.38695163104612,2.92463442069741,7.31158605174353,10.2362204724409,23.3970753655793,0.78740157480315,778"
20260206033000,coindesk.com,https://www.coindesk.com/markets/2026/02/05/bitcoin-drops-below-usd65-000-heading-to-worst-one-day-drawdown-since-ftx-blowup,"BTC price news: Bitcoin spirals toward $60,000, headed for worst drawdown since FTX crash","-2.3489932885906,1.84563758389262,4.19463087248322,6.04026845637584,21.9798657718121,0.671140939597315,522"
20260206033000,coindesk.com,https://www.coindesk.com/markets/2026/02/05/strategy-posts-q4-loss-of-usd12-4-billion-on-tumbling-bitcoin-price,"Strategy (MSTR) earnings news: Fourth quarter loss comes in at $12.4 billion, or $42.93 per share.","-0.411522633744856,2.46913580246914,2.88065843621399,5.34979423868313,20.1646090534979,1.23456790123457,222"
20260206033000,coindesk.com,https://www.coindesk.com/markets/2026/02/05/jpmorgan-says-bitcoin-s-lower-volatility-relative-to-gold-might-make-it-more-attractive-in-long-term,JPMorgan (JPM) says bitcoin's (BTC) lower volatility relative to gold might make it 'more attractive' in long term,"-0.275482093663912,5.78512396694215,6.06060606060606,11.8457300275482,24.7933884297521,1.10192837465565,324"
20260206033000,coindesk.com,https://www.coindesk.com/markets/2026/02/05/bitcoin-etfs-barely-flinch-as-btc-slides-40-bloomberg-s-eric-balchunas-says,"Bitcoin ETFs barely flinch as BTC slides 40%, Bloomberg's Eric Balchunas says","-0.512820512820513,3.58974358974359,4.1025641025641,7.69230769230769,19.7435897435897,0.769230769230769,352"
20260116034500,cointelegraph.com,https://cointelegraph.com/news/bitcoin-use-surges-iran-protests-crypto-withdrawals,"Iran Turns to Crypto Amid Collapsing Economy, Protests","-5.92592592592593,1.23456790123457,7.16049382716049,8.39506172839506,18.0246913580247,0.246913580246914,363"
20260116034500,cointelegraph.com,https://cointelegraph.com/news/uniswap-xlayer-okx-defi-push-evm,Uniswap Goes Live on OKX's X Layer as Preferred DEX Partner,"0,1.73410404624277,1.73410404624277,3.46820809248555,26.0115606936416,0,306"
20260116034500,cointelegraph.com,https://cointelegraph.com/news/california-dfpi-nexo-fine-crypto-backed-loans-risky,Nexo To Pay $500K Fine Over 'Risky' Crypto-Backed Loans,"-0.309597523219814,4.3343653250774,4.64396284829721,8.97832817337461,19.8142414860681,1.23839009287926,293"
20260119061500,newsbtc.com,https://www.newsbtc.com/analysis/btc/bitcoin-price-sharp-pullback-92k/,Bitcoin Price Sharp Pullback Raises One Question: Will $92K Hold?,"-0.674157303370787,3.37078651685393,4.04494382022472,7.41573033707865,28.314606741573,0,396"
20260119061500,newsbtc.com,https://www.newsbtc.com/analysis/doge/dogecoin-doge-red-prints-0-120/,"Dogecoin (DOGE) Red Prints Return, Resistance Could Cap Any Recovery","0,3.13199105145414,3.13199105145414,6.26398210290828,27.7404921700224,0.223713646532438,385"
20260119061500,newsbtc.com,https://www.newsbtc.com/analysis/xrp/xrp-price-stabilizes-after-crash-2-0/,"XRP Price Stabilizes After Flash Crash, Market Watches Closely","-0.847457627118644,2.54237288135593,3.38983050847458,5.93220338983051,28.6016949152542,0,445"
20260119061500,newsbtc.com,https://www.newsbtc.com/analysis/eth/ethereum-price-falls-back-to-3200/,"Ethereum Price Falls Back to $3,200, Recovery Faces Its First Real Test","0.45766590389016,4.11899313501144,3.66132723112128,7.78032036613272,29.0617848970252,0,396"
20260131013000,cointelegraph.com,https://cointelegraph.com/news/crypto-biz-gold-hedge-bitcoin,"Crypto Biz: Gold Takes the Lead as Dollar Slides, BTC Recast as Companion","1.5220700152207,4.71841704718417,3.19634703196347,7.91476407914764,19.1780821917808,1.67427701674277,598"
20260131013000,cointelegraph.com,https://cointelegraph.com/news/cz-denies-binance-role-october-crypto-liquidation-usde-depeg,CZ Rejects Claims Binance Fueled Historic Crypto Liquidation Crash,"-5.97345132743363,0.442477876106195,6.41592920353982,6.85840707964602,21.4601769911504,0.442477876106195,413"
20260131013000,cointelegraph.com,https://cointelegraph.com/news/sofi-hits-record-revenue-q4-crypto-blockchain-services,"SoFi Reports Record Q4 Earnings as Crypto, Stablecoin Push Expands","1.11358574610245,2.00445434298441,0.89086859688196,2.89532293986637,21.380846325167,1.33630289532294,386"
20260131014500,coindesk.com,https://www.coindesk.com/markets/2026/01/30/spacex-tesla-merger-talks-puts-nearly-20-000-bitcoin-in-focus,"Here's how Elon Musk's SpaceX&#x2013;Tesla merger could impact 20,000 bitcoin (BTC)","-0.982318271119843,2.35756385068762,3.33988212180747,5.69744597249509,19.8428290766208,0.589390962671906,441"
20260214101500,newsbtc.com,https://www.newsbtc.com/news/ethereum/ethereum-open-interest-plunges-cooling-off-or-cracks-forming/,Ethereum Open Interest Plunges: Cooling Off Or Cracks Forming?,"-2.57611241217799,1.40515222482436,3.98126463700234,5.3864168618267,28.1030444964871,0.234192037470726,377"
20260110181500,newsbtc.com,https://www.newsbtc.com/news/bitcoin/bitcoin-tests-90000-support-as-netflows-turn-positive-details/,"Bitcoin Tests $90,000 Support As Netflows Turn Positive &#x2014; Details","-1.59045725646123,1.59045725646123,3.18091451292246,4.7713717693837,25.0497017892644,0,476"
20260110181500,newsbtc.com,https://www.newsbtc.com/news/bitcoin/bitcoin-price-hits-crash-line-but-this-time-is-not-random/,"Bitcoin Price Hits Crash Line, But This Time Is Not Random","-4.42105263157895,0.842105263157895,5.26315789473684,6.10526315789474,26.7368421052632,0,448"
20260110181500,newsbtc.com,https://www.newsbtc.com/news/bitcoin/analyst-sets-net-bitcoin-price-target/,Analyst Sets $105K As Next Bitcoin Price Target &#x2014; Here's The Timeline,"0.419287211740042,1.88679245283019,1.46750524109015,3.35429769392034,21.8029350104822,0,440"
20260110183000,cointelegraph.com,https://cointelegraph.com/news/bitfinex-whales-dump-btc-longs-135k-bitcoin-price-target,Bitcoin Whales Drop BTC Longs in New Bull Signal,"-0.980392156862745,0.735294117647059,1.7156862745098,2.45098039215686,27.2058823529412,0,382"
20260215000000,newsbtc.com,https://www.newsbtc.com/news/litecoin/litecoin-closes-bullish/,Litecoin Closes Bullish &#x2014; $57 Break Could Ignite Next Leg Up,"3.63636363636364,4.64646464646465,1.01010101010101,5.65656565656566,23.030303030303,0,464"
20260214223000,coindesk.com,https://www.coindesk.com/business/2026/02/13/the-genius-act-ripple-effect-sui-executives-say-institutional-demand-has-never-been-higher,The Genius Act ripple effect: Sui executives say institutional demand has never been higher,"0.588235294117647,2.35294117647059,1.76470588235294,4.11764705882353,25.2941176470588,1.76470588235294,304"
20260214223000,coindesk.com,https://www.coindesk.com/business/2026/02/14/elon-musk-s-x-to-launch-crypto-and-stock-trading-in-couple-weeks,Elon Musk's X to launch crypto and stock trading in 'couple weeks',"1.70068027210884,1.70068027210884,0,1.70068027210884,24.8299319727891,1.02040816326531,269"
20260105014500,cointelegraph.com,https://cointelegraph.com/news/crypto-fear-greed-flips-neutral-first-time-oct,Crypto Fear & Greed Index Flips From 'Fear' to 'Neutral,"-6.35696821515892,0.97799511002445,7.33496332518337,8.31295843520782,24.2053789731051,1.22249388753056,375"
20260105014500,cointelegraph.com,https://cointelegraph.com/news/nobel-prize-winning-bitcoiner-in-running-to-replace-maduro,Venezuelan Bitcoiner in the Running to Replace Nicol&#xE1;s Maduro,"-1.15774240231548,3.90738060781476,5.06512301013025,8.97250361794501,21.273516642547,1.15774240231548,616"
20260105020000,newsbtc.com,https://www.newsbtc.com/news/18-million-ethereum-loss-sends-whale-running-to-gold/,$18 Million Ethereum Loss Sends Whale Running To Gold,"-0.766283524904215,2.8735632183908,3.63984674329502,6.51340996168582,19.9233716475096,0,456"
20260118204500,newsbtc.com,https://www.newsbtc.com/news/ethereum/ethereum-network-activity-explodes-market-structure-points-to-upside-continuation/,"Ethereum Network Activity Explodes, Market Structure Points To Upside Continuation","1.171875,2.5390625,1.3671875,3.90625,19.53125,0,467"
20260125134500,newsbtc.com,https://www.newsbtc.com/news/bitcoin/bitcoin-bears-record-fall-in-market-strength-is-a-trend-reversal-on/,Bitcoin Bears Record Fall In Market Strength &#x2014; Is A Trend Reversal On?,"0.824175824175824,3.57142857142857,2.74725274725275,6.31868131868132,23.3516483516484,0,326"
20260125134500,newsbtc.com,https://www.newsbtc.com/news/ethereum/ethereum-open-interest-declines-across-exchanges-binance-stands-out-details/,"Ethereum Open Interest Declines Across Exchanges, Binance Stands Out &#x2014; Details","-1.93548387096774,1.50537634408602,3.44086021505376,4.94623655913978,21.9354838709677,0,433"
20260125134500,coindesk.com,https://www.coindesk.com/news-analysis/2026/01/25/the-big-u-s-crypto-bill-is-on-the-move-here-is-what-it-means-for-everyday-users,The big U.S. crypto bill is on the move. Here is what it means for everyday users,"-0.307377049180328,2.04918032786885,2.35655737704918,4.40573770491803,22.8483606557377,0.922131147540984,900"
20260217034500,newsbtc.com,https://www.newsbtc.com/analysis/xrp/xrp-move-toward-in-bid-for-4/,Analyst Reveals What XRP Price Will Move Toward In Bid For $4,"0,2.33463035019455,2.33463035019455,4.66926070038911,23.9299610894942,0,489"
20260217034500,newsbtc.com,https://www.newsbtc.com/analysis/btc/bitcoin-price-holds-the-line-70k/,"Bitcoin Price Holds The Line, But Can Bulls Force A Break Higher?","0.665188470066519,3.54767184035477,2.88248337028825,6.43015521064302,27.4944567627494,0,400"
20260217034500,newsbtc.com,https://www.newsbtc.com/analysis/eth/ethereum-price-near-flashpoint-2020/,Ethereum Price Near Technical Flashpoint With Big Move Brewing,"1.59090909090909,4.09090909090909,2.5,6.59090909090909,28.8636363636364,0,395"
20260217023000,cointelegraph.com,https://cointelegraph.com/news/eth-chart-pattern-projects-rally-to-dollar2-5k-if-key-conditions-are-met-data,Ether May Retest $2.5K Soon If This Pattern Plays Out,"-2.08955223880597,0.597014925373134,2.6865671641791,3.28358208955224,21.9402985074627,0,581"
20260102030000,cointelegraph.com,https://cointelegraph.com/news/polymarket-traders-21-chance-bitcoin-hitting-150k-2026,Polymarket Odds 21% Chance For Bitcoin To Hit $150K in 2026,"1.94986072423398,3.34261838440111,1.39275766016713,4.73537604456824,24.2339832869081,0.278551532033426,327"
20260102030000,cointelegraph.com,https://cointelegraph.com/news/turkmenistan-crypto-exchanges-trading-now-legal,Crypto Exchanges and Mining Now Legal in Turkmenistan,"1.26984126984127,2.53968253968254,1.26984126984127,3.80952380952381,16.5079365079365,0,284"
20260102040000,newsbtc.com,https://www.newsbtc.com/bitcoin-news/bitcoin-cycle-demand-not-price-cryptoquant-head/,"Bitcoin Cycle Defined by Demand, Not Price: CryptoQuant Head Says","-1.98412698412698,0.396825396825397,2.38095238095238,2.77777777777778,29.5634920634921,0.198412698412698,473"
20260122014500,newsbtc.com,https://www.newsbtc.com/analysis/pepe/pepes-reversal-move/,PEPE's Reversal Move: Pushing Out Bears As Confirmation Closes In,"-0.78125,1.953125,2.734375,4.6875,24.0234375,0,474"
20260122014500,bitcoinmagazine.com,https://bitcoinmagazine.com/markets/bitcoin-price-surges-to-90000-twice,"Bitcoin Price Surges To $90,000 After Trump Delays Tariffs","-1.91740412979351,1.91740412979351,3.83480825958702,5.75221238938053,20.9439528023599,0,605"
20260122014500,bitcoinmagazine.com,https://bitcoinmagazine.com/news/ftx-caroline-ellison-set-for-release,FTX-Fraudster Caroline Ellison Set For Release From Prison,"-6.98254364089776,1.74563591022444,8.7281795511222,10.4738154613466,17.2069825436409,0,345"
20260122014500,cointelegraph.com,https://cointelegraph.com/news/eth-whales-bought-the-dip-but-will-accumulators-prevent-a-drop-to-dollar2-7k,"ETH Dip Buyers Absorb $130M Ether, But Risk Of $2.7K Drop Remains","-1.953125,1.7578125,3.7109375,5.46875,23.4375,0,456"
20260122014500,bitcoinmagazine.com,https://bitcoinmagazine.com/news/strive-plans-150m-follow-offering-bitcoin,Strive ($ASST) Plans $150M Follow-On Offering To Buy Bitcoin,"1.74672489082969,3.49344978165939,1.74672489082969,5.24017467248908,27.9475982532751,0,417"
20260122014500,cointelegraph.com,https://cointelegraph.com/news/eth-funding-rate-turns-negative-but-will-ether-bulls-take-the-bait,ETH Flashes Negative Funding Rate But Is Sub $3K ETH Discounted?,"-4.82180293501048,1.46750524109015,6.28930817610063,7.75681341719078,21.1740041928721,1.0482180293501,426"
20260214131500,coindesk.com,https://www.coindesk.com/markets/2026/02/14/bitcoin-claws-back-to-usd70-000-on-cooling-inflation-after-usd8-7-billion-wipeout,"BTC price news: bitcoin claws back to $70,000 after $8.7 billion wipeout","-4.78359908883827,1.59453302961276,6.37813211845103,7.97266514806378,28.4738041002278,0.911161731207289,407"
20260214111500,cointelegraph.com,https://cointelegraph.com/news/ark-invest-buys-coinbase-15m-after-selling,ARK Invest Buys $15M Coinbase Shares After Recent Selling,"-1.71990171990172,1.71990171990172,3.43980343980344,5.15970515970516,16.4619164619165,0,363"
20260214111500,cointelegraph.com,https://cointelegraph.com/news/trump-media-files-crypto-etfs-bitcoin-ether-cronos-sec,"Trump Media Files Bitcoin, Ether and Cronos Crypto ETFs with SEC","2.088772845953,2.87206266318538,0.783289817232376,3.65535248041775,24.2819843342037,0.783289817232376,357"
20260214111500,cointelegraph.com,https://cointelegraph.com/news/memecoin-season-crypto-social-media-sentiment-low-santiment,Memecoins' Silence Could Signal a Comeback: Santiment,"-1.3953488372093,1.62790697674419,3.02325581395349,4.65116279069767,23.7209302325581,0.232558139534884,397"
20260107003000,cointelegraph.com,https://cointelegraph.com/news/canaan-computing-heat-canada-greenhouses,Bitcoin Miner Using Compute Heat to Supplement Canadian Greenhouses,"0.537634408602151,2.1505376344086,1.61290322580645,3.76344086021505,24.4623655913978,1.0752688172043,335"
20260107003000,cointelegraph.com,https://cointelegraph.com/news/bitcoin-liquidation-data-point-to-absurd-potential-rally-to-dollar100k-analyst,BTC Liquidation Data Could Push Price to New Highs: Analyst,"-4.75435816164818,2.06022187004754,6.81458003169572,8.87480190174326,27.4167987321712,0.158478605388273,568"
20260107003000,cointelegraph.com,https://cointelegraph.com/news/brian-quintenz-cftc-sui-group-board,Brian Quintenz Joins SUI Group Board after CFTC Nomination Pulled,"0.31055900621118,1.5527950310559,1.24223602484472,2.79503105590062,17.3913043478261,0.93167701863354,290"
20260201000000,bitcoinmagazine.com,https://bitcoinmagazine.com/markets/bitcoin-price-crashes-to-75000,"Bitcoin Price Crashes To $75,000 Range As Crypto Sells-Off","-3.74753451676529,1.77514792899408,5.52268244575937,7.29783037475345,20.3155818540434,0,442"
20260131231500,newsbtc.com,https://www.newsbtc.com/analysis/xrp/rising-above-the-ashes-xrp-etfs-set-new-record-despite-market-crash/,Rising Above The Ashes: XRP ETFs Set New Record,"-2.39043824701195,1.79282868525896,4.18326693227092,5.97609561752988,18.5258964143426,0,438"
20260131231500,newsbtc.com,https://www.newsbtc.com/altcoin/ripples-david-schwartz-shuts-down-claims-of-xrp-hitting-100/,Ripple's David Schwartz Destroys Argument For XRP Price At $100,"-1.08499095840868,2.7124773960217,3.79746835443038,6.50994575045208,21.6998191681736,0,505"
20260113034500,newsbtc.com,https://www.newsbtc.com/bitcoin-news/trump-powell-conflict-fuels-volatility-while-retail-sells-bitcoin-at-a-loss-details/,Trump-Powell Conflict Fuels Volatility While Retail Sells Bitcoin At A Loss &#x2013; Details,"-5.24475524475525,1.04895104895105,6.29370629370629,7.34265734265734,23.4265734265734,0,257"
20260113034500,newsbtc.com,https://www.newsbtc.com/analysis/xrp/get-ready-xrp-price-explosion/,Get Ready For An XRP Price Explosion Once This Happens; Analyst,"0,3.25670498084291,3.25670498084291,6.51340996168582,26.6283524904215,0,483"
20260113034500,newsbtc.com,https://www.newsbtc.com/analysis/btc/bitcoin-price-stays-pinned-above-89k/,"Bitcoin Price Stays Pinned Above Support, Setting Up a Bigger Move","2.58064516129032,4.08602150537634,1.50537634408602,5.59139784946237,29.8924731182796,0,413"
20260113034500,newsbtc.com,https://www.newsbtc.com/analysis/eth/ethereum-price-breakout-3150/,"Ethereum Price Pushes Toward Breakout Levels, Bulls Smell Opportunity","-0.434782608695652,2.82608695652174,3.26086956521739,6.08695652173913,29.5652173913043,0,411"
20260130000000,newsbtc.com,https://www.newsbtc.com/news/bitcoin/bitcoin-ethereum-trading-sideways/,Here's Why The Bitcoin And Ethereum Prices Are Still Trading Sideways,"-3.18725099601594,2.19123505976096,5.37848605577689,7.56972111553785,23.1075697211155,0.199203187250996,452"
20260130000000,newsbtc.com,https://www.newsbtc.com/news/bitcoin/bitcoin-needs-deeper-liquidity-before-a-real-recovery-takes-shape-analysts/,Bitcoin Needs Deeper Liquidity Before Recovery Takes Shape,"-1.48423005565863,2.78293135435993,4.26716141001855,7.05009276437848,29.1280148423006,0,491"
20260130000000,newsbtc.com,https://www.newsbtc.com/breaking-news-ticker/bitcoin-slides-toward-85000-despite-progress-on-us-crypto-market-structure-bill/,"Bitcoin Slides Toward $85,000 Despite Progress On US Crypto Market Structure Bill","-0.873362445414847,2.40174672489083,3.27510917030568,5.67685589519651,24.4541484716157,0.436681222707424,430"
20260129213000,coindesk.com,https://www.coindesk.com/markets/2026/01/29/crypto-linked-stocks-continue-2026-plunge-but-bitcoin-miners-with-ai-pivots-outperform,"Coinbase (COIN), Circle (CRCL) and Bullish (BLSH) among crypto names sharply lower as BTC tumbles","-1.93704600484261,1.69491525423729,3.6319612590799,5.32687651331719,25.4237288135593,0.968523002421308,373"
20260129213000,coindesk.com,https://www.coindesk.com/markets/2026/01/29/here-are-key-levels-to-watch-as-bitcoin-plunges-to-usd84-000,"Bitcoin price analysis: BTC could retest April's tariff tantrum lows below $80,000","-2.25694444444444,1.73611111111111,3.99305555555556,5.72916666666667,24.8263888888889,1.04166666666667,507"
20260129213000,coindesk.com,https://www.coindesk.com/policy/2026/01/29/sec-chair-says-time-is-right-for-pension-funds-to-include-crypto-cftc-head-says-digital-assets-set-to-flourish,The heads of the SEC and CFTC strike a bullish tone on digital assets ahead of regulations,"1.69133192389006,2.74841437632135,1.05708245243129,3.80549682875264,24.3128964059197,2.11416490486258,447"
20260129213000,coindesk.com,https://www.coindesk.com/policy/2026/01/29/u-s-sec-cftc-chiefs-push-united-front-on-paving-the-way-for-crypto,"U.S. SEC, CFTC chiefs push united front on paving the way for crypto","1.26782884310618,2.21870047543582,0.950871632329636,3.16957210776545,20.6022187004754,0.792393026941363,579"
20260129213000,coindesk.com,https://www.coindesk.com/markets/2026/01/29/bitcoin-s-major-safety-net-just-snapped-after-falling-below-usd85-000-here-s-how-low-it-can-go,"BTC price prediction: Bitcoin's major safety net just snapped. Why a drop below $85,000 might risk more selloff","1.04529616724739,3.48432055749129,2.4390243902439,5.92334494773519,25.4355400696864,1.04529616724739,250"
20260129213000,coindesk.com,https://www.coindesk.com/business/2026/01/29/tokenization-firm-securitize-reports-841-revenue-growth-as-it-prepares-to-go-public,Cantor Equity Partners II (CEPT) outperforms thanks to strong results at Securitize,"1.19521912350598,1.59362549800797,0.398406374501992,1.99203187250996,20.7171314741036,1.19521912350598,224"
20260228233000,cointelegraph.com,https://cointelegraph.com/news/bitcoin-bottom-fractal-calls-for-130percent-rally-but-is-the-model-valid-in-2026,Bitcoin Bottom Signal Fires But This Time Investor Risk Appetite Is Absent,"-0.943396226415094,3.0188679245283,3.9622641509434,6.9811320754717,26.2264150943396,0,479"
20260228233000,cointelegraph.com,https://cointelegraph.com/news/ether-60percent-down-from-its-2025-high-but-tradfi-keeps-betting-on-eth-here-s-why,Ethereum Isn't Dead: Why TradFi Keeps Betting On An ETH Surge,"-1.26126126126126,1.98198198198198,3.24324324324324,5.22522522522523,20.5405405405405,0,492"
20260228223000,coindesk.com,https://www.coindesk.com/business/2026/02/28/iran-conflict-throws-the-regime-s-usd7-8-billion-crypto-ecosystem-and-bitcoin-mining-network-into-spotlight,Iran is using a $7.8 billion crypto shadow economy to bypass global sanctions,"-2.77392510402219,1.80305131761442,4.57697642163662,6.38002773925104,20.1109570041609,0,661"
20260228223000,coindesk.com,https://www.coindesk.com/business/2026/02/28/the-next-phase-of-stablecoin-payments-is-distribution,Why the next phase of stablecoin payments is all about user relationships and distribution,"-1.56657963446475,1.0443864229765,2.61096605744125,3.65535248041775,21.9321148825065,0.652741514360313,684"
20260228223000,coindesk.com,https://www.coindesk.com/business/2026/02/28/here-s-how-bitcoin-s-price-rise-could-be-fueled-by-job-stealing-ai-software,Here's how bitcoin's price rise could be fueled by job-stealing AI software,"-3.03030303030303,3.7037037037037,6.73400673400673,10.4377104377104,24.9158249158249,0.168350168350168,537"
20260118081500,cointelegraph.com,https://cointelegraph.com/magazine/michael-saylor-bitcoin-treasury-company-us-clarity-act-zcash-hodlers-digest/,"Saylor defends Bitcoin treasuries, CLARITY Act concerns linger: Hodler's Digest, Jan. 11 &#x2013; 17 &#x2013; Cointelegraph Magazine","-1.13840623127621,3.0557219892151,4.19412822049131,7.24985020970641,22.1689634511684,0.958657878969443,1533"
20260217121500,coindesk.com,https://www.coindesk.com/business/2026/02/17/uk-crypto-rules-too-slow-to-support-global-hub-ambitions-says-agant-ceo,"UK crypto rules moving too slowly to secure global hub status, says FCA-registered stablecoin Issuer Agant","0.391134289439374,3.52020860495437,3.12907431551499,6.64928292046936,22.2946544980443,1.43415906127771,692"
20260217121500,coindesk.com,https://www.coindesk.com/business/2026/02/17/popular-burger-joint-steak-n-shake-says-bitcoin-adoption-boosted-sales-dramatically,Popular burger joint Steak 'n Shake says bitcoin adoption boosted sales 'dramatically',"2.46913580246914,2.88065843621399,0.411522633744856,3.29218106995885,23.0452674897119,2.05761316872428,223"
20260217121500,coindesk.com,https://www.coindesk.com/markets/2026/02/17/bitcoin-remains-under-pressure-near-usd68-000-even-as-panic-ebbs,"Bitcoin remains under pressure near $68,000 even as panic ebbs","-3.54609929078014,2.65957446808511,6.20567375886525,8.86524822695035,22.5177304964539,0.709219858156028,500"
20260217121500,coindesk.com,https://www.coindesk.com/markets/2026/02/17/crypto-slides-as-tech-stocks-and-gold-retreat-bitcoin-nasdaq-correlation-turns-positive,Crypto slides as tech stocks and gold retreat; bitcoin-Nasdaq correlation turns positive,"-3.2064128256513,2.20440881763527,5.41082164328657,7.61523046092184,19.8396793587174,0.601202404809619,441"
20260217121500,coindesk.com,https://www.coindesk.com/research/trading-activity-on-cexs-record-first-increase-in-three-months,Exchange Review - January 2026,"-0.895522388059701,0.597014925373134,1.49253731343284,2.08955223880597,21.1940298507463,0.895522388059702,299"
20260217121500,cointelegraph.com,https://cointelegraph.com/news/steak-n-shake-says-same-store-sales-risen-dramatically,"Steak 'n Shake says Bitcoin Push Sent Sales ""Dramatically"" Higher","3.05882352941176,4.23529411764706,1.17647058823529,5.41176470588235,23.0588235294118,0.235294117647059,377"
20260217121500,cointelegraph.com,https://cointelegraph.com/news/monero-demand-delistings-darknet-markets-spy-nodes-trm,"Monero Activity Holds After Delistings, Study Flags Network Behavior","-1.67714884696017,1.46750524109015,3.14465408805031,4.61215932914046,20.9643605870021,0,439"
20260119023000,bitcoinmagazine.com,https://bitcoinmagazine.com/markets/bitcoin-price-crashes-nearly-4000,"Bitcoin Price Plunges Nearly $4,000 In Two Hours","-3.59168241965974,1.32325141776938,4.91493383742911,6.23818525519849,20.226843100189,0,469"
20260107013000,newsbtc.com,https://www.newsbtc.com/analysis/xrp/same-xrp-setup-1000-2017/,"Same XRP Setup That Led To Over 1,000% Increase In 2017 Is Playing Out Again","-2.25140712945591,1.68855534709193,3.93996247654784,5.62851782363977,23.2645403377111,0,480"
20260107013000,newsbtc.com,https://www.newsbtc.com/news/dogecoin/dogecoins-rebound-gains-traction-amid-doge-etf-activity-and-renewed-memecoin-demand/,Dogecoin's Rebound Gains Traction Amid DOGE ETF Activity and Renewed Memecoin Demand,"2.10526315789474,3.36842105263158,1.26315789473684,4.63157894736842,21.6842105263158,0,421"
20260107020000,coindesk.com,https://www.coindesk.com/markets/2026/01/06/strategy-surges-6-on-msci-decision-not-to-exclude-digital-asset-treasury-firms-from-indexes,MSTR News: Strategy surges 6% on MSCI decision not to exclude digital asset treasury firms from indexes,"0.743494423791821,2.97397769516729,2.23048327137546,5.20446096654275,18.2156133828996,1.11524163568773,251"
20260107020000,coindesk.com,https://www.coindesk.com/business/2026/01/06/michael-saylor-s-strategy-catches-a-break-from-msci-but-analysts-caution-fight-isn-t-over-yet,"MSTR MSCI News: MSCI decision 'a welcome reprieve,' but analysts caution fight isn't over","0.254452926208651,4.32569974554707,4.07124681933842,8.3969465648855,22.3918575063613,1.27226463104326,367"
20260107031500,cointelegraph.com,https://cointelegraph.com/news/bitchat-cant-be-blocked-uganda-dev-says,Bitchat Dev Says App Can't Be Blocked in Uganda,"-2.51889168765743,1.51133501259446,4.03022670025189,5.54156171284635,22.1662468513854,1.25944584382872,356"
20260208173000,bitcoinmagazine.com,https://bitcoinmagazine.com/markets/bitcoin-price-71000-buy-the-dip,"Bitcoin Price Reclaims $71,000 As Institutions Buy The Dip","-4.06976744186047,0.968992248062015,5.03875968992248,6.0077519379845,24.2248062015504,0,480"
20260208173000,bitcoinmagazine.com,https://bitcoinmagazine.com/news/bithumb-bitcoin-blunder-sends-44-billion,Bithumb Bitcoin Blunder Sends $44 Billion To Users,"-5.64263322884013,2.19435736677116,7.83699059561129,10.0313479623824,21.0031347962382,0.313479623824451,595"
20260208141500,cointelegraph.com,https://cointelegraph.com/news/ark-sells-22m-coinbase-adds-bullish-across-etfs,"ARK Sells $22M in Coinbase Shares, Buys Bullish Across ETFs","-1.13378684807256,2.26757369614512,3.40136054421769,5.66893424036281,18.3673469387755,0,389"
20260208141500,cointelegraph.com,https://cointelegraph.com/news/jack-dorsey-block-may-cut-10-percent-staff-restructuring,Jack Dorsey's Block May Slash Up To 10% of Staff: Report,"-1.92771084337349,1.92771084337349,3.85542168674699,5.78313253012048,24.3373493975904,0,371"
20260208230000,cointelegraph.com,https://cointelegraph.com/news/google-search-crypto-hover-yearly-low,Google Search Interest in 'Crypto' Near 1-Year Lows Amid Market Crash,"-4.81651376146789,0.229357798165138,5.04587155963303,5.27522935779817,21.5596330275229,1.14678899082569,406"
20260208230000,cointelegraph.com,https://cointelegraph.com/news/federal-reserve-gradual-print-lyn-alden,Lyn Alden: Get Ready for the Federal Reserve's 'Gradual Print',"-2.03562340966921,2.79898218829517,4.83460559796438,7.63358778625954,24.4274809160305,1.01781170483461,367"
20260208231500,coindesk.com,https://www.coindesk.com/policy/2026/02/08/previewing-policy-at-consensus-hong-kong-2026-state-of-crypto,Previewing policy at Consensus Hong Kong 2026: State of Crypto,"0,1.19521912350598,1.19521912350598,2.39043824701195,19.1235059760956,2.98804780876494,437"
20260208231500,coindesk.com,https://www.coindesk.com/markets/2026/02/08/bitcoin-bulls-spot-bottoming-signs-as-longtime-bears-take-victory-laps,Bitcoin price analysis: BTC likely closer to bottom than top as bears celebrate,"0.387596899224806,3.10077519379845,2.71317829457364,5.81395348837209,23.2558139534884,0.516795865633075,691"
20260226044500,cointelegraph.com,https://cointelegraph.com/news/ethzilla-shares-jump-rebrand-forum-tokenization-pivot,ETHZilla Surges on Rebrand to Forum in Tokenization Pivot,"0.496277915632754,1.98511166253102,1.48883374689826,3.47394540942928,24.0694789081886,0.496277915632754,372"
20260226044500,cointelegraph.com,https://cointelegraph.com/news/uk-temporary-ban-crypto-political-donations-matt-western,UK Security Chair Wants Temporary Ban on Crypto Donations,"-3.89344262295082,1.84426229508197,5.73770491803279,7.58196721311475,24.3852459016393,0.614754098360656,456"
20260210043000,cointelegraph.com,https://cointelegraph.com/news/bitcoin-sentiment-hits-record-low-as-contrarian-investors-say-dollar60k-was-btc-s-bottom,"Cointelegraph: Bitcoin, Ethereum, Crypto News & Price Indexes","-5,1.78571428571429,6.78571428571429,8.57142857142857,25.8928571428571,0,507"
20260210043000,cointelegraph.com,https://cointelegraph.com/news/vitalik-buterin-shares-vision-how-ethereum-and-ai-will-work,"Cointelegraph: Bitcoin, Ethereum, Crypto News & Price Indexes","0.198807157057654,3.37972166998012,3.18091451292246,6.56063618290259,22.2664015904573,0.99403578528827,444"
20260210043000,cointelegraph.com,https://cointelegraph.com/news/mrbeast-acquires-gen-z-bank-step,"Cointelegraph: Bitcoin, Ethereum, Crypto News & Price Indexes","1.26903553299492,3.04568527918782,1.77664974619289,4.82233502538071,24.3654822335025,1.26903553299492,353"
20260210050000,coindesk.com,https://www.coindesk.com/markets/2026/02/10/bitcoin-s-u-s-demand-signal-flickers-back-after-crash,Bitcoin's U.S. demand signal flickers back after crash,"-3.97553516819572,1.22324159021407,5.19877675840979,6.42201834862385,22.0183486238532,0.917431192660551,305"
20260210050000,coindesk.com,https://www.coindesk.com/markets/2026/02/10/bitcoin-faces-fresh-resistance-near-usd71-000-as-fear-gauge-hits-2022-lows,"Bitcoin price analysis: BTC faces fresh resistance near $71,000","-4.35540069686411,1.21951219512195,5.57491289198606,6.79442508710801,27.0034843205575,0.871080139372822,525"
20260210024500,newsbtc.com,https://www.newsbtc.com/news/dogecoin/dogecoin-bear-market-almost-over-crypto-analyst/,Dogecoin Bear Market Almost Over? Crypto Analyst Weighs In,"-2.10378681626928,2.52454417952314,4.62833099579243,7.15287517531557,27.3492286115007,0.841514726507714,642"
20260104210000,cointelegraph.com,https://cointelegraph.com/news/metaplanet-edge-us-dats-jpy-weakness,Metaplanet Has an Edge Over US-Based DATs Due to JPY Weakness: Analyst,"-2.44498777506112,3.17848410757946,5.62347188264059,8.80195599022005,17.8484107579462,0.244498777506112,366"
20260104210000,cointelegraph.com,https://cointelegraph.com/news/bitcoin-will-move-tradfi-reacts-venezuela-btc-price-nears-92k,Bitcoin Has Liquidation Price Targets in Sight Ahead of a Big Weekly Close,"-1.33111480865225,1.49750415973378,2.82861896838602,4.3261231281198,19.8003327787022,0.665557404326123,545"
20260104210000,cointelegraph.com,https://cointelegraph.com/news/altcoins-hold-crucial-support-big-leg-up,"Altcoin Market Cap Holds 'Critical' Support, Poised for Upside: Analyst","-1.23762376237624,1.23762376237624,2.47524752475248,3.71287128712871,19.5544554455446,0,359"
20260216230000,newsbtc.com,https://www.newsbtc.com/bitcoin-news/extreme-bitcoin-shorts-bottom/,"Extreme Bitcoin Shorts Could Predict A Bottom, Here's The Significance","-3.87596899224806,1.55038759689922,5.42635658914729,6.97674418604651,26.1627906976744,0,480"
20260216230000,newsbtc.com,https://www.newsbtc.com/news/cardano/cardano-ada-back-in-survival-mode-despite-whale-accumulation-and-defi-expansion-plans/,Cardano (ADA) Back in 'Survival Mode' Despite Whale Accumulation and DeFi Expansion Plans,"-5.68383658969805,1.59857904085258,7.28241563055062,8.8809946714032,26.6429840142096,0,511"
20260216230000,newsbtc.com,https://www.newsbtc.com/news/dogecoin/dogecoin-can-still-reach-1/,"Dogecoin Price Can Still Reach $1, But It May Not Be Soon, Analyst Explains Why","0,0.623700623700624,0.623700623700624,1.24740124740125,29.1060291060291,0,455"
20260216230000,newsbtc.com,https://www.newsbtc.com/breaking-news-ticker/xrp-outlook-slashed-standard-chartered-lowers-forecast-from-8-to-2/,XRP Outlook Slashed: Standard Chartered Lowers Forecast From $8 To $2,"-2.5,1.25,3.75,5,23.5,0.75,365"
20260117124500,newsbtc.com,https://www.newsbtc.com/news/dogecoin/dogecoin-rsi-in-oversold-levels/,"Dogecoin RSI Just Entered Historical Oversold Levels Again, Will It Repeat 2021?","-1.23711340206186,1.23711340206186,2.47422680412371,3.71134020618557,23.5051546391753,0,460"
20260117124500,newsbtc.com,https://www.newsbtc.com/altcoin/xrp-poised-to-move-on-its-own-separate-from-bitcoin-ceo/,"XRP Poised To Move On Its Own, Separate From Bitcoin: CEO","-2.8169014084507,0.704225352112676,3.52112676056338,4.22535211267606,23.4741784037559,0,386"
20260117124500,newsbtc.com,https://www.newsbtc.com/xrp-news/surge-in-xrp-transactions-1-45-million-daily-users-could-signal-price-rally-ahead-says-expert/,"Surge In XRP Transactions: 1.45 Million Daily Users Could Signal Price Rally Ahead, Says Expert","-0.986193293885602,0.986193293885602,1.9723865877712,2.9585798816568,21.6962524654832,0,450"
20260117124500,newsbtc.com,https://www.newsbtc.com/news/bitcoin/bitcoin-price-to-100k-eyes-are-on-short-term-holders/,Bitcoin Price To $100K: Why All Eyes Are On The Short-Term Holders,"0.858369098712446,2.57510729613734,1.71673819742489,4.29184549356223,28.755364806867,0,437"
20260117134500,cointelegraph.com,https://cointelegraph.com/news/three-reasons-bitcoin-real-breakout-107k-has-begun,Three Reasons Why Bitcoin's 'Real Breakout' Toward $107K Has Begun,"0.59171597633136,3.74753451676529,3.15581854043393,6.90335305719921,20.7100591715976,0,452"
20260117134500,cointelegraph.com,https://cointelegraph.com/news/crypto-user-loses-282m-bitcoin-litecoin-social-engineering-attack,"Crypto User Loses $282M in Bitcoin, Litecoin in Social Engineering Attack","-8.04878048780488,1.70731707317073,9.75609756097561,11.4634146341463,23.4146341463415,0.48780487804878,373"
20260117134500,cointelegraph.com,https://cointelegraph.com/news/bitcoin-etf-inflows-surge-as-institutional-demand-returns,Bitcoin ETFs See $1.42B Inflows as Institutional Demand Rebuilds,"-1.27659574468085,2.12765957446809,3.40425531914894,5.53191489361702,23.1914893617021,0,435"
20260116021500,bitcoinmagazine.com,https://bitcoinmagazine.com/news/senate-democrats-crypto-resume-talks,"Senate Democrats, Crypto Reps Resume Talks After Bill Delay","-1.42857142857143,3.14285714285714,4.57142857142857,7.71428571428571,25,0,643"
20260116021500,newsbtc.com,https://www.newsbtc.com/news/dogecoin/dogecoin-following-bullish-signal/,Dogecoin Price Is Following This Bullish Signal With A Major Target,"1.38067061143984,1.57790927021696,0.19723865877712,1.77514792899408,24.4575936883629,0,479"
20260116021500,newsbtc.com,https://www.newsbtc.com/bitcoin-news/bitcoin-rally-very-bullish-whale-retail-santiment/,"Bitcoin Rally Accompanied By 'Very Bullish' Whale-Retail Behavior, Santiment Says","1.04602510460251,1.67364016736402,0.627615062761506,2.30125523012552,28.2426778242678,0,445"
20260115230000,cointelegraph.com,https://cointelegraph.com/news/bitcoin-rally-collapses-at-97k-as-funding-rate-stalls-retail-traders-sit-out,Bitcoin Drops Pace At $97K As Retail Stays Sidelined: Did The Rally End?,"-4.14201183431953,1.57790927021696,5.71992110453649,7.29783037475345,22.4852071005917,0.788954635108481,463"
20260115230000,cointelegraph.com,https://cointelegraph.com/news/west-virginia-bill-treasury-digital-assets,West Virginia Lawmaker Introduces Bill to Allow State Crypto Investments,"3.26797385620915,4.57516339869281,1.30718954248366,5.88235294117647,22.8758169934641,1.63398692810458,279"
20260115230000,cointelegraph.com,https://cointelegraph.com/news/eth-s-next-stop-could-be-dollar4-1k-but-this-must-happen-first,"ETH Charts Point To 25% Rally, But A Support May Happen First","-0.431034482758621,3.01724137931034,3.44827586206897,6.46551724137931,23.4913793103448,0,421"
20260115230000,cointelegraph.com,https://cointelegraph.com/news/nicehash-untagged-bitcoin-blocks-solo-miner-myth,"NiceHash Explains Untagged Bitcoin Blocks, Dispels Solo Miner Myth","-2.33545647558386,2.33545647558386,4.67091295116773,7.00636942675159,22.5053078556263,0.636942675159236,443"
20260115230000,cointelegraph.com,https://cointelegraph.com/news/bitcoin-whale-balances-see-21percent-bounce-after-fastest-sell-off-since-2023-ends,BTC Whales Turn Net Positive After Fastest Selloff In Years Ends,"-1.02040816326531,0.612244897959184,1.63265306122449,2.24489795918367,22.2448979591837,0,428"
20260115230000,cointelegraph.com,https://cointelegraph.com/news/coinbase-ceo-crypto-market-structure-bill-markup,Coinbase CEO Expects Market Structure Bill Markup 'in a Few Weeks',"-0.221238938053097,2.65486725663717,2.87610619469027,5.53097345132743,25.2212389380531,1.99115044247788,423"
20260214151500,newsbtc.com,https://www.newsbtc.com/bitcoin-news/go-bitcoin-today-michael-saylor-says-a-warning-on-broken-money/,"'Go Bitcoin Today,' Saylor Says: A Warning On Broken Money","-2.82828282828283,2.02020202020202,4.84848484848485,6.86868686868687,28.0808080808081,0,439"
20260214151500,newsbtc.com,https://www.newsbtc.com/news/bitcoin/bitcoin-funding-rate-falls-to-critical-level/,Bitcoin Funding Rate Falls To Critical Level &#x2014; Short Squeeze Incoming?,"-1.0230179028133,1.53452685421995,2.55754475703325,4.0920716112532,25.8312020460358,0,365"
20260214151500,newsbtc.com,https://www.newsbtc.com/news/bitcoin/bitcoin-supertrend-signal-that-preceded-correction/,Bitcoin SuperTrend Signal That Preceded Last 60% Correction Resurfaces,"0.407331975560081,1.62932790224033,1.22199592668024,2.85132382892057,26.2729124236253,0,457"
20260123053000,newsbtc.com,https://www.newsbtc.com/bitcoin-news/bitcoin-supply-in-profit-stalls-at-71-still-not-enough-for-a-sustainable-recovery/,Bitcoin Supply In Profit Stalls At 71%: Still Not Enough For A Sustainable Recovery,"-2.06022187004754,4.43740095087163,6.49762282091918,10.9350237717908,26.6244057052298,0,595"
20260123053000,newsbtc.com,https://www.newsbtc.com/analysis/btc/bitcoin-price-stability-89k/,"Bitcoin Price Stability Sparks Recovery Hopes, But Hurdles Loom","1.08459869848156,3.470715835141,2.38611713665944,5.85683297180043,28.6334056399132,0,409"
20260123053000,newsbtc.com,https://www.newsbtc.com/analysis/eth/ethereum-bulls-must-conquer-3050/,"Ethereum Bulls Must Conquer $3,050 Or Momentum Quickly Fades","0.22075055187638,3.09050772626932,2.86975717439294,5.96026490066225,27.5938189845475,0,413"
20260123053000,newsbtc.com,https://www.newsbtc.com/analysis/xrp/xrp-price-signals-trouble-2-0/,XRP Price Signals Trouble As Bears Prepare Another Push Lower,"-1.03950103950104,2.07900207900208,3.11850311850312,5.1975051975052,28.4823284823285,0,445"
20260123063000,cointelegraph.com,https://cointelegraph.com/news/bitcoin-quantum-computing-fears-btc-price-catalyst,Bitcoiners Reject Quantum Computing Fears Weighing On Price,"-2.67857142857143,2.45535714285714,5.13392857142857,7.58928571428571,26.3392857142857,0,410"
20260123063000,cointelegraph.com,https://cointelegraph.com/news/bitcoin-miners-prepare-ice-storm-southern-us,Major US Storm May Prompt Crypto Miners to Adjust Operations,"-3.13807531380753,1.46443514644351,4.60251046025105,6.06694560669456,25.3138075313808,1.67364016736402,444"
20260123063000,cointelegraph.com,https://cointelegraph.com/news/south-korea-seized-bitcoin-stolen-phishing-scam-report,South Korea Investigating Confiscated Bitcoin Theft: Report,"-12.1447028423773,0.258397932816538,12.4031007751938,12.6614987080103,18.3462532299742,0.775193798449612,362"
20260123063000,cointelegraph.com,https://cointelegraph.com/news/doj-drops-opensea-manager-nft-insder-trader-case,DOJ Drops OpenSea NFT Insider Trading Case,"-4.40771349862259,3.03030303030303,7.43801652892562,10.4683195592287,22.3140495867769,1.10192837465565,332"
20260123063000,cointelegraph.com,https://cointelegraph.com/news/crypto-adoption-regions-pricewaterhousecoopers-pwc,"Crypto Networks Are 'Borderless, Adoption Is Not': PwC","-0.526315789473684,2.36842105263158,2.89473684210526,5.26315789473684,20.2631578947368,1.05263157894737,347"
20260125183000,newsbtc.com,https://www.newsbtc.com/news/is-bitcoin-supercycle-truly-on-the-horizon/,Is Bitcoin Supercycle Truly On The Horizon? Analyst Predicts $31K Bottom In 2026,"-0.763358778625954,1.27226463104326,2.03562340966921,3.30788804071247,19.8473282442748,0,364"
20260125183000,newsbtc.com,https://www.newsbtc.com/news/bitcoin/bitcoin-whale-demand-hits-extreme-levels/,Bitcoin Whale Demand Hits Extreme Levels As Next Rally Loads Up,"-1.31578947368421,1.53508771929825,2.85087719298246,4.3859649122807,22.3684210526316,0.43859649122807,424"
20260125180000,coindesk.com,https://www.coindesk.com/business/2026/01/25/how-the-ultra-wealthy-are-using-bitcoin-to-fund-their-yacht-upgrades-and-cannes-trips,From Tesla shares to bitcoin: The new secret to getting a credit line without a bank,"1.82260024301337,3.64520048602673,1.82260024301337,5.4678007290401,24.3013365735115,0.607533414337789,760"
20260125180000,coindesk.com,https://www.coindesk.com/markets/2026/01/25/here-s-what-fed-s-highly-anticipated-rate-decision-this-week-means-for-bitcoin-and-the-dollar,Fed rate decision: Why Jerome Powell's press conference is the real wildcard for markets,"-3.98069963811822,1.20627261761158,5.1869722557298,6.39324487334138,29.3124246079614,0.361881785283474,754"
20260125180000,coindesk.com,https://www.coindesk.com/markets/2026/01/25/crypto-etfs-with-staking-can-supercharge-returns-but-they-may-not-be-for-everyone,Crypto ETFs with staking can supercharge returns but they may not be for everyone,"1.02651839178785,3.07955517536356,2.05303678357571,5.13259195893926,25.3207869974337,0.513259195893926,1080"
20260125161500,cointelegraph.com,https://cointelegraph.com/news/ark-invest-buys-coinbase-circle-bullish-crypto-dip,"ARK Invest Buys Coinbase, Circle and Bullish as Crypto Stocks Slide","-2.62008733624454,1.96506550218341,4.58515283842795,6.55021834061135,20.3056768558952,0,419"
20260216114500,cointelegraph.com,https://cointelegraph.com/news/willy-woo-bitcoin-quantum-risk-gold-lost-coins-post-quantum-upgrade,Willy Woo Flags Q Day Risk as Bitcoin's Valuation Versus Gold Slips,"-3.2258064516129,4.07470288624788,7.30050933786078,11.3752122241087,25.1273344651952,0,529"
20260216114500,cointelegraph.com,https://cointelegraph.com/news/75k-or-bearish-regime-shift-five-things-to-know-in-bitcoin-this-week,"Bitcoin Bullish Analysis Eyes a Trip to $75,000 This Week","-2.34208658623137,1.91625266146203,4.2583392476934,6.17459190915543,23.2789212207239,0.42583392476934,1284"
20260216114500,cointelegraph.com,https://cointelegraph.com/news/okx-secures-eu-payment-license-to-expand-stablecoin-services,OKX Secures Malta License To Expand EU Stablecoin Payments,"3.94736842105263,4.73684210526316,0.789473684210526,5.52631578947368,22.3684210526316,0,337"
20260216114500,cointelegraph.com,https://cointelegraph.com/sponsored/from-an-exchange-to-a-new-financial-platform-keynote-with-ben-recap,From an exchange to a new financial platform: Keynote with Ben recap,"0.655307994757536,1.17955439056356,0.524246395806029,1.70380078636959,19.7903014416776,0.393184796854522,684"
20260216114500,cointelegraph.com,https://cointelegraph.com/news/crypto-etf-4-week-outflows-173-million-btc-below-70k,Crypto Funds See $173M Outflows As Altcoins Gain Momentum,"-2.12765957446809,0.531914893617021,2.65957446808511,3.19148936170213,13.8297872340426,1.86170212765957,318"
20260216114500,cointelegraph.com,https://cointelegraph.com/news/binance-denies-iran-sanctions-report-fortune,Binance Rejects Claims of Iran-Linked Transactions and Staff Firings,"-6.27705627705628,3.24675324675325,9.52380952380952,12.7705627705628,17.5324675324675,0.649350649350649,427"
20260216124500,coindesk.com,https://www.coindesk.com/policy/2026/02/16/okx-snags-european-payments-license-for-stablecoin-and-crypto-card-expansion,OKX snags European payments license for stablecoin and crypto card expansion,"3.65296803652968,3.65296803652968,0,3.65296803652968,22.8310502283105,2.28310502283105,208"
20260216124500,coindesk.com,https://www.coindesk.com/markets/2026/02/14/hive-riot-earnings-reports-fed-rate-decision-minutes-crypto-week-ahead,"Hive, Riot earnings reports, FOMC minutes: Crypto Week Ahead","0.427350427350428,1.70940170940171,1.28205128205128,2.99145299145299,17.2364672364672,0.427350427350427,465"
20260216124500,coindesk.com,https://www.coindesk.com/markets/2026/02/16/ether-steadies-after-usd540-million-sell-wave-to-outperform-crypto-market,Ether steadies after $540 million sell wave while altcoins lag: Crypto Markets Today,"-1.75438596491228,2.39234449760766,4.14673046251994,6.53907496012759,19.7767145135566,0.478468899521531,549"
20260216124500,coindesk.com,https://www.coindesk.com/business/2026/02/16/russia-s-daily-crypto-turnover-is-over-usd650-million-ministry-of-finance-says,"Russia's daily crypto turnover is over $650 million, Ministry of Finance says","-0.451467268623025,1.12866817155756,1.58013544018059,2.70880361173815,21.8961625282167,1.12866817155756,394"
20260216124500,coindesk.com,https://www.coindesk.com/policy/2026/02/16/animoca-brands-clears-a-major-regulatory-hurdle-with-new-dubai-license,Animoca Brands clears a major regulatory hurdle with new Dubai license,"2.8436018957346,2.8436018957346,0,2.8436018957346,18.0094786729858,1.4218009478673,199"
20260216124500,coindesk.com,https://www.coindesk.com/markets/2026/02/16/strategy-says-it-can-survive-even-if-bitcoin-drops-to-usd8-000-and-will-equitize-debt,"Michael Saylor's Strategy says it can survive a bitcoin (BTC) price crash to $8,000","-2.52403846153846,3.84615384615385,6.37019230769231,10.2163461538462,24.5192307692308,0.480769230769231,756"
20260216124500,coindesk.com,https://www.coindesk.com/business/2026/02/16/metaplanet-operating-profit-to-rise-81-in-2026-after-soaring-17-fold-last-year-on-options-writing,"Metaplanet's operating profit jumps nearly 1,700% as bitcoin income generation pays off","0.403225806451613,2.41935483870968,2.01612903225806,4.43548387096774,20.5645161290323,1.20967741935484,211"
20260216141500,newsbtc.com,https://www.newsbtc.com/bitcoin-news/bitcoin-capitulation-or-buy-zone-on-chain-data/,Bitcoin Capitulation Or Buy Zone? What On-Chain Data Shows,"-3.43878954607978,1.10041265474553,4.53920220082531,5.63961485557084,25.9972489683631,0.275103163686382,654"
20260216141500,newsbtc.com,https://www.newsbtc.com/news/bitcoin/bitcoin-should-be-flying-instead-quantum-risk-keeps-it-grounded-analyst/,"Bitcoin Should Be Flying&#x2014;Instead, Quantum Keeps It Grounded","-0.998336106489184,4.3261231281198,5.32445923460898,9.65058236272879,25.2911813643927,0.166389351081531,545"
20260113170000,bitcoinmagazine.com,https://bitcoinmagazine.com/markets/bitcoin-price-jumps-above-92500,"Bitcoin Price Jumps Above $92,500 As CPI Meets Forecasts","-2.85714285714286,1.36054421768707,4.21768707482993,5.57823129251701,20.5442176870748,0.136054421768707,677"
20260113170000,bitcoinmagazine.com,https://bitcoinmagazine.com/news/21shares-launches-bitcoin-and-gold-etp,Bitcoin And Gold ETP Launches On London Stock Exchange,"-0.196078431372549,3.52941176470588,3.72549019607843,7.25490196078431,19.4117647058824,0,465"
20260113170000,bitcoinmagazine.com,https://bitcoinmagazine.com/technical/spark-explained-like-youre-five,Spark Explained Like You're Five,"-2.15462610899873,2.15462610899873,4.30925221799747,6.4638783269962,26.8694550063371,0.633713561470215,709"
20260206214500,bitcoinmagazine.com,https://bitcoinmagazine.com/news/strategy-mstr-will-lead-bitcoin-effort,"Strategy ($MSTR) To Lead Bitcoin Quantum Defense, Says Saylor","-0.775193798449613,3.87596899224806,4.65116279069767,8.52713178294574,23.8372093023256,0.775193798449612,461"
20260206214500,bitcoinmagazine.com,https://bitcoinmagazine.com/markets/strategy-soars-as-bitcoin-rebounds,Strategy ($MSTR) Soars 25% As Bitcoin Bounces Off Lows,"-1.4,3.6,5,8.6,19.8,0.6,431"
20260206214500,bitcoinmagazine.com,https://bitcoinmagazine.com/markets/bitcoin-price-roars-above-71000,"Bitcoin Price Roars Above $71,000 After Days Of Sell-Offs","-3.68663594470046,1.84331797235023,5.52995391705069,7.37327188940092,19.1244239631336,0,386"
20260222214500,newsbtc.com,https://www.newsbtc.com/news/bitcoin/bitcoin-and-ethereum-retail-investors-to-resume/,Bitcoin Retail Investors To Resume Buying? Rising TRC-20 USDT Reserves Suggest,"1.07296137339056,2.14592274678112,1.07296137339056,3.21888412017167,22.7467811158798,0,433"
20260222214500,newsbtc.com,https://www.newsbtc.com/altcoin/xrp-flashes-rare-on-chain-signal-that-once-preceded-114-gains/,XRP Flashes Rare On-Chain Signal That Once Preceded 114% Gains,"-1.83150183150183,1.64835164835165,3.47985347985348,5.12820512820513,25.8241758241758,0,483"
20260222204500,cointelegraph.com,https://cointelegraph.com/news/bitcoin-price-may-rebound-85k-cme-smart-money-slashes-shorts,Bitcoin May Rebound to $85K as CME 'Smart Money' Slashes Short Bets,"-0.45045045045045,2.47747747747748,2.92792792792793,5.40540540540541,22.972972972973,0,396"
20260202103000,coindesk.com,https://www.coindesk.com/markets/2026/02/02/bitcoin-etf-holders-sitting-on-paper-losses-may-throw-in-the-towel,"BTC spot exchange-traded fund holders are in the red, may throw in the towel","-3.80622837370242,1.3840830449827,5.19031141868512,6.57439446366782,26.2975778546713,1.03806228373702,264"
20260202103000,coindesk.com,https://www.coindesk.com/markets/2026/02/02/binance-moves-1-315-bitcoin-into-safu-fund-as-it-prepares-to-buy-usd1-billion-btc,"Binance moves 1,315 bitcoin into SAFU fund as it prepares to buy $1 billion BTC","0.964630225080386,2.89389067524116,1.92926045016077,4.82315112540193,25.08038585209,0.964630225080386,287"
20260202103000,coindesk.com,https://www.coindesk.com/markets/2026/02/02/bitcoin-s-crash-exposes-painful-truth-crypto-market-still-dances-to-btc-s-tune,Bitcoin's price crash exposes painful truth &#x2013; crypto market still dances to BTC's tune,"-2.11970074812968,2.49376558603491,4.61346633416459,7.1072319201995,22.069825436409,0.623441396508728,719"
20260202104500,cointelegraph.com,https://cointelegraph.com/news/polymarket-odds-bitcoin-below-65k-72-percent,Bitcoin Bets On Polymarket Signal Sharp 2026 Downside Risk,"-1.68674698795181,0.240963855421687,1.92771084337349,2.16867469879518,22.6506024096386,0.72289156626506,378"
20260202104500,cointelegraph.com,https://cointelegraph.com/news/nomura-temporarily-reducing-crypto-risk-exposure-after-q4-profit-drop,Nomura Q3 Profit Drop Prompts Crypto Exposure Reduction,"-2.73224043715847,1.36612021857923,4.0983606557377,5.46448087431694,20.2185792349727,0.273224043715847,335"
20260202104500,cointelegraph.com,https://cointelegraph.com/news/average-bitcoin-etf-buy-underwater-after-investors-pull-2-8b-2-weeks,Bitcoin ETF Investors Underwater After $2.8B Outflow Wave,"-2.86532951289398,1.43266475644699,4.29799426934097,5.73065902578797,23.4957020057307,1.71919770773639,315"
20260202104500,cointelegraph.com,https://cointelegraph.com/news/crypto-stolen-370m-january-quadrupling-year-on-year-certik,Crypto Thefts Rise Nearly Fourfold Over Year to $370M in January,"-9.19220055710306,1.1142061281337,10.3064066852368,11.4206128133705,18.941504178273,0,306"
20260202104500,cointelegraph.com,https://cointelegraph.com/news/btc-price-heads-back-to-2021-five-things-bitcoin-this-week,"Bitcoin is Expected to Dive Below $50,000 Before Bottoming","-2.45470485096435,1.75336060783168,4.20806545879603,5.9614260666277,22.3845704266511,0.876680303915839,1549"
20260207041500,cointelegraph.com,https://cointelegraph.com/news/bitcoin-bull-market-catalyst-us-federal-reserve-interest-rates-fall,Macro 'Accomodative Policies' May Not Be The Next Big Catalyst For Bitcoin,"0.72289156626506,3.13253012048193,2.40963855421687,5.54216867469879,28.433734939759,2.16867469879518,383"
20260207040000,newsbtc.com,https://www.newsbtc.com/news/dogecoin/dogecoin-drops-below-0-09-as-market-weakness-outweighs-musk-hype/,Dogecoin Drops Below $0.09 as Market Weakness Outweighs Musk Hype,"-3.90143737166324,2.05338809034908,5.95482546201232,8.0082135523614,26.0780287474333,0,444"
20260207040000,newsbtc.com,https://www.newsbtc.com/news/solana/solana-spot-etfs-see-2-82m-inflows-as-sol-trades-at-79-amid-broader-market-stress/,Solana Spot ETFs See $2.82M Inflows as SOL Trades at $79 Amid Broader Market Stress,"-4.149377593361,1.03734439834025,5.18672199170125,6.22406639004149,24.0663900414938,0,429"
20260207040000,newsbtc.com,https://www.newsbtc.com/bitcoin-news/bitcoin-sentiment-worst-2022-bear-price-crash/,Bitcoin Sentiment Worst Since 2022 Bear As Price Crash Continues,"-6.67976424361493,0.392927308447937,7.07269155206287,7.46561886051081,25.3438113948919,0,484"
20260130111500,coindesk.com,https://www.coindesk.com/markets/2026/01/30/u-s-dollar-strength-and-volatility-surge-as-markets-nervously-await-u-s-open,DXY index and VIX surge as markets await U.S. Open,"-1.53846153846154,1.84615384615385,3.38461538461538,5.23076923076923,24.3076923076923,0.923076923076923,305"
20260130111500,coindesk.com,https://www.coindesk.com/markets/2026/01/30/u-s-listed-bitcoin-ether-etfs-bleed-nearly-usd1-billion-in-one-day,"Bitcoin ETFs see worst outflows since August, as BTC, ETH products lose $1 billion","-4.29447852760736,2.24948875255624,6.5439672801636,8.79345603271984,18.4049079754601,0.81799591002045,438"
20260130111500,coindesk.com,https://www.coindesk.com/markets/2026/01/30/gold-s-six-month-rally-versus-bitcoin-shows-similarities-to-the-2019-cycle,BTC-to-gold ratio nears a 2019 style turning point after six red candles,"0.367647058823529,5.14705882352941,4.77941176470588,9.92647058823529,19.8529411764706,1.10294117647059,246"
20260130111500,coindesk.com,https://www.coindesk.com/markets/2026/01/30/binance-is-shifting-its-user-security-fund-from-stablecoins-to-bitcoin,Binance to shift $1 billion user protection fund into bitcoin amid market rout,"-0.434782608695652,1.73913043478261,2.17391304347826,3.91304347826087,23.9130434782609,1.73913043478261,200"
20260130141500,newsbtc.com,https://www.newsbtc.com/news/bitcoin/bitcoin-cycle-already-over/,"Crypto Expert Says The Bitcoin Cycle Is Already Over, Here's Why","-0.798403193612774,3.39321357285429,4.19161676646707,7.58483033932136,21.3572854291417,0,471"
20260130141500,newsbtc.com,https://www.newsbtc.com/news/bitcoin/bitcoins-slide-to-82k-sets-off-a-1-7-billion-chain-reaction/,Bitcoin's Slide To $82K Sets Off A $1.7 Billion Chain Reaction,"-4.77178423236515,2.0746887966805,6.84647302904564,8.92116182572614,26.3485477178423,0.622406639004149,445"
20260130141500,newsbtc.com,https://www.newsbtc.com/news/solana/solana-1600-within-five-years-bitwise-cio/,"Solana Could Reach $1,600+ Within Five Years, Bitwise CIO Says","0.110497237569061,2.5414364640884,2.43093922651934,4.97237569060773,22.5414364640884,0.994475138121547,790"
20260102223000,bitcoinmagazine.com,https://bitcoinmagazine.com/news/bitcoin-price-struggled-in-2025,"Bitcoin Price Fell In 2025, But Lows Show A Strong Floor","-2.42165242165242,2.13675213675214,4.55840455840456,6.6951566951567,24.0740740740741,0,617"
20260102223000,newsbtc.com,https://www.newsbtc.com/analysis/xrp/xrp-make-or-break-zone/,XRP Enters A Make-or-Break Zone As This Long-Term Support Cracks,"-1.43737166324435,2.25872689938398,3.69609856262834,5.95482546201232,23.6139630390144,0,453"
20260102223000,newsbtc.com,https://www.newsbtc.com/analysis/xrp/pi-cycle-top-put-xrp-price-at-300-but-is-this-feasible/,"Pi Cycle Top Put XRP Price At $300, But Is This Feasible?","0.591715976331361,2.56410256410256,1.9723865877712,4.53648915187377,27.0216962524655,0,473"
20260102223000,bitcoinmagazine.com,https://bitcoinmagazine.com/business/why-mscis-upcoming-decision-on-bitcoin-treasury-companies-matters,Why MSCI's Upcoming Decision On Bitcoin Treasury Companies Matters,"-1.53846153846154,2.69230769230769,4.23076923076923,6.92307692307692,20.1282051282051,0.128205128205128,699"
20260102223000,bitcoinmagazine.com,https://bitcoinmagazine.com/news/fedi-to-go-open-source-on-bitcoin-genesis,Fedi To Go Open Source On Bitcoin Genesis Anniversary,"1.58371040723982,3.39366515837104,1.80995475113122,5.20361990950226,22.3981900452489,0,410"
20260102223000,newsbtc.com,https://www.newsbtc.com/news/bitcoin/bitcoin-dominance-grows-as-altcoins-post-another-losing-year-analyst/,Bitcoin Dominance Grows As Altcoins Post Another Losing Year,"-4.05679513184584,0.811359026369168,4.86815415821501,5.67951318458418,19.6754563894523,0.202839756592292,453"
20260102220000,cointelegraph.com,https://cointelegraph.com/news/bitcoin-whale-accumulation-overstated-long-term-holders-buy,Bitcoin Whale Accumulation Overstated as Long-Term Holders Begin Buying,"-2.21518987341772,0.632911392405063,2.84810126582278,3.48101265822785,24.6835443037975,0.632911392405063,292"
20260102220000,cointelegraph.com,https://cointelegraph.com/news/battle-between-bitcoin-bulls-and-bears-continues-in-2026-here-s-the-levels-to-watch,Key Bitcoin Price Levels To Watch Out For In 2026,"-0.278940027894003,2.78940027894003,3.06834030683403,5.85774058577406,26.4993026499303,0.139470013947001,643"
20260102220000,coindesk.com,https://www.coindesk.com/tech/2026/01/02/crypto-hacker-ilya-lichtenstein-credits-trump-s-first-step-act-for-early-prison-release,Ilya Lichtenstein credits Trump's First Step Act for early release in Bitfinex hack case,"-4.49172576832151,3.3096926713948,7.80141843971631,11.1111111111111,21.2765957446809,1.18203309692671,370"
20260102220000,cointelegraph.com,https://cointelegraph.com/news/bitventures-crypto-mining-pivot-nasdaq-rebrand,BitVentures Pivots into Crypto Mining After Nasdaq Rebrand,"0,2.1505376344086,2.1505376344086,4.3010752688172,19.6236559139785,0.268817204301075,343"
20260201133000,newsbtc.com,https://www.newsbtc.com/news/bitcoin/bitcoin-lth-supply-rises-again-amid-bearish-market-dynamics/,Bitcoin LTH Supply Rises Again Amid Bearish Market Dynamics,"-2.05949656750572,1.83066361556064,3.89016018306636,5.720823798627,27.0022883295195,0,396"
20260201133000,newsbtc.com,https://www.newsbtc.com/news/bitcoin/bitcoin-air-pocket-presents-potential-fall-to-73000-details/,"Bitcoin Air Pocket Presents Potential Fall To $73,000","-1.47058823529412,1.7156862745098,3.18627450980392,4.90196078431373,23.2843137254902,0,376"
20260201133000,newsbtc.com,https://www.newsbtc.com/news/bitcoin/heres-why-bitcoin-fall-below-80000-could-be-a-deep-pit-analyst/,"Here's Why Bitcoin Fall Below $80,000 Could Be A Deep Pit","-2.35294117647059,2.15686274509804,4.50980392156863,6.66666666666667,20.7843137254902,0,474"
20260118071500,newsbtc.com,https://www.newsbtc.com/news/bitcoin/analyst-reveals-how-far-bitcoin-price-will-crash-if-the-uptrend-doesnt-continue/,Analyst Reveals How Far Bitcoin Price Will Crash If The Uptrend Doesn't Continue,"-4.7808764940239,1.79282868525896,6.57370517928287,8.36653386454183,24.5019920318725,0,455"
20260201104500,coindesk.com,https://www.coindesk.com/markets/2026/02/01/bitcoin-drops-to-usd78-000-as-microstrategy-fueled-rally-runs-out-of-buyers-traders-say,"What next as bitcoin drops to $78,000 and Saylor's bet faces pressure","-2.57289879931389,2.40137221269297,4.97427101200686,7.37564322469983,25.9005145797599,0.514579759862779,522"
20260201104500,coindesk.com,https://www.coindesk.com/markets/2026/02/01/single-trader-just-lost-usd220-million-as-ether-plunged-10,Ethereum news: One trader just lost $220 million as ETH plunged 10%,"-6.89655172413793,1.06100795755968,7.95755968169761,9.01856763925729,21.7506631299735,0.795755968169761,330"
20260201111500,cointelegraph.com,https://cointelegraph.com/news/ftx-sam-bankman-fried-caroline-ellison-donald-trump,SBF Ramps Up Donald Trump Support After Ellison Release,"-1.02040816326531,4.08163265306122,5.10204081632653,9.18367346938776,23.9795918367347,0.76530612244898,338"
20260201111500,cointelegraph.com,https://cointelegraph.com/news/uae-backed-firm-buys-49-percent-trump-linked-world-liberty-wsj,UAE-Backed Investor Took 49% Stake in Trump-Linked Crypto Firm for $500M,"2.4,4.2,1.8,6,21,1.4,450"
20260303004500,newsbtc.com,https://www.newsbtc.com/breaking-news-ticker/cme-capitalizes-on-ada-xlm-link-in-crypto-strategy-key-figures-exposed/,"CME Capitalizes On ADA, XLM, LINK In Crypto Strategy: Key Figures Exposed","0.958466453674121,1.59744408945687,0.638977635782748,2.23642172523962,20.4472843450479,0,276"
20260303004500,newsbtc.com,https://www.newsbtc.com/bitcoin-news/bloodbath-or-buy-zone-bitcoins-66k-stagnation-hits-the-25-loss-threshold-historically-tied-to-market-bottoms/,Bloodbath Or Buy-Zone? Bitcoin's $66K Stagnation Hits The 25% Loss Threshold Historically Tied To Market Bottoms,"-3.37662337662338,4.67532467532468,8.05194805194805,12.7272727272727,23.8961038961039,0,369"
20260303023000,coindesk.com,https://www.coindesk.com/markets/2026/03/02/core-scientific-turns-lower-after-q4-results-disappoint,Core Scientific turns lower after Q4 results disappoint,"-1.64473684210526,1.64473684210526,3.28947368421053,4.93421052631579,19.0789473684211,1.31578947368421,276"
20260303030000,cointelegraph.com,https://cointelegraph.com/news/bitcoin-futures-demand-falls-to-2024-lows-are-institutions-exiting-the-market,Bitcoin Futures Activity Keeps Dropping: Are Investors Giving Up on BTC?,"-3.08880308880309,1.35135135135135,4.44015444015444,5.79150579150579,26.0617760617761,0.772200772200772,478"
20260303030000,cointelegraph.com,https://cointelegraph.com/news/iran-crypto-outflows-rose-after-us-israel-attack,Iran Crypto Outflows Rose 700% After US-Israel Attack,"-7.31132075471698,0.471698113207547,7.78301886792453,8.25471698113208,16.0377358490566,0.471698113207547,376"
20260303030000,cointelegraph.com,https://cointelegraph.com/news/us-prosecutors-recover-usdt-fraud-scheme,US Authorities Seek to Recover $327K USDt from Romance Fraud Scheme,"-3.03030303030303,3.7037037037037,6.73400673400673,10.4377104377104,21.2121212121212,1.34680134680135,274"
20260221111500,cointelegraph.com,https://cointelegraph.com/news/mara-majority-stake-exaion-ai-data-centers-bitcoin-miner,MARA Takes Controlling Stake in French AI Data Center Operator Exaion,"-2.63157894736842,2.19298245614035,4.82456140350877,7.01754385964912,20.8333333333333,0,417"
20260221111500,cointelegraph.com,https://cointelegraph.com/news/bitcoin-price-prediction-retail-user-healthy-crypto-indicator-santiment,Bitcoin Price Calls Are 'Drying Up' Which Is Healthy: Santiment,"-1.66666666666667,1.94444444444444,3.61111111111111,5.55555555555556,20,0.277777777777778,338"
20260221111500,cointelegraph.com,https://cointelegraph.com/news/spot-bitcoin-etfs-five-weeks-net-outflows-3-8b,Spot Bitcoin ETFs Post Five Consecutive Weeks of Outflows Reaching $3.8B,"-6.73854447439353,0.808625336927224,7.54716981132075,8.35579514824798,21.5633423180593,0.269541778975741,334"
20260223091500,coindesk.com,https://www.coindesk.com/markets/2026/02/23/usd61-million-bitcoin-whale-liquidated-on-htx-as-sentiment-back-at-extreme-fear,Bitcoin news: Single BTC trader loses $61 million on HTX as price dives 4%,"-4.6189376443418,0.92378752886836,5.54272517321016,6.46651270207852,21.4780600461894,0.92378752886836,388"
20260223091500,coindesk.com,https://www.coindesk.com/markets/2026/02/23/bitcoin-etfs-bleed-usd3-8-billion-in-historic-five-week-outflow-streak,Bitcoin (BTC) news today: ETFs bleed $3.8 billion in historic five-week outflow streak,"-4.7008547008547,0.854700854700855,5.55555555555556,6.41025641025641,20.5128205128205,1.28205128205128,215"
20260223070000,newsbtc.com,https://www.newsbtc.com/news/ethereum/ethereum-price-bottom-15000/,"Analyst Predicts The Ethereum Price Bottom With A Marked Path To $15,000","-0.945626477541371,1.89125295508274,2.83687943262411,4.72813238770686,31.6784869976359,0,404"
20260223070000,newsbtc.com,https://www.newsbtc.com/analysis/btc/bitcoin-price-slumps-64k/,"Bitcoin Price Slumps 5%, Bearish Momentum Returns With Force","0.212765957446809,3.82978723404255,3.61702127659574,7.4468085106383,28.936170212766,0,419"
20260223070000,newsbtc.com,https://www.newsbtc.com/analysis/solana-sol-loses-80-floor/,"Solana (SOL) Loses $80 Floor, Downtrend Signals Intensify Rapidly Across Broader Crypto Space","0,3.6144578313253,3.6144578313253,7.2289156626506,29.3975903614458,0.240963855421687,394"
20260223070000,newsbtc.com,https://www.newsbtc.com/analysis/xrp/xrp-price-sinks-beneath-1-420/,"XRP Price Sinks Beneath Key Level, Traders Brace for Tough Recovery","-1.931330472103,1.71673819742489,3.6480686695279,5.36480686695279,28.5407725321888,0,406"
20260223070000,newsbtc.com,https://www.newsbtc.com/analysis/eth/ethereum-price-crashes-1850/,"Ethereum Price Crashes 6%, Downtrend Signals Strengthen Sharply","-0.21551724137931,3.01724137931034,3.23275862068966,6.25,28.6637931034483,0,416"
20260116213000,bitcoinmagazine.com,https://bitcoinmagazine.com/markets/riot-stock-rockets-major-center-lease,Riot ($RIOT) Rockets 13% Following Major Lease With AMD,"-1.70316301703163,1.70316301703163,3.40632603406326,5.10948905109489,21.654501216545,0,369"
20260116213000,bitcoinmagazine.com,https://bitcoinmagazine.com/news/jefferies-bitcoin-over-quantum-computing,This Analyst Is Dumping Bitcoin Over Quantum Computing Fears,"-2.74509803921569,4.31372549019608,7.05882352941176,11.3725490196078,25.6862745098039,0,471"
20260116213000,bitcoinmagazine.com,https://bitcoinmagazine.com/featured/us-gov-denies-sale-of-samourai-bitcoin,U.S. Government Denies The Sale Of Samourai Wallet Bitcoin,"-4.95867768595041,2.27272727272727,7.23140495867769,9.50413223140496,23.1404958677686,0.206611570247934,445"
20260116214500,newsbtc.com,https://www.newsbtc.com/news/bitcoin/bitcoin-will-rally-above-99000/,"Bitcoin Price Will Still Rally Above $99,000 Despite Bearish Sentiment, Here's Why","-1.01214574898785,0.809716599190283,1.82186234817814,2.63157894736842,23.8866396761134,0,453"
20260116214500,newsbtc.com,https://www.newsbtc.com/news/solana/sol-price-faces-key-support-amid-solanas-rapid-network-expansion/,SOL Price Faces Key Support Amid Solana's Rapid Network Expansion,"-1.27272727272727,2.36363636363636,3.63636363636364,6,20.9090909090909,0,485"
20260116230000,cointelegraph.com,https://cointelegraph.com/news/bitcoin-rallies-etf-flows-rebound-us-crypto-policy,"Bitcoin Above $95K, US Lawmakers Delay CLARITY Act","0.274473924977127,3.47666971637694,3.20219579139982,6.67886550777676,21.7749313815188,1.18938700823422,1012"
20260116230000,cointelegraph.com,https://cointelegraph.com/news/price-predictions-1-16-btc-eth-xrp-bnb-sol-doge-ada-xmr-bch-link,Crypto Rally Stalls As BTC Falls Short Of $98K: Will Dip Buyers Arrive?,"-0.699790062981106,2.09937018894332,2.79916025192442,4.89853044086774,28.0615815255423,0,1340"
20260116230000,cointelegraph.com,https://cointelegraph.com/news/us-lender-newrez-crypto-holdings-mortgage-approval,US Lender Newrez to Recognize Crypto Holdings in Mortgage Qualification,"-0.259067357512953,1.29533678756477,1.55440414507772,2.84974093264249,25.1295336787565,1.81347150259067,358"
20260116230000,cointelegraph.com,https://cointelegraph.com/news/altcoin-daily-2026-crypto-outlook-bitcoin-ethereum-crypto,"Bull, base or bear? Three possible paths for crypto in 2026","0.862068965517241,1.72413793103448,0.862068965517241,2.58620689655172,24.5689655172414,0.431034482758621,210"
20260116230000,cointelegraph.com,https://cointelegraph.com/news/bitcoin-etf-inflows-cross-dollar1-8b-will-btc-respond-with-a-rally-to-dollar100k,$100K Bitcoin Price Depends on Weeks Of Steady BTC ETF Inflows,"1.39720558882236,2.79441117764471,1.39720558882236,4.19161676646707,22.5548902195609,0.998003992015968,453"
20260116230000,cointelegraph.com,https://cointelegraph.com/news/riot-platforms-bitcoin-ai-hpc-texas-land-deal,Bitcoin Miner Riot Platforms Deepens AI/HPC Push with Texas Land Deal,"-1.94444444444444,1.94444444444444,3.88888888888889,5.83333333333333,21.9444444444444,0.555555555555556,328"
20260116230000,cointelegraph.com,https://cointelegraph.com/news/bitcoin-spot-traders-lose-ground-as-btc-bears-defend-dollar98k,BTC Stalls Near $98K as Spot Trader Demand Fades,"-2.6525198938992,2.6525198938992,5.30503978779841,7.95755968169761,27.8514588859416,0,347"
20260116230000,cointelegraph.com,https://cointelegraph.com/news/michael-saylor-criticism-bitcoin-treasury-companies,Michael Saylor Pushes Back on Criticism of Bitcoin Treasury Companies,"0,4.48598130841121,4.48598130841121,8.97196261682243,17.9439252336449,0.560747663551402,487"
20260116230000,cointelegraph.com,https://cointelegraph.com/news/banks-stablecoins-etfs-crypto-institutional-tension,"Banks, Stablecoins and ETFs Collide in Crypto's Next Phase","-0.399467376830892,2.92942743009321,3.3288948069241,6.25832223701731,23.7017310252996,0.133155792276964,691"
20260116230000,cointelegraph.com,https://cointelegraph.com/news/goldman-sachs-ceo-clarity-act,Goldman Sachs CEO: CLARITY Act 'Has a Long Way to Go',"1.21654501216545,3.89294403892944,2.67639902676399,6.56934306569343,22.3844282238443,0.72992700729927,382"
20260219070000,cointelegraph.com,https://cointelegraph.com/news/fed-sees-possibility-of-upward-adjustments-to-rates-if-inflation-remains-above-target-levels,Fed Policymakers Raise Prospect Of Interest Rate Hikes,"-2.43362831858407,1.10619469026549,3.53982300884956,4.64601769911504,24.3362831858407,0.221238938053097,419"
20260219070000,cointelegraph.com,https://cointelegraph.com/news/warren-urges-fed-treasury-not-to-bail-out-crypto-billionaires,Warren Urges Fed And Treasury To Reject Crypto Bailout,"-1.94647201946472,2.91970802919708,4.8661800486618,7.78588807785888,20.6812652068127,1.21654501216545,377"
20260219070000,cointelegraph.com,https://cointelegraph.com/news/kalshi-data-should-guide-federal-reserve-policy-researchers,"Kalshi Data Could Inform Fed Reserve Policy, Say Researchers","-0.225225225225225,2.02702702702703,2.25225225225225,4.27927927927928,24.3243243243243,0.45045045045045,397"
20260219070000,cointelegraph.com,https://cointelegraph.com/news/bitcoin-s-consolidation-nears-turning-point-as-dollar70k-comes-in-focus-analyst,Will Bitcoin End Its Sideways Move Below $70K With This Setup?,"-1.36518771331058,2.04778156996587,3.41296928327645,5.46075085324232,25.0853242320819,0,511"
20260219070000,cointelegraph.com,https://cointelegraph.com/news/crypto-tradfi-execs-mingle-trump-crypto-event,"Crypto, TradFi Execs Mingle At Trump Crypto Event","1.45631067961165,3.88349514563107,2.42718446601942,6.31067961165049,22.8155339805825,1.45631067961165,375"
20260219051500,coindesk.com,https://www.coindesk.com/markets/2026/02/19/bitcoin-shakes-off-u-s-session-losses-as-trump-says-u-s-trade-deficit-cut-by-78,"Bitcoin price news: BTC climbs to $67,000 as Trump says U.S. deficit cut by 78%","-2.55681818181818,1.70454545454545,4.26136363636364,5.96590909090909,21.3068181818182,0.852272727272727,329"
20260219051500,coindesk.com,https://www.coindesk.com/markets/2026/02/19/bitcoin-can-bounce-higher-but-the-market-still-lacks-fuel-for-a-real-run,Bitcoin price prediction: BTC can bounce but market still lacks fuel for a real run,"-0.756143667296787,3.78071833648393,4.53686200378072,8.31758034026465,24.007561436673,0.56710775047259,486"
20260219051500,coindesk.com,https://www.coindesk.com/markets/2026/02/19/wlfi-surges-10-after-apex-stablecoin-deal-outperforming-btc-and-eth,"WLFI surges 10% after Apex stablecoin deal, outperforming BTC and ETH","0,2.21729490022173,2.21729490022173,4.43458980044346,23.2815964523282,1.77383592017738,407"
20260219053000,newsbtc.com,https://www.newsbtc.com/news/bitcoin/bitcoin-to-top-500000-by-2029-entrepreneur-makes-bold-call/,"Bitcoin To Top $500,000 By 2029? Entrepreneur Makes Bold Call","-1.89393939393939,2.46212121212121,4.35606060606061,6.81818181818182,25.5681818181818,0.568181818181818,466"
20260219053000,newsbtc.com,https://www.newsbtc.com/bitcoin-news/bitcoin-doesnt-get-macro-bailout-this-time-alden/,"Bitcoin Doesn't Get A Macro 'Bailout' This Time, Lyn Alden Warns","-2.29885057471264,2.42656449553001,4.72541507024266,7.15197956577267,26.8199233716475,0.510855683269476,700"
20260219053000,newsbtc.com,https://www.newsbtc.com/analysis/btc/bitcoin-price-slips-66k/,Bitcoin Price Slips In Choppy Trade As Bears Tighten Grip,"-0.669642857142857,3.125,3.79464285714286,6.91964285714286,29.0178571428571,0,397"
20260219053000,newsbtc.com,https://www.newsbtc.com/analysis/eth/ethereum-price-stalls-under-2k/,Ethereum Price Stalls Under Resistance With Breakout Hopes Delayed,"1.0989010989011,3.73626373626374,2.63736263736264,6.37362637362637,28.5714285714286,0,411"
20260219053000,newsbtc.com,https://www.newsbtc.com/news/bitcoin/bitcoin-structure-weakens/,"Bitcoin Structure Weakens Below $72,000 Despite Tight Range","-3.53430353430353,1.66320166320166,5.1975051975052,6.86070686070686,20.5821205821206,0,452"
20260219053000,newsbtc.com,https://www.newsbtc.com/news/ethereum/ethereum-decision-point/,"Ethereum Decision Point: It's Time To Start Panicking If Price Breaks Below $1,800","-2.42914979757085,2.42914979757085,4.8582995951417,7.28744939271255,22.6720647773279,0,446"
20260219053000,newsbtc.com,https://www.newsbtc.com/analysis/solana-sol-pressured-80/,"Solana (SOL) Pressured Below Key Levels, Further Drop Possible?","-0.75,3,3.75,6.75,27.75,0.25,381"
20260219053000,newsbtc.com,https://www.newsbtc.com/analysis/xrp/xrp-price-downtrend-deepens-1-450/,XRP Price Downtrend Deepens With Limited Signs Of Relief,"-2.35546038543897,1.71306209850107,4.06852248394004,5.78158458244111,28.6937901498929,0,419"
20260211211500,newsbtc.com,https://www.newsbtc.com/xrp-news/xrp-looks-different-this-cycle-targets-no-2-spot/,"XRP 'Looks Different' This Cycle, Targets No. 2 Spot: Analyst","-1.5233949945593,1.84983677910773,3.37323177366703,5.22306855277476,23.3949945593036,0.870511425462459,826"
20260211211500,newsbtc.com,https://www.newsbtc.com/analysis/xrp/xrp-could-crash-below-1/,Analyst Wans XRP Price Could Crash Below $1 If Bitcoin Reaches This Level,"-0.584795321637427,2.14424951267056,2.72904483430799,4.87329434697856,26.1208576998051,0,482"
20260211211500,newsbtc.com,https://www.newsbtc.com/analysis/xrp/xrp-consistent-downtrend/,Here's Why The XRP Price Has Been In A Consistent Downtrend Since 2025,"-2.81124497991968,2.61044176706827,5.42168674698795,8.03212851405623,24.0963855421687,0,445"
20260211211500,newsbtc.com,https://www.newsbtc.com/news/bitcoin/bitcoin-moves-with-tech-not-precious-metals-analysts-find/,"Bitcoin Moves With Tech, Not Precious Metals, Analysts Find","-0.642398286937901,2.56959314775161,3.21199143468951,5.78158458244111,25.6959314775161,0.214132762312634,422"
20260211211500,newsbtc.com,https://www.newsbtc.com/breaking-news-ticker/uni-rallies-10-as-blackrock-brings-treasury%E2%80%91backed-buidl-token-to-uniswap/,UNI Rallies 10% As BlackRock Brings Treasury&#x2011;Backed BUIDL Token To Uniswap,"1.95530726256983,2.51396648044693,0.558659217877095,3.07262569832402,20.391061452514,0.279329608938547,335"
20260211211500,newsbtc.com,https://www.newsbtc.com/news/ethereum/ethereum-whale-selloff-supply-share-drops-75/,Ethereum Whale Selloff Continues As Supply Share Drops Under 75%,"-0.694444444444444,0.347222222222222,1.04166666666667,1.38888888888889,23.4375,0.173611111111111,523"
20260211213000,cointelegraph.com,https://cointelegraph.com/news/bitcoin-rebound-hype-fades-as-range-highs-crumble-here-s-why-btc-is-volatile,Bitcoin Slips Below $66K As Absent Spot Demand    Benefits Bears,"-2.91666666666667,2.08333333333333,5,7.08333333333333,26.0416666666667,1.04166666666667,446"
20260211213000,cointelegraph.com,https://cointelegraph.com/news/price-predictions-2-11-btc-eth-bnb-xrp-sol-doge-bch-hype-ada-xmr,"Bitcoin, Altcoins Consolidate In Search Of New Price Floor","-0.689179875947622,1.86078566505858,2.5499655410062,4.41075120606478,27.4293590627154,0.0689179875947622,1337"
20260211213000,cointelegraph.com,https://cointelegraph.com/news/bitcoin-futures-data-shows-bears-gearing-up-for-an-assault-on-dollar60k,Bitcoin $60K Retest Possible Due To Growing Liquidity Gap,"-3.56472795497186,1.68855534709193,5.25328330206379,6.94183864915572,25.703564727955,0,478"
20260211230000,coindesk.com,https://www.coindesk.com/markets/2026/02/11/blackrock-exec-says-even-a-1-crypto-allocation-in-asia-could-unlock-usd2-trillion-in-new-flows,BlackRock exec says even a 1% crypto allocation in Asia could unlock $2 trillion in new flows,"1.6548463356974,2.36406619385343,0.709219858156028,3.07328605200946,19.6217494089835,1.18203309692671,392"
20260211230000,coindesk.com,https://www.coindesk.com/business/2026/02/11/hong-kong-remains-committed-to-digital-assets-but-feels-competition-from-an-aggressive-uae,Hong Kong remains committed to digital assets but feels competition from an 'aggressive' UAE,"-0.845665961945032,1.47991543340381,2.32558139534884,3.80549682875264,19.4503171247357,1.26849894291755,424"
20260211230000,coindesk.com,https://www.coindesk.com/policy/2026/02/11/u-s-doj-hits-paxful-for-usd4-million-in-case-tied-to-illegal-sex-work-money-laundering,"U.S. DOJ hits Paxful for $4 million in case tied to illegal sex work, money laundering","-5.69105691056911,1.6260162601626,7.31707317073171,8.94308943089431,21.9512195121951,1.21951219512195,218"
20260211204500,bitcoinmagazine.com,https://bitcoinmagazine.com/news/crypto-lender-blockfills-suspends-client,BlockFills Suspends Client Functions As Crypto Slumps,"-5.80808080808081,1.01010101010101,6.81818181818182,7.82828282828283,23.4848484848485,0.252525252525253,353"
20260211204500,bitcoinmagazine.com,https://bitcoinmagazine.com/markets/bitcoin-price-approaches-60000,"Bitcoin Price Craters Near $60,000, Eyes Multi-Month Bottom","-3.90243902439024,1.46341463414634,5.36585365853659,6.82926829268293,21.7073170731707,0.24390243902439,715"
20260211204500,bitcoinmagazine.com,https://bitcoinmagazine.com/culture/motiv-builds-bitcoin-circular-economies-empowering-750-peruvian-families-weekly,"Motiv Builds Bitcoin Circular Economies, Empowering 750+ Peruvian Families Weekly","1.35922330097087,3.17152103559871,1.81229773462783,4.98381877022654,19.6116504854369,0.776699029126214,1369"
20260211204500,bitcoinmagazine.com,https://bitcoinmagazine.com/news/standard-chartered-b2c2-access-crypto,"Standard Chartered, B2C2 Partner On Institutional Crypto Access","2.03562340966921,4.32569974554707,2.29007633587786,6.61577608142494,18.3206106870229,0,355"
20260211204500,bitcoinmagazine.com,https://bitcoinmagazine.com/news/moonpay-launches-crypto-deposits-feature,MoonPay Launches Cross-Chain Crypto Deposits For Telegram,"1.92307692307692,2.88461538461538,0.961538461538462,3.84615384615385,21.1538461538462,0,371"
20260201020000,coindesk.com,https://www.coindesk.com/business/2026/01/31/michael-saylor-s-bitcoin-stack-is-officially-underwater-but-here-s-why-he-likely-won-t-reach-for-the-panic-button,"MSTR News: Michael Saylor's bitcoin stack is officially underwater, but here's why he likely won't reach for the panic button","-0.73394495412844,2.56880733944954,3.30275229357798,5.87155963302752,23.8532110091743,0.55045871559633,510"
20260201031500,bitcoinmagazine.com,https://bitcoinmagazine.com/culture/el-salvadors-bitcoin-beach-hosts-global-summit-strategies-for-sustainable-bitcoin-circular-economies-emerge,El Salvador's Bitcoin Beach Hosts Global Summit: Strategies For Sustainable Bitcoin Circular Economies Emerge,"2.00585039699122,3.84454659423318,1.83869619724196,5.68324279147514,19.9331383201003,0.29251984956122,2168"
20260201041500,newsbtc.com,https://www.newsbtc.com/news/bitcoin/bitcoin-slips-below-key-zone/,Bitcoin Slips Below This Key Zone &#x2014; Is A Final Flush Coming?,"0,3.72670807453416,3.72670807453416,7.45341614906832,28.3643892339545,0,451"
20260106113000,newsbtc.com,https://www.newsbtc.com/news/ethereum/ethereum-q1-outlook-analyst-shares-historical-setup-as-price-nears-key-resistance/,Ethereum: Analyst Shares Historical ETH Setup For A Q1 Rally,"-1.34453781512605,1.68067226890756,3.02521008403361,4.70588235294118,20.672268907563,0,542"
20260106113000,newsbtc.com,https://www.newsbtc.com/bitcoin-news/john-bollinger-bitcoin-bb-squeeze-breakout-107000/,"John Bollinger: Bitcoin BB Squeeze Breakout Targets $107,000","-2.28690228690229,1.03950103950104,3.32640332640333,4.36590436590437,24.7401247401247,0.415800415800416,431"
20260106113000,newsbtc.com,https://www.newsbtc.com/xrp-news/xrp-surges-towards-2-20-leading-monday-gains-and-driving-crypto-etf-inflows/,XRP Surges Towards $2.20: Leading Monday Gains And Driving Crypto ETF Inflows,"0.963391136801542,3.27552986512524,2.3121387283237,5.58766859344894,21.1946050096339,0,477"
20260106113000,newsbtc.com,https://www.newsbtc.com/press-releases/hyper-bitcoin-layer-2/,Bitcoin Hyper Presale: Powering Bitcoin's Next Utility Phase,"2.09737827715356,4.71910112359551,2.62172284644195,7.34082397003745,23.5205992509363,0.0749063670411985,1208"
20260106113000,newsbtc.com,https://www.newsbtc.com/bitcoin-news/bitcoin-miner-capitulation-ends-hash-ribbons-buy/,Bitcoin Miner Capitulation Ends: Hash Ribbons Flash Buy Signal,"-0.398406374501992,1.19521912350598,1.59362549800797,2.78884462151394,24.5019920318725,0,467"
20260221084500,newsbtc.com,https://www.newsbtc.com/sponsored/best-crypto-presales-to-buy-in-2026-liquidchain-liquid-challenges-deepsnitch-ais-momentum/,Best Crypto Presales to Buy in 2026: LiquidChain ($LIQUID) Challenges DeepSnitch AI's Momentum,"0.651890482398957,3.65058670143416,2.9986962190352,6.64928292046936,20.0782268578879,0,697"
20260221084500,newsbtc.com,https://www.newsbtc.com/bitcoin-news/bitcoin-extreme-fear-extends-22-price-struggles/,Bitcoin Extreme Fear Streak Extends To 22 Days As Price Struggles,"-5.77689243027888,0.597609561752988,6.37450199203187,6.97211155378486,27.0916334661355,0.199203187250996,485"
20260221084500,newsbtc.com,https://www.newsbtc.com/bitcoin-news/bithumb-43-billion-bitcoin-blunder-triggers-political-backlash-in-south-korea/,Bithumb $43 Billion Bitcoin Blunder Triggers Political Backlash In South Korea,"-3.6468330134357,2.11132437619962,5.75815738963532,7.86948176583493,17.658349328215,0,464"
20260221064500,cointelegraph.com,https://cointelegraph.com/news/bitcoin-price-catalyst-ai-stocks-peak-economist-lyn-alden,Bitcoin May See Upside After AI Stocks Become 'Silly Big',"0,1.99600798403194,1.99600798403194,3.99201596806387,25.3493013972056,0.798403193612774,463"
20260221064500,cointelegraph.com,https://cointelegraph.com/news/uniswap-fake-ads-drain-user-wallets-hayden-adams,Uniswap Founder Slams Scam Crypto Ads After Victim 'Lost Everything',"-5.83554376657825,1.59151193633952,7.42705570291777,9.01856763925729,25.9946949602122,0.26525198938992,335"
20260119213000,bitcoinmagazine.com,https://bitcoinmagazine.com/markets/bitcoin-price-outlook-bulls-eye-98000-breakout-after-holding-90000-zone,"Bitcoin Price Outlook: Bulls Eye $98,000 Breakout After Holding $90,000 Zone","0.847457627118644,3.24858757062147,2.40112994350282,5.64971751412429,26.5536723163842,0.282485875706215,664"
20260119210000,newsbtc.com,https://www.newsbtc.com/news/dogecoin/dogecoin-outperform-bitcoin/,Why The Dogecoin Price Could Outperform Bitcoin Again,"-1.21212121212121,1.81818181818182,3.03030303030303,4.84848484848485,21.010101010101,0,466"
20260119210000,newsbtc.com,https://www.newsbtc.com/news/ethereum/ethereum-big-dump-is-coming/,"Ethereum's 4-Hour Chart Says A Big Dump Is Coming, Here's The Target","-4.47470817120623,2.33463035019455,6.80933852140078,9.14396887159533,25.875486381323,0,471"
20260119210000,newsbtc.com,https://www.newsbtc.com/news/bitcoin/bitcoin-higher-volatility-regime/,Bitcoin Transitions Into A Higher Volatility Regime After Prolonged Compression: See How,"-1.40845070422535,1.60965794768612,3.01810865191147,4.62776659959759,27.5653923541247,0.804828973843058,467"
20260119223000,cointelegraph.com,https://cointelegraph.com/news/bitcoin-shows-strength-at-92k-but-is-the-bottom-in,"Bitcoin Traders Defend $92K, But For How Long?","-2.29276895943563,3.17460317460317,5.4673721340388,8.64197530864197,22.9276895943563,1.23456790123457,520"
20260119223000,cointelegraph.com,https://cointelegraph.com/news/bitcoin-price-holds-dollar93k-proving-bulls-see-a-buy-the-dip-opportunity,"Bitcoin $92K Drop Resets Leverage, Clears Unhealthy Investor Optimism","-2.31660231660232,1.73745173745174,4.05405405405405,5.79150579150579,27.027027027027,0.193050193050193,472"
20260119223000,cointelegraph.com,https://cointelegraph.com/magazine/indians-pudgy-penguins-eth-digital-yuan-boss-asia-express/,"Indians slam Pudgy Penguins, ex-digital yuan boss's crypto scandal: Asia Express","-3.45167652859961,1.77514792899408,5.22682445759369,7.00197238658777,21.8934911242604,0.19723865877712,933"
20260119223000,cointelegraph.com,https://cointelegraph.com/news/gary-gensler-sec-crypto-regulation-trump,"One Year After Gensler's exit, SEC's Crypto Playbook Looks Very Different","-1.00719424460432,1.43884892086331,2.44604316546763,3.88489208633094,18.4172661870504,0.575539568345324,627"
20260119223000,cointelegraph.com,https://cointelegraph.com/news/bermuda-coinbase-circle-onchain-economy,Bermuda Partners with Coinbase and Circle for 'Fully Onchain' Economy,"0.436681222707424,1.96506550218341,1.52838427947598,3.49344978165939,19.6506550218341,0.873362445414847,420"
20260119223000,cointelegraph.com,https://cointelegraph.com/news/revolut-banking-license-peru-latam-remittances,Revolut Seeks Peru Banking License Amid Latin America Expansion,"1.53508771929825,1.75438596491228,0.219298245614035,1.97368421052632,15.5701754385965,0.219298245614035,394"
20260224051500,cointelegraph.com,https://cointelegraph.com/news/binance-stablecoin-reserves-have-sunk-19-since-november,Falling Binance Stablecoin Reserves Signal Liquidity Crunch,"-3.64077669902913,0.242718446601942,3.88349514563107,4.12621359223301,21.3592233009709,0.242718446601942,374"
20260224051500,cointelegraph.com,https://cointelegraph.com/news/citrini-fearful-ai-agent-report-scares-investors,Citrini's AI Doom Report Leads to Tech Stock Selloff,"-2.26171243941842,2.4232633279483,4.68497576736672,7.10823909531502,25.3634894991922,0.323101777059774,552"
20260224071500,newsbtc.com,https://www.newsbtc.com/xrp-news/the-45-million-crypto-hammer-whale-inflow-to-binance-threatens-to-shatter-xrps-recovery/,The $45 Million Crypto Hammer: Whale Inflow To Binance Threatens To Shatter XRP's Recovery,"-2.49221183800623,1.71339563862928,4.20560747663551,5.9190031152648,22.8971962616822,0,593"
20260224071500,newsbtc.com,https://www.newsbtc.com/bitcoin-news/the-saylor-discount-why-bitcoin-trading-below-strategys-realized-price-is-a-gift-for-late-cycle-allocators/,The Saylor Discount: Why Bitcoin Trading Below Strategy's Realized Price is a Gift for Late-Cycle Allocators,"-1.77777777777778,1.92592592592593,3.7037037037037,5.62962962962963,21.037037037037,0,601"
20260224071500,newsbtc.com,https://www.newsbtc.com/altcoin/xrp-fell-nearly-70-could-history-repeat-with-an-835-surge/,XRP Fell Nearly 70% &#x2014; Could History Repeat With An 835% Surge?,"-4.23892100192678,1.34874759152216,5.58766859344894,6.9364161849711,25.2408477842004,0,472"
20260224071500,newsbtc.com,https://www.newsbtc.com/analysis/doge/dogecoin-doge-dips-into-red-0-10/,Dogecoin (DOGE) Dips Into Red as Bearish Pressure Quietly Builds Today,"-0.418410041841004,2.71966527196653,3.13807531380753,5.85774058577406,28.0334728033473,0.209205020920502,408"
20260224071500,newsbtc.com,https://www.newsbtc.com/analysis/xrp/xrp-price-tests-crucial-floor-1-3250/,"XRP Price Tests Crucial Floor, Bearish Bias Strengthens Further","-1.93548387096774,1.72043010752688,3.65591397849462,5.37634408602151,28.6021505376344,0,402"
20260224071500,newsbtc.com,https://www.newsbtc.com/analysis/btc/bitcoin-price-sinks-to-63500/,"Bitcoin Price Sinks to New Weekly Low, Bulls Lose Key Support","-0.643776824034335,3.21888412017167,3.86266094420601,7.08154506437768,28.9699570815451,0,413"
20260224071500,newsbtc.com,https://www.newsbtc.com/analysis/eth/ethereum-price-slides-deeper-1800/,"Ethereum Price Slides Deeper, $1,800 Emerges as Crucial Battleground","0,3.02375809935205,3.02375809935205,6.0475161987041,28.7257019438445,0,415"
20260224050000,bitcoinmagazine.com,https://bitcoinmagazine.com/markets/bitcoin-weekly-close-weakens-65650-support-fails-60000-next-major-test,"Bitcoin Weekly Close Weakens: $65,650 Support Fails, $60,000 Next Major Test","-1.02040816326531,2.60770975056689,3.6281179138322,6.23582766439909,26.530612244898,0.566893424036281,817"
20260118113000,newsbtc.com,https://www.newsbtc.com/news/bitcoin/bitcoin-records-large-exchange-inflows-as-price-climbs-what-next-for-btc/,Bitcoin Records Large Exchange Inflows As Price Climbs &#x2014; What Next For BTC?,"-2.09523809523809,0.952380952380952,3.04761904761905,4,23.047619047619,0,489"
20260118113000,newsbtc.com,https://www.newsbtc.com/sui/sui-price-breakout-next-2-3-short-term-target/,SUI Price Breakout Next? Analyst Sets $2.3 Short-Term Target,"0,1.72043010752688,1.72043010752688,3.44086021505376,24.0860215053763,0,441"
20260118130000,cointelegraph.com,https://cointelegraph.com/news/hacked-crypto-projects-never-fully-recover,"80% of Hacked Crypto Projects Never Fully Recover, Expert Warns","-7.80487804878049,3.73983739837398,11.5447154471545,15.2845528455285,24.7154471544715,0.16260162601626,562"
20260211034500,coindesk.com,https://www.coindesk.com/markets/2026/02/11/we-are-a-buyer-of-bitcoin-in-this-market-skybridge-s-scaramucci-says,"SkyBridge's Scaramucci is buying the bitcoin dip, calls Trump a crypto President","-2.60586319218241,1.30293159609121,3.90879478827362,5.21172638436482,22.1498371335505,3.90879478827362,278"
20260211034500,coindesk.com,https://www.coindesk.com/markets/2026/02/11/solana-s-lily-liu-champions-internet-capital-markets-at-consensus-hong-kong-2026,Solana president Lily Liu's bold vision for Solana,"3.92156862745098,5.88235294117647,1.96078431372549,7.84313725490196,18.6274509803922,1.47058823529412,180"
20260211034500,cointelegraph.com,https://cointelegraph.com/news/large-demand-zone-below-dollar2k-eth-price-gives-signal-on-where-ether-may-go,Sub-$2K ETH Price Levels Emerge As Key Long-Term Demand Zones,"-1.4336917562724,1.0752688172043,2.5089605734767,3.584229390681,20.7885304659498,0,478"
20260211034500,cointelegraph.com,https://cointelegraph.com/news/crypto-miner-canaan-shares-fall-on-q4-report,Crypto Miner Canaan Shares Sink 7% Despite Strong Q4,"1.38121546961326,2.76243093922652,1.38121546961326,4.14364640883978,22.0994475138122,0.276243093922652,309"
20260211024500,newsbtc.com,https://www.newsbtc.com/news/bitcoin/bitcoin-ethereum-pumping/,Here's Why The Bitcoin And Ethereum Prices Are Pumping Again,"-0.179533213644524,1.43626570915619,1.61579892280072,3.05206463195691,19.9281867145422,0,494"
20260211024500,newsbtc.com,https://www.newsbtc.com/news/solana/solana-tests-key-support-after-sharp-bounce-analysts-weigh-98-108-upside-for-sol/,"Solana Tests Key Support After Sharp Bounce, Analysts Weigh $98&#x2013;$108 Upside for SOL","-1.46788990825688,3.6697247706422,5.13761467889908,8.80733944954128,28.6238532110092,0,501"
20260211024500,newsbtc.com,https://www.newsbtc.com/news/bitcoin/bitcoin-two-liquidity-traps/,Bitcoin Caught Between Two Liquidity Traps &#x2014; Which Side Breaks First?,"0,1.64609053497942,1.64609053497942,3.29218106995885,24.2798353909465,0,453"
20260211024500,newsbtc.com,https://www.newsbtc.com/bitcoin-news/bitcoin-miners-are-exiting/,Bitcoin Miners Exit As Difficulty Suffers Largest Drop Since 2021,"-2.2,2.2,4.4,6.6,22.4,0,460"
20260303223000,bitcoinmagazine.com,https://bitcoinmagazine.com/news/arthur-hayes-confirmed-as-a-bitcoin-2026-speaker,Arthur Hayes Confirmed As A Bitcoin 2026 Speaker,"1.33928571428571,2.00892857142857,0.669642857142857,2.67857142857143,17.5223214285714,0.334821428571429,759"
20260303223000,bitcoinmagazine.com,https://bitcoinmagazine.com/news/former-lapd-officer-convicted-in-350000-bitcoin-kidnapping-and-home-invasion,"Former LAPD Officer Convicted In $350,000 Bitcoin Kidnapping And Home Invasion","-9.89010989010989,0.915750915750916,10.8058608058608,11.7216117216117,21.2454212454212,0.183150183150183,510"
20260303223000,bitcoinmagazine.com,https://bitcoinmagazine.com/news/indiana-governor-signs-bill-bitcoin,Indiana Governor Signs Bill Allowing Bitcoin In State Retirement Plans,"1.87793427230047,3.9906103286385,2.11267605633803,6.10328638497653,21.1267605633803,0,367"
20260303223000,bitcoinmagazine.com,https://bitcoinmagazine.com/technical/bitcoin-is-the-collateral-it-just-needs-the-credit-markets,"Bitcoin Is The Collateral, It Just Needs The Credit Markets","-0.0823045267489713,3.95061728395062,4.03292181069959,7.98353909465021,30.1234567901235,0.246913580246914,1126"
20260303223000,bitcoinmagazine.com,https://bitcoinmagazine.com/news/ai-agents-show-strong-preference-bitcoin,"AI Agents Choose Bitcoin Over Fiat, Study Finds","2.15686274509804,3.72549019607843,1.56862745098039,5.29411764705882,15.6862745098039,0,444"
20260303223000,bitcoinmagazine.com,https://bitcoinmagazine.com/print/the-core-issue-why-bitcoin-needed-a-remodel-with-segwit-and-taproot,The Core Issue: Why Bitcoin Needed A Remodel With Segwit And Taproot,"0.591278640059128,3.2520325203252,2.66075388026608,5.91278640059128,23.6511456023651,0.147819660014782,2505"
20260303211500,cointelegraph.com,https://cointelegraph.com/news/bitgo-expands-mica-compliant-crypto-as-a-service-across-the-eea,BitGo Launches MiCA-Compliant Crypto-as-a-Service Across 30 EEA Countries,"0,1.83908045977011,1.83908045977011,3.67816091954023,16.7816091954023,0,376"
20260303211500,cointelegraph.com,https://cointelegraph.com/news/mining-companies-ai-hpc-mara-sell-bitcoin,"Mining Companies Move Deeper into AI, HPC as MARA may Sell Bitcoin","-1.38888888888889,2.08333333333333,3.47222222222222,5.55555555555556,20.6018518518519,0.694444444444444,383"
20260303211500,cointelegraph.com,https://cointelegraph.com/news/us-dollar-index-nears-3-month-high-is-this-good-or-bad-for-bitcoin,DXY Hits 3 Month High: Will Bitcoin Rise Or Fall As A Result?,"-1.37524557956778,3.53634577603143,4.91159135559921,8.44793713163065,17.2888015717092,2.35756385068762,461"
20260303211500,coindesk.com,https://www.coindesk.com/business/2026/03/03/eric-trump-s-american-bitcoin-buys-11-298-asic-miners-increasing-capacity-by-12,Trump Family-backed American Bitcoin (ABTC) expands mining fleet 12% as rivals pivot toward AI,"-0.480769230769231,1.44230769230769,1.92307692307692,3.36538461538462,20.1923076923077,0.480769230769231,190"
20260303211500,coindesk.com,https://www.coindesk.com/markets/2026/03/03/circle-shares-boosted-by-middle-east-tensions-rising-oil-fading-rate-cut-hopes-says-mizuho,"Middle East tensions, higher oil boost Circle (CRCL) shares as rate-cut odds fade: Mizuho","-5.07042253521127,1.69014084507042,6.76056338028169,8.45070422535211,23.6619718309859,0,326"
20260303211500,cointelegraph.com,https://cointelegraph.com/news/american-bitcoin-adds-3ehs-mining-capacity-expands-btc-treasury,"Eric Trump's American Bitcoin Expands Hashrate, Deepens BTC Bet","1.35869565217391,3.80434782608696,2.44565217391304,6.25,22.8260869565217,0,344"
20260303211500,cointelegraph.com,https://cointelegraph.com/news/ether-supply-on-exchanges-drops-to-multi-year-lows-here-s-why-it-matters,Ether Exchange Supply Falls To 6-Year Low on Binance,"-2.86225402504472,0.35778175313059,3.22003577817531,3.5778175313059,26.654740608229,0,481"
20260303211500,coindesk.com,https://www.coindesk.com/author/brady-dale,Brady Dale | CoinDesk Author,"-4.44444444444444,4.44444444444444,8.88888888888889,13.3333333333333,17.7777777777778,0,35"
20260227003000,bitcoinmagazine.com,https://bitcoinmagazine.com/conference/paul-atkins-confirmed-as-a-bitcoin-2026-speaker,Paul Atkins Confirmed As A Bitcoin 2026 Speaker,"0.874890638670166,1.83727034120735,0.962379702537183,2.79965004374453,18.1977252843395,0.437445319335083,991"
20260227003000,bitcoinmagazine.com,https://bitcoinmagazine.com/print/the-core-issue-libsecp256k1-bitcoins-cryptographic-heart,"The Core Issue: Libsecp256k1, Bitcoin's Cryptographic Heart","0.286650286650286,2.4979524979525,2.21130221130221,4.70925470925471,21.4987714987715,0.45045045045045,2194"
20260227020000,newsbtc.com,https://www.newsbtc.com/news/stellar-xlm/stellar-climbs-past-0-16-amid-renewed-debate-over-decentralization-in-blockchain-networks/,Stellar Climbs Past $0.16 Amid Renewed Debate Over Decentralization in Blockchain Networks,"0,5.01089324618736,5.01089324618736,10.0217864923747,22.4400871459695,0,420"
20260227020000,newsbtc.com,https://www.newsbtc.com/bitcoin-news/bitcoin-spot-volumes-sink-to-2024-lows/,"Bitcoin Spot Volumes Sink To 2024 Lows, Coinbase Selling Eases","-3.14285714285714,2.14285714285714,5.28571428571429,7.42857142857143,23.2857142857143,0.142857142857143,637"
20260227020000,newsbtc.com,https://www.newsbtc.com/news/bitcoin/bitcoin-5th-wave-not-over-yet/,"Bitcoin 5TH Wave Is Not Over Yet, And Price Could Still Crash To $52,000; Analyst Warns","0.192678227360309,2.69749518304432,2.50481695568401,5.20231213872832,26.9749518304432,0,473"
20260227020000,newsbtc.com,https://www.newsbtc.com/news/ethereum/ethereum-undervalued-bitcoin-xrp-neutral-santiment/,"Ethereum Still Undervalued As Bitcoin, XRP Sit Near Neutral, Santiment Says","-0.182149362477231,1.63934426229508,1.82149362477231,3.4608378870674,25.3187613843352,0.182149362477231,498"
20260228204500,newsbtc.com,https://www.newsbtc.com/news/ethereum/ethereum-breakout-alert/,Ethereum Breakout Alert: Corrective Channel Flip Sparks Impulsive Wave,"2.28690228690229,5.1975051975052,2.91060291060291,8.10810810810811,24.3243243243243,0,466"
20260228204500,newsbtc.com,https://www.newsbtc.com/news/bitcoin/bitcoin-historical-cycle-pattern-points-to-31500-bottom-target-details/,"Bitcoin Historical Cycle Pattern Points To $31,500 Bottom Target","-1.24610591900312,1.86915887850467,3.11526479750779,4.98442367601246,27.4143302180685,0,303"
20260228204500,newsbtc.com,https://www.newsbtc.com/news/bitcoin/bitcoin-enters-fragile-phase-as-annual-lth-realized-profits-taper-details/,Bitcoin Enters Fragile Phase As Annual LTH Realized Profits Taper,"-1.09649122807018,1.75438596491228,2.85087719298246,4.60526315789474,22.5877192982456,0,427"
20260228183000,cointelegraph.com,https://cointelegraph.com/news/buying-bitcoin-hold-for-at-least-three-years-to-avoid-losses-data-says,Buying Bitcoin? Hold BTC for at Least Three Years to Avoid Losses,"-2.25694444444444,1.73611111111111,3.99305555555556,5.72916666666667,18.75,0,489"
20260222161500,cointelegraph.com,https://cointelegraph.com/news/bitcoin-historical-price-metric-122k-average-return-over-10-months,BTC Price Analysis All But Guarantees Bitcoin Higher by Early 2027,"0.840336134453781,1.96078431372549,1.12044817927171,3.0812324929972,22.1288515406162,0.560224089635854,323"
20260222161500,cointelegraph.com,https://cointelegraph.com/news/openclaw-discord-bans-bitcoin-crypto-discussions,OpenClaw Bans Bitcoin and Crypto Mentions on Discord After Fake Token Scare,"-3.0379746835443,2.0253164556962,5.06329113924051,7.08860759493671,18.7341772151899,0,364"
20260210073000,newsbtc.com,https://www.newsbtc.com/bitcoin-news/strategy-expands-bitcoin-holdings-with-90m-purchase-bitmine-follows-with-eth/,"Strategy Expands Bitcoin Holdings With $90M Purchase, Bitmine Follows With ETH","0.169204737732657,3.38409475465313,3.21489001692047,6.5989847715736,20.4737732656514,0.169204737732657,530"
20260210073000,newsbtc.com,https://www.newsbtc.com/bitcoin-news/bitcoin-bulls-fed-treasury-accord/,Bitcoin Bulls Hear 'Fed&#x2013;Treasury Accord' And Smell YCC,"-3.0750307503075,3.1980319803198,6.27306273062731,9.47109471094711,26.4452644526445,0.615006150061501,744"
20260210073000,newsbtc.com,https://www.newsbtc.com/ethereum-news/ethereum-supply-on-exchanges-mirrors-2016-levels-what-happens-next/,Ethereum Supply on Exchanges Mirrors 2016 Levels: What Happens Next?,"-3.486529318542,1.10935023771791,4.5958795562599,5.70522979397781,25.9904912836767,0,582"
20260210073000,newsbtc.com,https://www.newsbtc.com/analysis/doge/dogecoin-doge-trapped-0-10/,"Dogecoin (DOGE) Trapped In Weak Rebound, Bears Still In Charge","0.886917960088692,3.32594235033259,2.4390243902439,5.7649667405765,27.7161862527716,0.221729490022173,398"
20260210073000,newsbtc.com,https://www.newsbtc.com/analysis/xrp/xrp-price-range-bound-1-50/,"XRP Price Range-Bound Below $1.50, Break Or Breakdown Ahead?","0.443458980044346,2.88248337028825,2.4390243902439,5.32150776053215,29.0465631929047,0,421"
20260210073000,newsbtc.com,https://www.newsbtc.com/analysis/btc/bitcoin-price-hovers-around-70k/,Bitcoin Price Hovers Around $70K As Volatility Goes Quiet,"1.12359550561798,3.14606741573034,2.02247191011236,5.1685393258427,27.8651685393258,0,393"
20260210073000,newsbtc.com,https://www.newsbtc.com/analysis/eth/ethereum-price-locked-below-2150/,"Ethereum Price Locked Below $2,150, Directional Break Still Missing","0.888888888888889,3.11111111111111,2.22222222222222,5.33333333333333,28,0,405"
20260205141500,cointelegraph.com,https://cointelegraph.com/news/crypto-markets-ai-scrutiny-south-korea-surveillance,AI Surveillance Marks a New Phase for South Korea's Crypto Markets,"-5.98503740648379,1.99501246882793,7.98004987531172,9.97506234413965,20.6982543640898,0,370"
20260205141500,cointelegraph.com,https://cointelegraph.com/news/trump-wlfi-probe-500-million-investment-from-uae-official,House Probes Trump-Linked Crypto Firm Over UAE Investment,"-1.78173719376392,2.44988864142539,4.23162583518931,6.6815144766147,17.8173719376392,2.2271714922049,415"
20260205141500,cointelegraph.com,https://cointelegraph.com/news/lightning-payment-bitcoin-layer-2-institutional,$1M Lightning Payment Tests Bitcoin's Institutional Rails,"-3.2258064516129,2.62096774193548,5.84677419354839,8.46774193548387,15.9274193548387,0,447"
20260205141500,cointelegraph.com,https://cointelegraph.com/news/bitcoin-etf-545-million-outflows-btc-nears-70k,Bitcoin ETFs Extend Losses As Daily Outflows Hit $545 Million,"-1.78571428571429,0.76530612244898,2.55102040816327,3.31632653061224,16.8367346938775,0,349"
20260205141500,cointelegraph.com,https://cointelegraph.com/news/corporate-btc-holding-strategies,Corporate Bitcoin Holding Strategies Must Evolve or Face Stagnation,"0.904392764857881,4.39276485788114,3.48837209302326,7.88113695090439,24.5478036175711,0.258397932816538,711"
20260205141500,cointelegraph.com,https://cointelegraph.com/news/vitalik-buterin-sells-eth-after-flagging-planned-withdrawals,"Vitalik Buterin Sells Nearly 3,000 ETH in Series of Small Onchain Swaps","0.266666666666667,2.4,2.13333333333333,4.53333333333333,25.0666666666667,1.06666666666667,340"
20260205141500,cointelegraph.com,https://cointelegraph.com/news/tether-usdt-q4-2025-record-market-cap-onchain-activity,Tether's USDt Hits $187B in Q4 as Rivals Shrink Amid Crypto Downturn,"-0.23696682464455,2.3696682464455,2.60663507109005,4.97630331753555,20.6161137440758,0.947867298578199,377"
20260205133000,newsbtc.com,https://www.newsbtc.com/news/ethereum-price-prediction-recover-2500-liquidchain-takeover/,Ethereum Price Prediction: Can ETH Reclaim $2.5K or Will $LIQUID Take Over?,"-2.57847533632287,3.36322869955157,5.94170403587444,9.30493273542601,23.9910313901345,0.224215246636771,818"
20260205133000,newsbtc.com,https://www.newsbtc.com/news/ripple/xrp-price-prediction-for-2026-institutional-stagnation-pushes-smart-capital-toward-high-beta-altcoins/,XRP Price Prediction 2026: Why Whales Are Rotating Into Maxi Doge,"-1.04712041884817,3.01047120418848,4.05759162303665,7.06806282722513,20.2879581151832,0.130890052356021,705"
20260205133000,newsbtc.com,https://www.newsbtc.com/bitcoin-news/bitcoin-crash-to-72000-signals-major-reset-on-chain-metrics-deteriorate/,"Bitcoin Crash To $72,000 Signals Major Reset: On-Chain Metrics Deteriorate","-4.31177446102819,1.82421227197347,6.13598673300166,7.96019900497512,27.0315091210614,0,565"
20260205133000,newsbtc.com,https://www.newsbtc.com/bitcoin-news/planb-four-bitcoin-bear-market-scenarios/,PlanB Lays Out Four Bitcoin Bear-Market Scenarios,"-2.15343203230148,0.807537012113055,2.96096904441454,3.76850605652759,24.3606998654105,0.269179004037685,639"
20260205133000,newsbtc.com,https://www.newsbtc.com/bitcoin-news/are-we-near-a-bitcoin-bear-market-bottom-history-offers-a-framework/,Are We Near A Bitcoin Bear Market Bottom? History Offers A Framework,"-4.83660130718954,2.09150326797386,6.9281045751634,9.01960784313725,28.2352941176471,0.130718954248366,704"
20260205150000,coindesk.com,https://www.coindesk.com/policy/2026/02/05/brazil-moves-to-ban-algorithmic-stablecoins-like-ethena-s-usde,Brazil moves to ban algorithmic stablecoins like Ethena's USDe,"-3.97111913357401,2.52707581227437,6.49819494584837,9.02527075812274,19.1335740072202,1.08303249097473,248"
20260205150000,coindesk.com,https://www.coindesk.com/markets/2026/02/05/bitcoin-drops-below-usd70-000-ether-slides-7-as-fear-gauge-hits-yearly-low-liquidations-mount,Selloff deepens as liquidations surge and market fear reaches extremes: Crypto Markets Today,"-4.35540069686411,0.522648083623693,4.8780487804878,5.4006968641115,22.1254355400697,0.696864111498258,506"
20260205150000,coindesk.com,https://www.coindesk.com/markets/2026/02/05/stifel-predicts-bitcoin-crash-to-usd38-000-yes-you-read-it-right,"Stifel predicts bitcoin (BTC) price crash to $38,000. Yes, you read it right.","-3.77358490566038,0.628930817610063,4.40251572327044,5.0314465408805,21.3836477987421,0.628930817610063,426"
20260205150000,coindesk.com,https://www.coindesk.com/business/2026/02/05/institutions-are-rethinking-bitcoin-yield-after-years-on-the-sidelines-globalstakes,GlobalStake rolls out bitcoin yield gateway as institutions revisit BTC yield,"-0.190476190476191,4,4.19047619047619,8.19047619047619,25.7142857142857,1.33333333333333,473"
20260205150000,coindesk.com,https://www.coindesk.com/markets/2026/02/05/deutsche-bank-says-bitcoin-s-selloff-signals-a-loss-of-conviction-not-a-broken-market,"Deutsche Bank (DB) says bitcoin's (BTC) selloff signals a loss of conviction, not a broken market","-4.22077922077922,2.43506493506494,6.65584415584416,9.09090909090909,23.538961038961,0.487012987012987,554"
20260205150000,coindesk.com,https://www.coindesk.com/business/2026/02/05/crypto-platform-bullish-reports-usd563-6-million-q4-loss-shares-fall-5,"Bullish (BLSH) news: Company beats forecasts, but shares sink as crypto plunge continues","1.57657657657658,3.6036036036036,2.02702702702703,5.63063063063063,19.3693693693694,1.57657657657658,401"
20260205150000,coindesk.com,https://www.coindesk.com/markets/2026/02/05/bitcoin-trades-20-below-its-production-cost-as-miner-stress-intensifies,"Miners are being squeezed as bitcoin's $70,000 price fails to cover $87,000 production costs","-2.92887029288703,1.67364016736402,4.60251046025105,6.27615062761506,23.8493723849372,1.25523012552301,222"
20260205150000,coindesk.com,https://www.coindesk.com/markets/2026/02/05/xrp-defi-opens-to-institutions-as-hex-trust-adds-custodial-fxrp-access,Ripple-linked XRP gets an institutional on-ramp into DeFi via FXRP,"4.52261306532663,6.03015075376884,1.50753768844221,7.53768844221105,27.3869346733668,0.753768844221105,365"
20260205150000,coindesk.com,https://www.coindesk.com/markets/2026/02/05/bitcoin-drops-below-usd70-000-as-crypto-selloff-deepens-before-u-s-equity-market-opens,"BTC price drops below $70,000 as crypto selloff deepens","-1.96629213483146,2.52808988764045,4.49438202247191,7.02247191011236,21.6292134831461,0.842696629213483,327"
20260205150000,coindesk.com,https://www.coindesk.com/markets/2026/02/05/big-short-michael-burry-flags-bitcoin-pattern-that-predicts-drop-to-low-usd50-000s,"'Big Short' Michael Burry flags bitcoin pattern that predicts drop to low $50,000s","-4.76190476190476,1.75438596491228,6.51629072681704,8.27067669172932,22.3057644110276,0.75187969924812,359"
20260129011500,bitcoinmagazine.com,https://bitcoinmagazine.com/news/bitcoin-price-steadies-fed-stops-cuts,"Fed Pauses Rate Cuts As Bitcoin Steadies Near $90,000","-2.07756232686981,1.8005540166205,3.8781163434903,5.6786703601108,24.6537396121884,0.138504155124654,662"
20260129003000,cointelegraph.com,https://cointelegraph.com/news/fed-holds-rates-weak-dollar-bitcoin-crypto-outlook,"Fed Pauses Rates as Weak Dollar Shapes Bitcoin, Crypto Outlook","-2.64900662251656,2.86975717439294,5.51876379690949,8.38852097130243,27.1523178807947,1.76600441501104,424"
20260129003000,cointelegraph.com,https://cointelegraph.com/news/trump-banks-crypto-clarity-market-structure,White House Convenes Banks and Crypto Companies Amid CLARITY Act Deadlock,"-0.5249343832021,3.6745406824147,4.1994750656168,7.8740157480315,29.6587926509186,0.5249343832021,350"
20260129003000,newsbtc.com,https://www.newsbtc.com/breaking-news-ticker/white-house-to-host-crypto-and-banking-leaders-in-push-to-break-regulatory-deadlock/,White House To Host Crypto And Banking Leaders In Push To Break Regulatory Deadlock,"-0.884955752212389,3.24483775811209,4.12979351032448,7.37463126843658,28.023598820059,0,322"
20260129003000,newsbtc.com,https://www.newsbtc.com/bitcoin-news/bitcoin-supply-loss-upward-early-bear-market-signal/,Bitcoin Supply In Loss Turns Upward&#x2014;Early Bear Market Signal?,"-2.83400809716599,0.607287449392713,3.4412955465587,4.04858299595142,25.5060728744939,0,465"
20260129020000,coindesk.com,https://www.coindesk.com/business/2026/01/28/world-token-jumps-27-as-sam-altman-reportedly-eyes-a-biometric-social-network-to-kill-off-bots,World token jumps as Sam Altman reportedly eyes a biometric social network to kill off bots,"-0.967741935483871,1.29032258064516,2.25806451612903,3.54838709677419,22.258064516129,0.967741935483871,282"
20260129020000,coindesk.com,https://www.coindesk.com/markets/2026/01/28/bitcoin-remains-subdued-as-gold-races-to-new-record-above-usd5-400-following-jerome-powell-remarks,"Bitcoin price news: BTC stuck at $89,000 as gold surges to fresh record","0.700934579439252,3.97196261682243,3.27102803738318,7.24299065420561,21.4953271028037,1.4018691588785,388"
20260129020000,coindesk.com,https://www.coindesk.com/markets/2026/01/28/meta-and-microsoft-continue-going-big-on-ai-spending-here-s-how-bitcoin-miners-could-benefit,"IREN, Cipher Mining (CIFR) and Hut 8 (HUT) could be set to add to AI-related gains","2.48306997742664,3.38600451467269,0.90293453724605,4.28893905191874,21.2189616252822,1.8058690744921,391"
20260213013000,newsbtc.com,https://www.newsbtc.com/binance/binance-co-ceo-breaks-silence-provides-insight-on-october-10-liquidation-event/,"Binance Co-CEO Breaks Silence, Provides Insight On October 10 Liquidation Event","-4.72027972027972,1.3986013986014,6.11888111888112,7.51748251748252,22.027972027972,0.34965034965035,529"
20260213013000,newsbtc.com,https://www.newsbtc.com/bitcoin-news/bitcoin-back-at-65000-the-two-main-reasons-behind-todays-market-crash/,"Bitcoin Back At $65,000 &#x2014; The Two Main Reasons Behind Today's Market Crash","-7.19101123595506,1.34831460674157,8.53932584269663,9.8876404494382,21.5730337078652,1.12359550561798,422"
20260213013000,newsbtc.com,https://www.newsbtc.com/bitcoin-news/why-bitcoin-crash-toward-60000/,"Why The Bitcoin Price Crash Toward $60,000 Was ""Necessary""","-1.77165354330709,2.75590551181102,4.52755905511811,7.28346456692913,21.8503937007874,0,466"
20260213014500,cointelegraph.com,https://cointelegraph.com/news/multi-day-negative-bitcoin-funding-signals-overcrowded-short-trade-time-for-a-reversal,Bitcoin Funding Hints At Overcrowded Trade: Is A Short Squeeze Near?,"-2.89608177172061,1.0221465076661,3.91822827938671,4.94037478705281,23.679727427598,0,522"
20260213014500,cointelegraph.com,https://cointelegraph.com/news/fed-initial-margin-crypto-derivative,Federal Reserve Paper Proposes New Risk Weighting Model for Crypto,"-1.24069478908189,1.73697270471464,2.97766749379653,4.71464019851117,24.5657568238213,0.248138957816377,372"
20260213014500,cointelegraph.com,https://cointelegraph.com/news/bitcoin-in-capitulation-zone-as-traders-debate-when-btc-price-will-bottom,Here's Why Bitcoin Analysts Say BTC Market Will Bottom in Q4 2026.,"-1.80623973727422,1.3136288998358,3.11986863711002,4.43349753694581,25.2873563218391,0.164203612479475,528"
20260213014500,cointelegraph.com,https://cointelegraph.com/news/coinbase-667m-loss-q4-earnings-miss-crypto-market-crash,Coinbase Misses Expectations With $667M Loss in Q4,"0.253807106598984,2.03045685279188,1.77664974619289,3.80710659898477,14.4670050761421,1.52284263959391,335"
20260218011500,coindesk.com,https://www.coindesk.com/markets/2026/02/17/abu-dhabi-funds-bought-the-bitcoin-dip-as-they-increased-exposure-to-blackrock-s-ibit,Bitcoin (BTC) 13F news: Mubadala Investment Company and Al Warda boosted IBIT stakes in Q4,"-1.82291666666667,0.78125,2.60416666666667,3.38541666666667,23.1770833333333,0.78125,339"
20260218014500,bitcoinmagazine.com,https://bitcoinmagazine.com/news/coinbase-ceo-addresses-paper-bitcoin,Coinbase CEO Addresses ETF 'Paper Bitcoin' Claims,"-0.46656298600311,2.95489891135303,3.42146189735614,6.37636080870918,22.706065318818,0.933125972006221,590"
20260218020000,cointelegraph.com,https://cointelegraph.com/news/hive-revenue-surge-artificial-intelligence-expansion-bitcoin-mining-pressure,HIVE Revenue Jumps 219% as AI Expansion Offsets Bitcoin Price Weakness,"-1.35869565217391,1.90217391304348,3.26086956521739,5.16304347826087,22.8260869565217,0,325"
20260218020000,cointelegraph.com,https://cointelegraph.com/news/ether-bulls-target-2-5k-as-staking-etf-launch-rwa-market-cap-reflect-growth,ETH Mass Adoption Across TradFi Backs $2.5K Price Target,"2,4.2,2.2,6.4,21.6,0.6,456"
20260121074500,cointelegraph.com,https://cointelegraph.com/news/grayscale-files-to-convert-near-trust-to-etf,Grayscale Files To Convert NEAR Protocol Trust Into Spot ETF,"2.09580838323353,2.9940119760479,0.898203592814371,3.89221556886228,22.4550898203593,0.598802395209581,301"
20260121074500,cointelegraph.com,https://cointelegraph.com/news/bhutan-sei-blockchain-validator-digital-transformation,Bhutan to Strengthen Blockchain Role as New Sei Validator,"4.09638554216868,4.81927710843374,0.72289156626506,5.54216867469879,18.5542168674699,0.72289156626506,376"
20260121074500,cointelegraph.com,https://cointelegraph.com/news/chainlink-brings-24-5-us-equities-data-onchain-stocks-etfs,"Chainlink Brings 24/5 Stock, ETF Data On-chain","0.268096514745308,1.87667560321716,1.60857908847185,3.48525469168901,19.8391420911528,2.41286863270777,329"
20260121074500,cointelegraph.com,https://cointelegraph.com/news/ripple-exec-sees-50-of-fortune-500-dipping-into-crypto-in-2026,Ripple's President Says 50% Of Fortune 500 Firms Will Have Crypto Exposure,"0.602409638554217,4.01606425702811,3.4136546184739,7.42971887550201,20.6827309236948,0.200803212851406,433"
20260121074500,cointelegraph.com,https://cointelegraph.com/news/trump-media-blockchain-token-airdrop-shareholders,Trump Media Announces Blockchain Token Airdrop Record Date,"3.27868852459016,3.27868852459016,0,3.27868852459016,25.0585480093677,1.17096018735363,371"
20260121074500,cointelegraph.com,https://cointelegraph.com/news/bitcoin-x-posts-google-searches-fell-2025,Bitcoin Posts and Search Interest Fell Significantly in 2025,"-0.386847195357834,2.70793036750484,3.09477756286267,5.8027079303675,19.1489361702128,0.386847195357834,454"
20260121074500,cointelegraph.com,https://cointelegraph.com/news/bitcoin-wipes-out-january-gains-japanese-bond-crisis-roils-all-markets,Bitcoin Crashes Below $88K As $1.8B Liquidated In Market Selloff,"-4.75161987041037,1.29589632829374,6.0475161987041,7.34341252699784,23.110151187905,0.647948164146868,397"
20260121071500,newsbtc.com,https://www.newsbtc.com/news/ethereum/bitmines-ethereum-holdings-near-3-5-supply-milestone-as-eth-falls-below-3000/,"BitMine Ethereum Holdings Hit 4.2M As ETH Tests $3,000 Support","0.694444444444445,2.43055555555556,1.73611111111111,4.16666666666667,18.2291666666667,0.173611111111111,494"
20260121071500,newsbtc.com,https://www.newsbtc.com/bitcoin-news/bitcoin-ifp-potential-turnaround-what-it-means/,Bitcoin IFP Hints At Potential Turnaround: What It Means,"-0.391389432485323,1.17416829745597,1.56555772994129,2.73972602739726,25.2446183953033,0,479"
20260121071500,newsbtc.com,https://www.newsbtc.com/analysis/btc/bitcoin-price-loses-90k/,"Bitcoin Price Loses $90K, Traders Brace for a Volatile Next Move","-0.856531049250535,2.99785867237687,3.85438972162741,6.85224839400428,27.8372591006424,0,412"
20260121071500,newsbtc.com,https://www.newsbtc.com/analysis/eth/ethereum-price-breaks-under-3k/,"Ethereum Price Breaks Under $3K, Charts Flash Fresh Warnings","-1.10619469026549,2.65486725663717,3.76106194690266,6.41592920353982,28.0973451327434,0,413"
20260121071500,newsbtc.com,https://www.newsbtc.com/news/bitcoin/bitcoin-under-pressure-after-drop/,"Bitcoin Under Pressure After $90,600 Drop, But This Retest Will Decide The Trend","-2.60521042084168,2.60521042084168,5.21042084168337,7.81563126252505,23.2464929859719,0.200400801603206,472"
20260121071500,newsbtc.com,https://www.newsbtc.com/analysis/doge/dogecoin-doge-rebound-fragile-0-130/,Dogecoin (DOGE) Rebound Looks Fragile With Multiple Hurdles Ahead,"0,3.11804008908686,3.11804008908686,6.23608017817372,28.2850779510022,0.22271714922049,387"
20260121071500,newsbtc.com,https://www.newsbtc.com/analysis/xrp/xrp-price-under-pressure-2-0-2/,XRP Price Under Pressure As Bears Control The Trend,"-1.1037527593819,2.2075055187638,3.3112582781457,5.51876379690949,29.1390728476821,0,420"
20260121071500,newsbtc.com,https://www.newsbtc.com/news/chainlink/chainlink-drops-12-50-largest-whales-accumulating/,"Chainlink Drops To $12.50, But Largest Whales Are Accumulating","-0.395256916996048,0.592885375494071,0.988142292490119,1.58102766798419,25.296442687747,0,468"
20260107094500,cointelegraph.com,https://cointelegraph.com/news/4-reasons-xrp-called-hottest-trade-this-year,XRP Outperforms Bitcoin as CNBC Names It Crypto's New Darling,"1.02739726027397,2.3972602739726,1.36986301369863,3.76712328767123,23.458904109589,0.171232876712329,525"
20260107094500,cointelegraph.com,https://cointelegraph.com/news/crypto-adoption-wealth-transfer-younger-generations,Crypto Adoption Could Rise as Wealth Transfers to Younger Generations,"2.60663507109005,3.3175355450237,0.710900473933649,4.02843601895735,22.0379146919431,0.4739336492891,379"
20260107094500,cointelegraph.com,https://cointelegraph.com/news/stores-of-value-gold-and-silver-top-global-asset-charts,Gold and Silver Market Caps Hit Top Two Global Spots,"0.347222222222221,4.16666666666667,3.81944444444444,7.98611111111111,23.2638888888889,0.347222222222222,249"
20260107104500,newsbtc.com,https://www.newsbtc.com/news/bitcoin/bitcoin-at-a-crossroads-93500-reclaim-holds-the-key-for-next-move/,"Bitcoin At A Crossroads: $93,500 Level Holds Key For Next Move","-0.94488188976378,1.5748031496063,2.51968503937008,4.09448818897638,21.259842519685,0,576"
20260107104500,newsbtc.com,https://www.newsbtc.com/news/ethereum/ethereum-staking-queue-grows-what-does-this-mean-for-eth-prices-moving-forward/,Ethereum Staking Queue Grows: What Does This Mean For ETH Prices Moving Forward?,"1.98019801980198,3.56435643564356,1.58415841584158,5.14851485148515,23.960396039604,0,462"
20260107104500,newsbtc.com,https://www.newsbtc.com/bitcoin-news/bitcoin-funding-rates-signal-decisive-glassnode/,"Bitcoin Funding Rates Improve, But Signal Still Not Decisive: Glassnode","-0.399201596806388,1.79640718562874,2.19560878243513,3.99201596806387,23.9520958083832,0,479"
20260107104500,newsbtc.com,https://www.newsbtc.com/news/solana/solana-shatters-records-2025-annual-review-reveals-new-all-time-highs-in-key-metrics/,Solana Shatters Records: 2025 Annual Review Reveals New All-Time Highs In Key Metrics,"1.38888888888889,1.90972222222222,0.520833333333333,2.43055555555556,13.3680555555556,0,474"
20260107111500,coindesk.com,https://www.coindesk.com/markets/2026/01/07/bitcoin-and-the-japanese-yen-are-moving-together-like-never-before,Bitcoin News: BTC and the Japanese yen are moving together like never before,"-2.37580993520518,1.51187904967603,3.88768898488121,5.39956803455724,18.3585313174946,0.647948164146868,406"
20260107111500,coindesk.com,https://www.coindesk.com/markets/2026/01/07/metplanet-valued-at-three-month-high-relative-to-bitcoin-holdings-after-msci-decision,Metaplanet (3350) extends rally to over 20% year to date after MSCI index decision,"1.90839694656489,3.43511450381679,1.52671755725191,4.9618320610687,18.3206106870229,1.14503816793893,245"
20260107111500,coindesk.com,https://www.coindesk.com/markets/2026/01/07/crypto-traders-can-now-take-leveraged-bets-on-silver-via-binance-futures,Crypto traders can now take leveraged bets on silver via Binance Futures,"0.488997555012225,2.20048899755501,1.71149144254279,3.9119804400978,22.2493887530562,0.733496332518337,368"
20260224003000,cointelegraph.com,https://cointelegraph.com/news/saylor-says-quantum-threat-to-bitcoin-is-more-than-10-years-out-expects-coordinated-global-upgrade-if-risk-emerges,Saylor Says Quantum Risk to Bitcoin is distant and Manageable,"-1.17994100294985,3.24483775811209,4.42477876106195,7.66961651917404,22.2713864306785,0.442477876106195,615"
20260224003000,cointelegraph.com,https://cointelegraph.com/news/bitcoin-may-reverse-course-and-rally-to-75k-here-s-how,Bitcoin Rally To $75K Possible If These 3 Triggers Are Pulled,"-2.54110612855007,2.98953662182362,5.53064275037369,8.52017937219731,22.272047832586,1.34529147982063,607"
20260224003000,cointelegraph.com,https://cointelegraph.com/news/negative-bitcoin-funding-rate-may-signal-pending-short-squeeze-above-dollar70k,Bitcoin Shorts Pile Up As $3 billion In Liquidity Sits At $70K,"-2.16666666666667,2,4.16666666666667,6.16666666666667,25.3333333333333,0,550"
20260224003000,cointelegraph.com,https://cointelegraph.com/news/paypal-buyout-approaches-share-decline-report,PayPal Fields Buyout Approaches After Steep Share Decline: Report,"-2.05479452054795,1.36986301369863,3.42465753424658,4.79452054794521,22.3744292237443,0.228310502283105,394"
20260224003000,cointelegraph.com,https://cointelegraph.com/news/critical-bitcoin-weekly-trend-breaks-for-first-time-in-2-years-is-btc-done,Bitcoin Loses Bullish Weekly Trend After 126 Weeks: What Next?,"0.551470588235294,2.02205882352941,1.47058823529412,3.49264705882353,20.7720588235294,0,465"
20260224003000,cointelegraph.com,https://cointelegraph.com/news/are-bitcoin-etfs-quietly-accumulating-or-just-not-selling-the-flow-data-that-matters,Spot Bitcoin ETF Demand Slows Down In 2026: Here's Why,"-1.52761457109283,1.64512338425382,3.17273795534665,4.81786133960047,18.8014101057579,0.235017626321974,730"
20260224021500,newsbtc.com,https://www.newsbtc.com/news/bitcoin/bitcoin-wipes-out-gains-sentiment-sinks-to-historic-fear-analysts/,"Bitcoin Wipes Out Gains, Sentiment Sinks To Historic Fear","-7.11538461538461,0.769230769230769,7.88461538461538,8.65384615384615,25.1923076923077,0.576923076923077,472"
20260224021500,newsbtc.com,https://www.newsbtc.com/bitcoin-news/another-438m-crypto-longs-bitcoin-altcoins/,"Another $438M In Crypto Longs Gone As Bitcoin, Altcoins Pull Back","-5.52268244575937,0.394477317554241,5.91715976331361,6.31163708086785,24.0631163708087,0,477"
20260102074500,cointelegraph.com,https://cointelegraph.com/news/solana-institutional-momentum-heading-2026,Solana Has Institutional Momentum With RWAs Heading Into 2026,"0.988142292490119,1.77865612648221,0.790513833992095,2.56916996047431,16.2055335968379,1.18577075098814,428"
20260102074500,cointelegraph.com,https://cointelegraph.com/news/infinex-founder-kain-warwick-loses-50k-bet-as-eth-misses-25k-in-2025,Infinex Founder Loses $50K Bet Over ETH 2025 Year-End Price,"-0.472813238770686,1.6548463356974,2.12765957446809,3.78250591016548,20.3309692671395,0.709219858156028,377"
20260102074500,cointelegraph.com,https://cointelegraph.com/news/crypto-sentiment-index-fear-market-emotions-bitcoin-price,Crypto Sentiment Moves Out Of 'Extreme Fear' But Uncertainty Stays,"-2.39808153477218,3.11750599520384,5.51558752997602,8.63309352517986,27.8177458033573,0.479616306954436,382"
20260204034500,newsbtc.com,https://www.newsbtc.com/news/bitcoin/if-bitcoin-maintains-above-74400/,"Here's What To Expect If The Bitcoin Price Maintains Support Above $74,400","0.555555555555556,2.22222222222222,1.66666666666667,3.88888888888889,24.6296296296296,0,510"
20260204034500,newsbtc.com,https://www.newsbtc.com/news/dogecoin/is-dogecoin-still-worth-investing-in-doge-rally-sparks-debate-over-long-term-value/,Is Dogecoin Still Worth Investing In? DOGE Rally Sparks Debate Over Long-Term Value,"-2.39130434782609,2.39130434782609,4.78260869565217,7.17391304347826,24.5652173913043,0,408"
20260204034500,newsbtc.com,https://www.newsbtc.com/news/ripple/why-xrp-is-bouncing-from-multi-year-lows-despite-epstein-email-and-mojaloop-concerns/,Why XRP Is Bouncing From Multi-Year Lows Despite Epstein Email and Mojaloop Concerns,"-1.60427807486631,2.85204991087344,4.45632798573975,7.30837789661319,21.9251336898396,0,494"
20260204034500,newsbtc.com,https://www.newsbtc.com/bitcoin-news/bitcoin-lth-profit-taking-collapses-is-smart-money-done-selling/,Bitcoin LTH Profit-Taking Collapses: Is Smart Money Done Selling?,"-4.3115438108484,1.80806675938804,6.11961057023644,7.92767732962448,26.1474269819193,0,672"
20260204034500,newsbtc.com,https://www.newsbtc.com/analysis/btc/bitcoin-price-bounce-looks-hollow-77k/,"Bitcoin Price Bounce Looks Hollow, Downtrend May Resume","0.215982721382289,2.59179265658747,2.37580993520518,4.96760259179266,26.9978401727862,0,405"
20260204034500,newsbtc.com,https://www.newsbtc.com/analysis/eth/ethereum-price-recovery-wall-2320/,"Ethereum Price Recovery Runs Into A Wall, Decline Risk Returns","0,2.57510729613734,2.57510729613734,5.15021459227468,27.6824034334764,0,417"
20260204011500,cointelegraph.com,https://cointelegraph.com/news/tian-ruixiang-plans-acquire-15-000-bitcoin-equity-linked-deal,"Tian Ruixiang Says Investor to Contribute 15,000 Bitcoin for Equity","0.970873786407767,4.27184466019417,3.30097087378641,7.57281553398058,17.2815533980583,0.194174757281553,466"
20260204011500,cointelegraph.com,https://cointelegraph.com/news/next-bitcoin-accumulation-phase-may-hinge-on-credit-stress-timing-data,Bitcoin's Next Step May Depend On US Credit And Debt Conditions,"-1.01180438448567,2.52951096121417,3.54131534569983,6.070826306914,26.1382799325464,1.34907251264755,534"
20260204011500,cointelegraph.com,https://cointelegraph.com/news/eth-funding-rate-turns-negative-but-us-macro-conditions-mute-the-buy-signal,ETH's Negative Funding Rates May Not Be A Buy Signal This Time,"-7.74193548387097,1.72043010752688,9.46236559139785,11.1827956989247,19.5698924731183,1.50537634408602,419"
20260222190000,coindesk.com,https://www.coindesk.com/business/2026/02/22/to-freeze-or-not-to-freeze-satoshi-and-the-usd440-billion-in-bitcoin-threatened-by-quantum-computing,Quantum computing risk puts 7 million BTC including Satoshi Nakamoto's 1 million at stake,"-3.93617021276596,3.40425531914894,7.34042553191489,10.7446808510638,24.5744680851064,0.638297872340425,862"
20260222190000,coindesk.com,https://www.coindesk.com/markets/2026/02/22/bitcoin-dips-to-usd67-000-doge-eth-slide-as-tariff-uncertainty-weighs-on-risk-assets,"BTC, ETH, DOGE price news: Bitcoin drops to $67,000 as Trump's tariff tentions return","-3.81231671554252,1.75953079178886,5.57184750733138,7.33137829912024,19.0615835777126,0.879765395894428,308"
20260222190000,coindesk.com,https://www.coindesk.com/author/michael-kimelman,Michael Kimelman | CoinDesk Author,"6,10,4,14,14,0,45"
20260222170000,newsbtc.com,https://www.newsbtc.com/news/dogecoin/dogecoin-price-faces-critical-test-as-0-074-support/,Dogecoin Price Faces Critical Test As $0.074 Support Comes Into Focus,"1.20772946859903,4.10628019323672,2.89855072463768,7.0048309178744,30.4347826086957,0,388"
20260202041500,newsbtc.com,https://www.newsbtc.com/analysis/btc/bitcoin-price-cant-reclaim-80k/,"Bitcoin Price Can't Reclaim $80K, Putting $70K On The Radar","-0.437636761487965,2.40700218818381,2.84463894967177,5.25164113785558,28.0087527352298,0,407"
20260202041500,newsbtc.com,https://www.newsbtc.com/analysis/eth/ethereum-price-2200-collapse/,"Ethereum Price $2,200 Collapse Raises Risk Of A Sub-$2K Spike","-1.31578947368421,2.41228070175439,3.7280701754386,6.14035087719298,28.7280701754386,0,416"
20260202054500,cointelegraph.com,https://cointelegraph.com/news/liquidity-drought-hurting-crypto-markets-raoul-pal,Liquidity Drought Not Crypto Breakdown Behind BTC Drop: Pal,"-4.52755905511811,1.37795275590551,5.90551181102362,7.28346456692913,26.9685039370079,1.5748031496063,457"
20260202054500,cointelegraph.com,https://cointelegraph.com/news/bitriver-ceo-arrested-alleged-tax-concealment,CEO Of BitRiver Reportedly  On House Arrest Amid Tax Evasion Charges,"-6.34005763688761,0.864553314121038,7.20461095100865,8.06916426512968,21.6138328530259,0.288184438040346,308"
20260125073000,cointelegraph.com,https://cointelegraph.com/news/us-government-shutdown-january-polymarket-odds-surge,Polymarket Odds Of January US Gov't Shutdown Surge To 77%,"-2.72108843537415,2.26757369614512,4.98866213151927,7.2562358276644,22.9024943310658,2.49433106575964,402"
20260114083000,cointelegraph.com,https://cointelegraph.com/news/crypto-treasury-buying-outpaces-bitcoin-supply-3x,Corporate Bitcoin Holdings Outpace Mining Supply By 3x,"2.08816705336427,3.01624129930394,0.928074245939675,3.94431554524362,20.1856148491879,0.232018561484919,369"
20260114083000,cointelegraph.com,https://cointelegraph.com/news/bitmine-adds-more-staked-eth-as-entry-queue-soars,"BitMine Stakes 186K More ETH, Total Reaches 1.5M Worth $5.13B","1.51898734177215,2.0253164556962,0.506329113924051,2.53164556962025,19.2405063291139,0.253164556962025,333"
20260114083000,cointelegraph.com,https://cointelegraph.com/news/pakistan-world-liberty-stablecoin-cross-border-payments-deal,Pakistan Explores World Liberty Stablecoin Deal for Cross-Border Payments,"4.94791666666667,4.94791666666667,0,4.94791666666667,20.8333333333333,0.260416666666667,352"
20260114081500,newsbtc.com,https://www.newsbtc.com/bitcoin-news/bitcoin-lth-sopr-signals-early-capitulation-but-selling-pressure-remains-contained/,"Bitcoin LTH SOPR Signals Early Capitulation, But Selling Pressure Remains Contained","-2.59067357512953,2.59067357512953,5.18134715025907,7.7720207253886,27.8497409326425,0.129533678756477,708"
20260114081500,newsbtc.com,https://www.newsbtc.com/news/bitcoin/bitcoin-nears-historic-technical-test-as-price-eyes-93500-barrier-whats-next/,"Bitcoin Nears 'Historic Technical Test' As Price Eyes $93,500","-0.504201680672269,1.84873949579832,2.35294117647059,4.20168067226891,19.6638655462185,0,542"
20260114081500,newsbtc.com,https://www.newsbtc.com/analysis/eth/ethereum-price-rips-higher-3375/,"Ethereum Price Rips Higher by 8%, Forcing Bears to Reassess","0,2.24719101123596,2.24719101123596,4.49438202247191,27.6404494382022,0,400"
20260114081500,newsbtc.com,https://www.newsbtc.com/analysis/solana-sol-escapes-resistance-142/,"Solana (SOL) Escapes Resistance Zone, Rally Pressure Intensifies","2.33644859813084,4.4392523364486,2.10280373831776,6.54205607476635,30.8411214953271,0.233644859813084,409"
20260114081500,newsbtc.com,https://www.newsbtc.com/analysis/xrp/xrp-price-finds-its-footing-2-10/,"XRP Price Finds Its Footing at Support, Bulls Test Their Strength","0.665188470066519,2.66075388026608,1.99556541019956,4.65631929046563,29.0465631929047,0,429"
20260114081500,newsbtc.com,https://www.newsbtc.com/news/monero-xmr/monero-xmr-rockets-51-new-ath-watch-fomo/,"Monero (XMR) Rockets 51% To New ATH, But Watch Out For FOMO","0.413223140495868,1.2396694214876,0.826446280991736,2.06611570247934,24.3801652892562,0.206611570247934,460"
20260123103000,newsbtc.com,https://www.newsbtc.com/bitcoin-news/bitcoin-overhang-cap-rallies-98400-glassnode-says/,"Bitcoin Supply Overhang Likely To Cap Rallies Above $98,400, Glassnode Says","-0.604838709677419,1.00806451612903,1.61290322580645,2.62096774193548,27.2177419354839,0,460"
20260123103000,newsbtc.com,https://www.newsbtc.com/news/dogecoin-foundation-backed-etf-launches-on-nasdaq-as-analysts-call-for-massive-doge-rally/,Dogecoin Foundation-Backed Spot ETF Launches On Nasdaq,"0.560747663551402,1.49532710280374,0.934579439252336,2.42990654205607,18.3177570093458,0.373831775700935,499"
20260123103000,newsbtc.com,https://www.newsbtc.com/xrp-news/expert-analyzes-xrp-ethereum-and-solana-predictions-for-the-next-altcoin-season/,"Expert Analyzes XRP, Ethereum, And Solana: Predictions For The Next Altcoin Season","0.740740740740741,2.22222222222222,1.48148148148148,3.7037037037037,18.7037037037037,0,483"
20260123103000,newsbtc.com,https://www.newsbtc.com/analysis/doge/dogecoin-doge-positive-indicators-0-120/,"Dogecoin (DOGE) Positive Indicators Emerge, But Recovery Still Fragile","0.671140939597316,2.68456375838926,2.01342281879195,4.69798657718121,27.5167785234899,0.223713646532438,391"
20260108083000,cointelegraph.com,https://cointelegraph.com/news/memecoin-social-buzz-market-cap-risk-appetite,Memecoin Social Buzz Could Signal Renewed Risk Appetite,"-3.48258706467662,1.32669983416252,4.80928689883914,6.13598673300166,25.3731343283582,0.995024875621891,537"
20260108083000,cointelegraph.com,https://cointelegraph.com/news/bitcoin-etf-morgan-stanley-flows-reputational-procap-jeff-park,Morgan Stanley Bitcoin ETF Will Build Firm's Clout: Exec,"1.11111111111111,2.5,1.38888888888889,3.88888888888889,24.4444444444444,0.555555555555556,333"
20260108083000,cointelegraph.com,https://cointelegraph.com/news/zcash-devs-split-from-electric-coin-company-plan-to-create-new-firm,Zcash Developers Plan New Firm After Split From Bootstrap,"1.15207373271889,2.76497695852535,1.61290322580645,4.3778801843318,22.3502304147465,1.61290322580645,380"
20260208134500,newsbtc.com,https://www.newsbtc.com/news/bitcoin/bitcoin-sharpe-ratio-sinks-to-historical-lows-accumulation-next/,Bitcoin Sharpe Ratio Sinks To Historical Lows &#x2014; Accumulation Next?,"-2.80898876404494,2.05992509363296,4.8689138576779,6.92883895131086,22.2846441947566,0,502"
20260208134500,newsbtc.com,https://www.newsbtc.com/news/ethereum/ethereums-funding-rates-signal-sentiment-flip-across-major-exchanges/,Ethereum's Funding Rates Signal Sentiment Flip Across Major Exchanges,"-1.46699266503668,3.42298288508557,4.88997555012225,8.31295843520782,21.2713936430318,0,381"
20260201203000,coindesk.com,https://www.coindesk.com/policy/2026/02/01/hints-of-progress-state-of-crypto,Hints of progress: State of Crypto,"1.04408352668213,2.55220417633411,1.50812064965197,4.06032482598608,23.5498839907193,1.16009280742459,799"
20260201203000,cointelegraph.com,https://cointelegraph.com/news/bitcoin-sell-off-ibit-investor-returns,"Bitcoin Sell-Off Pushes IBIT Investor Returns Into the Red, CIO Says","-3.76106194690265,1.76991150442478,5.53097345132743,7.30088495575221,20.7964601769912,0,410"
20260201203000,cointelegraph.com,https://cointelegraph.com/news/alternative-inflation-data-us-cpi-cooling-fed-crypto,Alternative Inflation Data Shows Sharp Cooling in US CPI,"-3.3175355450237,1.18483412322275,4.50236966824645,5.68720379146919,22.5118483412322,1.8957345971564,387"
20260201203000,coindesk.com,https://www.coindesk.com/markets/2026/02/01/bitcoin-s-hopium-for-bulls-may-be-over-and-this-weekend-s-slide-could-be-just-the-beginning,Bitcoin's 'hopium' for bulls is over and this weekend's slide may be just the beginning,"-1.61001788908766,2.32558139534884,3.93559928443649,6.26118067978533,21.824686940966,0.536672629695885,512"
20260201203000,coindesk.com,https://www.coindesk.com/markets/2026/02/01/bets-on-bitcoin-slide-below-usd75-000-are-now-as-hot-as-those-usd100-000-plays,"Here's why bitcoin traders are now betting billions on a drop to $75,000 and bailing on price rising higher","-1.58730158730159,1.8140589569161,3.40136054421769,5.21541950113379,26.530612244898,0.680272108843537,397"
20260214053000,newsbtc.com,https://www.newsbtc.com/altcoin/xrp-set-to-dethrone-bitcoin-within-6-years-entrepreneur-says/,"XRP Set To Dethrone Bitcoin Within 6 Years, Entrepreneur Says","-0.396825396825397,2.18253968253968,2.57936507936508,4.76190476190476,24.4047619047619,0.198412698412698,446"
20260214053000,newsbtc.com,https://www.newsbtc.com/bitcoin-news/when-will-bitcoin-bounce-back-top-analyst-breaks-down-prior-major-corrections/,When Will Bitcoin Bounce Back? Top Analyst Breaks Down Prior Major Corrections,"-5.38336052202284,1.14192495921697,6.5252854812398,7.66721044045677,18.9233278955954,0.163132137030995,533"
20260214053000,newsbtc.com,https://www.newsbtc.com/bitcoin-news/bitcoin-nupl-hope-fear-region-what-happens-next/,Bitcoin NUPL Back In Hope/Fear Region: What Happens Next?,"-1.32325141776938,1.89035916824197,3.21361058601134,5.10396975425331,26.4650283553875,0,502"
20260214063000,cointelegraph.com,https://cointelegraph.com/news/bitcoin-holders-inflation-data-valuation-us-dollar-anthony-pompliano,Bitcoiners Face Test As Inflation Cools: Pompliano,"-2.56410256410256,1.28205128205128,3.84615384615385,5.12820512820513,23.7179487179487,1.28205128205128,425"
20260114163000,bitcoinmagazine.com,https://bitcoinmagazine.com/news/rhode-island-reintroduces-bitcoin-tax-bill,Rhode Island Reintroduces Bitcoin Tax Exemption Bill,"-0.422832980972516,1.69133192389006,2.11416490486258,3.80549682875264,25.7928118393235,0,434"
20260114170000,cointelegraph.com,https://cointelegraph.com/news/tokenized-gold-drives-rwa-growth-2025,Tokenized Gold Market Surges 177% as RWA Growth Accelerates in 2025,"4.52755905511811,7.28346456692913,2.75590551181102,10.0393700787402,18.3070866141732,0.393700787401575,451"
20260114170000,cointelegraph.com,https://cointelegraph.com/news/bitnomial-opens-us-regulated-futures-market-for-aptos,Bitnomial Launches US-Regulated Aptos Futures,"-1.12359550561798,0.449438202247191,1.57303370786517,2.02247191011236,20,2.24719101123596,408"
20260114170000,cointelegraph.com,https://cointelegraph.com/news/dz-bank-mica-license-crypto-services-germany,DZ Bank Secures MiCA License for Regulated Crypto Services,"1.69082125603865,2.89855072463768,1.20772946859903,4.10628019323672,18.8405797101449,0,379"
20260114170000,cointelegraph.com,https://cointelegraph.com/news/bitcoin-price-97k-despite-high-ppi-inflation-no-us-tariff-ruling,"Bitcoin Price Ignores PPI Overshoot to Hit $97,000","0,2.32067510548523,2.32067510548523,4.64135021097046,24.2616033755274,1.05485232067511,438"
20260114170000,cointelegraph.com,https://cointelegraph.com/news/crossmint-gains-mica-approval-spain,Crossmint Wins MiCA License for EU Stablecoin Services,"0,3.42679127725857,3.42679127725857,6.85358255451713,18.5358255451713,0,586"
20260114170000,cointelegraph.com,https://cointelegraph.com/press-releases/trx-options-launch-on-deribit-by-coinbase-expanding-institutional-access-to-the-tron-ecosystem,"TRX options launch on Deribit by Coinbase, expanding institutional access to the TRON ecosystem","2.84431137724551,3.89221556886228,1.04790419161677,4.94011976047904,16.7664670658683,0.29940119760479,589"
20260114170000,newsbtc.com,https://www.newsbtc.com/news/bitcoin/bitcoins-comeback-stalls-as-crypto-funds-bleed-capital-analyst/,Bitcoin's Comeback Stalls As Crypto Funds Bleed Capital,"-0.706713780918728,2.65017667844523,3.35689045936396,6.00706713780919,26.3250883392226,0.530035335689046,506"
20260114170000,cointelegraph.com,https://cointelegraph.com/news/live-events-are-becoming-a-real-world-testbed-for-web3-infrastructure,Live events are becoming a real-world testbed for Web3 infrastructure,"1.99296600234467,2.93083235638921,0.937866354044549,3.86869871043376,21.5709261430246,0.117233294255569,768"
20260114170000,cointelegraph.com,https://cointelegraph.com/news/bitcoin-etfs-rollercoaster-tradfi-etfs-2026-abnormally-high-46b,"Bitcoin ETFs Rollercoaster, TradFi ETFs 2026 ""Abnormally High"" $46B","-1.04166666666667,2.29166666666667,3.33333333333333,5.625,18.9583333333333,0.208333333333333,429"
20260114170000,newsbtc.com,https://www.newsbtc.com/news/bitcoin/bitcoin-bulllish-bearish-scenarios/,Analyst Outlines The Bulllish And Bearish Scenarios For Bitcoin,"-0.617283950617284,2.26337448559671,2.88065843621399,5.1440329218107,20.7818930041152,0,439"
20260114170000,newsbtc.com,https://www.newsbtc.com/news/bitcoin/bitcoin-at-100k-could-spark-a-fresh-wave-of-retail-fomo-analysts-warn/,Bitcoin At $100K Could Spark A Wave Of Retail FOMO: Analysts,"-1.26811594202899,0.72463768115942,1.99275362318841,2.71739130434783,26.6304347826087,0.181159420289855,495"
20260110133000,cointelegraph.com,https://cointelegraph.com/news/spot-bitcoin-etfs-lose-681m-first-week-2026-risk-off,Spot Bitcoin ETFs Lose $681M in First Week of 2026 as Risk Appetite Fades,"-2.88184438040346,2.01729106628242,4.89913544668588,6.9164265129683,17.8674351585014,0.864553314121038,310"
20260110133000,cointelegraph.com,https://cointelegraph.com/news/betterment-fake-crypto-promotion-triple-returns-warning,Betterment Warns Users After Fake Crypto Promotion Promised Triple Returns,"-3.65535248041775,2.61096605744125,6.26631853785901,8.87728459530026,23.4986945169713,0.261096605744125,350"
20260110140000,newsbtc.com,https://www.newsbtc.com/news/bitcoin/bitcoin-maintains-mid-90k-levels-possible-price-targets-analyst/,Bitcoin Maintains Mid-$90k Levels: Possible Price Targets &#x2014; Analyst,"6.10021786492375,6.75381263616558,0.65359477124183,7.40740740740741,15.4684095860566,0,425"
20260110140000,newsbtc.com,https://www.newsbtc.com/news/bitcoin/bitcoins-next-peak-might-ignite-adas-rally-says-cardano-creator/,"Bitcoin's Next Peak Might Ignite ADA's Rally, Says Cardano Creator","-0.527240773286468,1.93321616871705,2.46045694200351,4.39367311072056,24.4288224956063,0,503"
20260126213000,bitcoinmagazine.com,https://bitcoinmagazine.com/markets/bitcoin-drops-below-87000-as-bears-target-84000-support-break,"Bitcoin Drops Below $87,000 As Bears Target $84,000 Support Break","0.959232613908873,3.59712230215827,2.6378896882494,6.23501199040767,27.0983213429257,0.239808153477218,766"
20260126213000,bitcoinmagazine.com,https://bitcoinmagazine.com/authors/juan-galt?mab_v3=50123,Juan Galt - Author Archives - Bitcoin Magazine,"-2.77777777777778,0,2.77777777777778,2.77777777777778,11.1111111111111,0,32"
20260126213000,bitcoinmagazine.com,https://bitcoinmagazine.com/news/peter-schiff-bitcoin-tucker-carlson,Peter Schiff Reiterates Anti-Bitcoin Stance In Interview,"0.804828973843057,6.03621730382294,5.23138832997988,11.2676056338028,23.1388329979879,0,466"
20260126213000,bitcoinmagazine.com,https://bitcoinmagazine.com/business/us-dominates-bitcoin-hiring-in-2025-as-singapore-jumps-158-bitvocation-data-shows,"US Dominates Bitcoin Hiring In 2025 As Singapore Jumps 158%, Bitvocation Data Shows","1.1887072808321,2.37741456166419,1.1887072808321,3.56612184249629,16.0475482912333,1.48588410104012,597"
20260127000000,newsbtc.com,https://www.newsbtc.com/bitcoin-news/expert-nailed-bitcoin-top-now-says-buy-at-these-levels/,Expert Who Nailed The Bitcoin Top Now Says Buy At These Levels,"-1.19225037257824,2.08643815201192,3.27868852459016,5.36512667660209,22.9508196721311,0.447093889716841,593"
20260127000000,newsbtc.com,https://www.newsbtc.com/breaking-news-ticker/us-government-bitcoin-crypto-theft-allegation-emerges-involving-ceos-son/,"US Government Bitcoin, Crypto Theft Allegation Emerges Involving CEO's Son","-5.67010309278351,0.515463917525773,6.18556701030928,6.70103092783505,20.6185567010309,1.54639175257732,359"
20260127000000,newsbtc.com,https://www.newsbtc.com/analysis/xrp/xrps-173-day-theory/,XRP's 173-Day Theory: What Happens If This Historical Trend Plays Out Again,"0.814663951120163,1.83299389002037,1.0183299389002,2.85132382892057,25.4582484725051,0,448"
20260127000000,newsbtc.com,https://www.newsbtc.com/news/bitcoin/bitcoin-directional-move-ahead/,Bitcoin Volatility Squeeze Signals Directional Move Ahead,"-4.04624277456647,0.770712909441233,4.81695568400771,5.58766859344894,29.4797687861272,0,481"
20260126223000,coindesk.com,https://www.coindesk.com/policy/2026/01/26/crypto-exchange-whitebit-flagged-by-russia-as-undesirable-over-support-for-ukraine-military,Russia labels crypto exchange WhiteBIT as 'undesirable',"-3.45679012345679,1.23456790123457,4.69135802469136,5.92592592592593,20.4938271604938,0.740740740740741,353"
20260126223000,coindesk.com,https://www.coindesk.com/business/2026/01/26/u-s-marshals-investigate-claims-that-son-of-government-contractor-stole-usd40-million-of-seized-crypto,U.S. marshals investigate claim of $40 million crypto theft by son of federal crypto custodian,"-5.71428571428571,1.11111111111111,6.82539682539683,7.93650793650794,21.2698412698413,0.793650793650794,587"
20260126223000,coindesk.com,https://www.coindesk.com/tech/2026/01/26/deus-x-capital-s-tim-grant-on-cutting-through-the-crypto-hype,Deus X Capital's Tim Grant on cutting through the crypto hype,"0.766283524904215,2.10727969348659,1.34099616858238,3.44827586206897,17.816091954023,1.14942528735632,415"
20260126223000,coindesk.com,https://www.coindesk.com/business/2026/01/26/millions-in-crypto-wealth-at-risk-of-vanishing-when-holders-die-here-s-how-to-protect-them,Crypto wealth: Millions in crypto wealth at risk of vanishing when holders die. Here's how to protect it,"0,2.58014073494918,2.58014073494918,5.16028146989836,24.9413604378421,0.703674745895231,1169"
20260126223000,coindesk.com,https://www.coindesk.com/markets/2026/01/26/macro-fears-mask-ethereum-s-momentum-sharplink-ceo-says,Why This Former BlackRock Executive Thinks Ethereum's TVL Will 10X in 2026,"0,3.57142857142857,3.57142857142857,7.14285714285714,19.047619047619,1.19047619047619,230"
20260126210000,cointelegraph.com,https://cointelegraph.com/news/gold-digital-rally-mirrors-rising-stress-dollar,Gold's Digital Rally Signals Dollar Stress as Tokenized Gold Surges,"1.77514792899408,5.12820512820513,3.35305719921105,8.48126232741617,22.0907297830375,1.38067061143984,474"
20260126210000,cointelegraph.com,https://cointelegraph.com/news/vaneck-us-avalanche-etf-avax-spot,VanEck Launches US-listed Avalanche ETF,"-1.27186009538951,2.22575516693164,3.49761526232114,5.72337042925278,21.939586645469,0.95389507154213,562"
20260126210000,cointelegraph.com,https://cointelegraph.com/news/defi-technologies-valour-uk-fca-approval-etps-btc-eth,DeFi Technologies UK Subsidiary Gets Regulatory Approval for ETPs,"1.10497237569061,3.03867403314917,1.93370165745856,4.97237569060773,20.1657458563536,0.276243093922652,338"
20260126210000,cointelegraph.com,https://cointelegraph.com/news/bitcoin-due-dollar-fueled-macro-bottom-traders-dismiss-88k-bounce,Bitcoin Follows the US Dollar Downward as History Repeats,"-2.22602739726027,1.88356164383562,4.10958904109589,5.99315068493151,24.1438356164384,1.02739726027397,522"
20260126210000,cointelegraph.com,https://cointelegraph.com/news/senate-ag-committee-delay-market-structure,"US Gov't Officials Delay Market Structure Markup, SEC-CFTC Crypto Meeting","-3.01624129930394,1.62412993039443,4.64037122969838,6.26450116009281,24.8259860788863,1.16009280742459,407"
20260126210000,cointelegraph.com,https://cointelegraph.com/news/price-predictions-1-26-spx-dxy-btc-eth-xrp-bnb-sol-doge-ada-bch,"Bitcoin, Altcoins Sell-off Again: Will Bulls Buy The Dip?","-0.0726744186046511,2.47093023255814,2.54360465116279,5.01453488372093,27.6162790697674,0.145348837209302,1287"
20260113220000,bitcoinmagazine.com,https://bitcoinmagazine.com/markets/bitcoin-price-roars-past-94000-bulls,"Bitcoin Price Roars Past $94,000 As Bulls Claim A Win","-3.17700453857791,1.66414523449319,4.8411497730711,6.5052950075643,21.9364599092284,0,575"
20260113220000,bitcoinmagazine.com,https://bitcoinmagazine.com/news/eric-adams-nyc-token-crashes-80-in-hours,"Eric Adams' NYC Token Plunges 80%, Showing Bitcoin Stability","-4.57746478873239,2.2887323943662,6.86619718309859,9.15492957746479,23.0633802816901,0.352112676056338,508"
20260113220000,bitcoinmagazine.com,https://bitcoinmagazine.com/news/strive-recieves-yes-on-semler-acquisition,"Strive Wins Approval For Semler Deal, BTC Stash Nears 13,000","1.19331742243437,2.86396181384248,1.67064439140811,4.5346062052506,24.1050119331742,0.715990453460621,360"
20260113223000,newsbtc.com,https://www.newsbtc.com/xrp-news/xrp-unique-moment-history-end-of-suppression/,XRP Is At Unique Moment In History: Dev Calls End Of Suppression,"-0.341296928327645,2.21843003412969,2.55972696245734,4.77815699658703,24.2320819112628,1.36518771331058,525"
20260113223000,newsbtc.com,https://www.newsbtc.com/xrp-news/xrp-eyes-a-massive-week/,Why XRP Is Gearing Up For A Massive Week,"0.389105058365759,1.94552529182879,1.55642023346304,3.50194552529183,22.7626459143969,0,484"
20260113223000,newsbtc.com,https://www.newsbtc.com/bitcoin-news/bitcoin-short-term-holders-near-a-profit-flip-a-key-level-comes-into-focus/,Bitcoin Short-Term Holders Near A Profit Flip: A Key Level Comes Into Focus,"-1.36612021857924,2.59562841530055,3.96174863387978,6.55737704918033,28.1420765027322,0,667"
20260113223000,newsbtc.com,https://www.newsbtc.com/breaking-news-ticker/xrp-potential-four-q1-2026-triggers-that-might-propel-price-beyond-8/,XRP Potential: Four Q1 2026 Triggers That Might Propel Price Beyond $8,"3.18471337579618,3.60934182590234,0.424628450106157,4.03397027600849,20.8067940552017,0.636942675159236,426"
20260113223000,newsbtc.com,https://www.newsbtc.com/sui/sui-reclaims-key-support/,SUI Reclaims Key Support With Strength &#x2014; Is $2.35 The Next Target?,"-0.20703933747412,3.31262939958592,3.51966873706004,6.83229813664596,25.4658385093168,0,458"
20260113224500,cointelegraph.com,https://cointelegraph.com/news/vivek-ramaswamy-strive-acquire-semler-scientific-bitcoin-treasury,Strive Shares Fall 12% After Semler Deal To Expand Bitcoin Treasury,"1.68776371308017,3.37552742616034,1.68776371308017,5.06329113924051,23.6286919831224,0,420"
20260113224500,cointelegraph.com,https://cointelegraph.com/news/old-glory-bank-public-texas-spac-nasdaq,Crypto-Friendly Bank to Go Public as Texas Company via SPAC,"4.12698412698413,5.3968253968254,1.26984126984127,6.66666666666667,26.6666666666667,1.58730158730159,290"
20260113224500,cointelegraph.com,https://cointelegraph.com/news/eth-s-back-at-3-2k-will-traders-flip-the-level-from-resistance-to-support,ETH Tests $3.2K But US Macro And Other Hurdles Remain,"-1.70940170940171,2.39316239316239,4.1025641025641,6.4957264957265,18.974358974359,0.512820512820513,510"
20260113224500,cointelegraph.com,https://cointelegraph.com/news/crypto-2026-comeback-hinges-three-outcomes-wintermute,Why Bitcoin's Four-Year Cycle Faltered &#x2014; and What Comes Next,"-4.23076923076923,2.30769230769231,6.53846153846154,8.84615384615385,23.6538461538462,0.384615384615385,450"
20260113224500,cointelegraph.com,https://cointelegraph.com/news/sol-chart-shows-masterpiece-setup-to-dollar190-after-key-trend-turns-bullish,SOL Eyes $190 as Key Trend Flips Bullish,"-1,2.6,3.6,6.2,25,0.2,445"
20260113224500,cointelegraph.com,https://cointelegraph.com/news/new-york-city-mayor-zohran-mamdani-no-crypto,"New NYC Mayor Mamdani Says He Holds No Crypto, Will Not Buy Adams' Memecoin","0.240384615384615,2.64423076923077,2.40384615384615,5.04807692307692,21.3942307692308,0.240384615384615,384"
20260212064500,cointelegraph.com,https://cointelegraph.com/news/thailand-approves-crypto-underlying-assets-derivatives-markets,Thailand Approves Bitcoin For Derivatives Trading Markets,"1.95530726256983,4.18994413407821,2.23463687150838,6.42458100558659,17.5977653631285,0,321"
20260212064500,cointelegraph.com,https://cointelegraph.com/news/crypto-lender-blockfills-suspended-withdrawals,Crypto Lender BlockFills Paused Withdrawals Amid Market Fall,"-1.51515151515151,1.21212121212121,2.72727272727273,3.93939393939394,23.030303030303,0.303030303030303,280"
20260212064500,cointelegraph.com,https://cointelegraph.com/news/strategy-ceo-preferred-stock-fund-bitcoin-buys,Strategy to Push Preferred Stock to Boost Bitcoin Buys: CEO,"1.46699266503667,3.66748166259169,2.20048899755501,5.8679706601467,23.2273838630807,0.97799511002445,375"
20260212081500,coindesk.com,https://www.coindesk.com/markets/2026/02/12/strategy-s-strc-returns-to-usd100-poised-to-unlock-more-bitcoin-accumulation,"MSTR's STRC returns to $100 par, poised to unlock more BTC accumulation","1.5,3,1.5,4.5,21,1.5,181"
20260212081500,coindesk.com,https://www.coindesk.com/business/2026/02/12/okx-ventures-backs-stbl-in-partnership-with-hamilton-lane-and-securitize,OKX Ventures backs STBL in partnership with Hamilton Lane and Securitize,"2.31660231660232,3.08880308880309,0.772200772200772,3.86100386100386,22.007722007722,1.54440154440154,234"
20260124020000,cointelegraph.com,https://cointelegraph.com/news/binance-tokenized-stock-offerings,Binance Hints at Offering Tokenized Equities after Five Years,"-1.0958904109589,1.36986301369863,2.46575342465753,3.83561643835616,22.1917808219178,1.36986301369863,334"
20260124014500,coindesk.com,https://www.coindesk.com/tech/2026/01/21/the-protocol-staked-eth-exit-queue-moves-down-to-zero,The Protocol: Staked ETH exit queue down to zero,"-2.31958762886598,1.67525773195876,3.99484536082474,5.67010309278351,24.4201030927835,0.38659793814433,1420"
20260124014500,coindesk.com,https://www.coindesk.com/daybook-us/2026/01/23/bitcoin-ether-etfs-to-become-more-powerful-as-options-rule-relaxes-crypto-daybook-americas,"BTC, ETH ETFs to become more powerful as options rule relaxes: Crypto Daybook Americas","-0.336473755047106,1.8842530282638,2.2207267833109,4.1049798115747,17.092866756393,0.471063257065949,1262"
20260124014500,coindesk.com,https://www.coindesk.com/policy/2026/01/23/fbi-arrests-ex-olympian-drug-kingpin-who-allegedly-used-crypto-to-move-proceeds,FBI arrests ex-Olympian drug 'kingpin' who allegedly used crypto to move proceeds,"-3.2520325203252,2.03252032520325,5.28455284552846,7.31707317073171,19.9186991869919,1.21951219512195,225"
20260124014500,coindesk.com,https://www.coindesk.com/business/2026/01/23/a-crypto-flex-gone-wrong-exposes-usd90-million-wallet-tied-to-u-s-government-seizure,An online ego war leads to a $90 million discovery as hacker accidentally reveals his wallet,"-6.40732265446224,0.45766590389016,6.8649885583524,7.32265446224256,19.2219679633867,0.68649885583524,386"
20260124014500,coindesk.com,https://www.coindesk.com/press-release/2026/01/07/bitgw-announces-remote-first-operating-model-to-support-global-operations,BitGW Announces Remote-First Operating Model to Support Global Operations,"2.53456221198157,3.68663594470046,1.15207373271889,4.83870967741935,16.5898617511521,0,368"
20260124014500,coindesk.com,https://www.coindesk.com/business/2026/01/23/swiss-banking-giant-usb-planning-to-offer-crypto-services-to-specific-clients,UBS to offer bitcoin and ether to wealthy clients increasingly demanding access,"1.18110236220472,2.75590551181102,1.5748031496063,4.33070866141732,20.4724409448819,1.96850393700787,235"
20260124014500,coindesk.com,https://www.coindesk.com/business/2026/01/23/binance-s-changpeng-zhao-says-bitcoin-will-break-the-four-year-cycle-this-year,CZ says bitcoin will 'break' 4-year cycle as global crypto support grows,"1.2962962962963,2.96296296296296,1.66666666666667,4.62962962962963,20.5555555555556,1.66666666666667,483"
20260124014500,coindesk.com,https://www.coindesk.com/business/2026/01/23/ledger-said-to-seek-usd4-billion-ipo-in-new-york-tripling-2023-valuation-ft,"Ledger eyes $4B NYSE IPO with Goldman, Jefferies and Barclays: Financial Times","-2.3489932885906,1.34228187919463,3.69127516778524,5.03355704697987,20.4697986577181,1.00671140939597,258"
20260124014500,coindesk.com,https://www.coindesk.com/business/2026/01/21/coinbase-ceo-brian-armstrong-spars-with-france-s-central-bank-chief-at-davos-over-the-yield-and-bitcoin-standard,Davos debate turns heated as Coinbase's Armstrong defends bitcoin and stablecoin yield against central bank criticism,"-2.08955223880597,2.78606965174129,4.87562189054726,7.66169154228856,23.18407960199,0.597014925373134,928"
20260124014500,coindesk.com,https://www.coindesk.com/policy/2026/01/23/u-k-fca-moves-closer-to-crypto-regulation-with-final-consumer-duty-consultation,Crypto firms in the U.K. face 'higher bar' under FCA's final Consumer Duty proposal,"1.1441647597254,4.11899313501144,2.97482837528604,7.09382151029748,21.7391304347826,1.1441647597254,414"
20260124014500,coindesk.com,https://www.coindesk.com/markets/2026/01/23/bitcoin-surges-to-usd91-000-showing-signs-of-life-on-suspected-bank-of-japan-intervention,"Bitcoin price news: BTC rises above $91,000 as yen surges against U.S. dollar","-3.03867403314917,1.93370165745856,4.97237569060773,6.9060773480663,17.9558011049724,0.828729281767956,333"
20260124014500,coindesk.com,https://www.coindesk.com/markets/2026/01/23/kevin-o-leary-says-power-is-now-more-valuable-than-bitcoin,"Why Kevin O'Leary Sold 27 Crypto Positions, What He's Investing In Now","-1.50375939849624,3.38345864661654,4.88721804511278,8.27067669172932,19.1729323308271,1.12781954887218,244"
20260124014500,coindesk.com,https://www.coindesk.com/tech/2026/01/23/ethereum-blockchain-beats-its-own-speed-ups-but-there-s-a-catch,"Ethereum news: Mainnet activity jumps past layer-2s, but dust attacks muddy the picture","-4.60526315789474,1.80921052631579,6.41447368421053,8.22368421052632,23.1907894736842,0.493421052631579,569"
20260124014500,coindesk.com,https://www.coindesk.com/tech/2026/01/22/ethereum-upgrade-sparks-activity-spike-but-jpmorgan-doubts-it-will-last,"Ethereum upgrade sparks activity spike, but JPMorgan (JPM) doubts it will last","0.468384074941452,3.51288056206089,3.04449648711944,6.55737704918033,23.8875878220141,0.702576112412178,393"
20260124014500,coindesk.com,https://www.coindesk.com/opinion/2026/01/20/how-wall-street-took-over-the-bitcoin-options-market,How Wall Street took over the bitcoin options market,"-1.19760479041916,1.79640718562874,2.9940119760479,4.79041916167665,25,0.748502994011976,600"
20260124014500,coindesk.com,https://www.coindesk.com/opinion/2026/01/21/want-tradfi-to-embrace-tokenization-crypto-s-distribution-strategy-must-mature,Want TradFi to embrace tokenization? Crypto's distribution strategy must mature,"2.01117318435754,4.1340782122905,2.12290502793296,6.25698324022346,20.3351955307263,0.893854748603352,813"
20260124014500,coindesk.com,https://www.coindesk.com/markets/2026/01/23/crypto-custodian-bitgo-shares-fall-13-on-second-day-of-trading,BitGo (BTGO) news: Shares decline sharply in day two of trading,"-0.966183574879227,1.93236714975845,2.89855072463768,4.83091787439614,20.7729468599034,1.44927536231884,192"
20260124014500,coindesk.com,https://www.coindesk.com/research/exchange-review-december-2025,Exchange Review - December 2025,"-1.20845921450151,0.302114803625378,1.51057401812689,1.81268882175227,22.6586102719033,0.906344410876133,287"
20260124014500,coindesk.com,https://www.coindesk.com/author/hong-fang,Hong Fang | CoinDesk Author,"-5.40540540540541,0,5.40540540540541,5.40540540540541,13.5135135135135,0,32"
20260120014500,newsbtc.com,https://www.newsbtc.com/xrp-news/xrp-longs-get-wiped-binance-leads-5m-liquidation-wave/,XRP Longs Get Wiped: Binance Leads $5M Liquidation Wave,"-7.79816513761468,0.764525993883792,8.56269113149847,9.32721712538226,24.4648318042813,0.305810397553517,616"
20260120014500,newsbtc.com,https://www.newsbtc.com/bitcoin-news/790-million-crypto-longs-bitcoin-plunges-93000/,"$790 Million In Crypto Longs Decimated As Bitcoin Plunges To $93,000","-5.89430894308943,0.813008130081301,6.70731707317073,7.52032520325203,21.5447154471545,0.40650406504065,441"
20260120014500,newsbtc.com,https://www.newsbtc.com/breaking-news-ticker/is-a-new-xrp-price-record-imminent-analyst-forecast-colossal-short-squeeze-ahead/,Is A New XRP Price Record Imminent? Analyst Forecast Colossal Short Squeeze Ahead,"-1.93905817174515,0.554016620498615,2.49307479224377,3.04709141274238,20.7756232686981,0,333"
20260218221500,newsbtc.com,https://www.newsbtc.com/breaking-news-ticker/eric-trump-doubles-down-on-1m-bitcoin-forecast-calls-banking-a-ponzi-scheme/,"Eric Trump Doubles Down On $1M Bitcoin Forecast, Calls Banking A 'Ponzi Scheme'","-0.226244343891402,2.71493212669683,2.94117647058824,5.65610859728507,19.0045248868778,2.03619909502262,389"
20260218221500,newsbtc.com,https://www.newsbtc.com/bitcoin-news/bitcoin-bearish-momentum-losing-analyst-metric/,Bitcoin Bearish Momentum Losing Steam? Analyst Flags Key Metric,"-0.75187969924812,0.18796992481203,0.93984962406015,1.12781954887218,27.2556390977444,0,494"
20260218210000,bitcoinmagazine.com,https://bitcoinmagazine.com/news/trump-sons-tout-a-1-million-bitcoin-price,Trump Sons Hype $1M Bitcoin As Goldman CEO Discloses BTC Stake,"0.738552437223043,3.397341211226,2.65878877400295,6.05612998522895,20.6794682422452,0,607"
20260218210000,bitcoinmagazine.com,https://bitcoinmagazine.com/news/futurebit-apollo-iii-home-bitcoin-miner,FutureBit Debuts U.S.-Built Apollo III Home Bitcoin Miner,"1.94174757281553,3.64077669902913,1.69902912621359,5.33980582524272,22.0873786407767,0.242718446601942,371"
20260218210000,bitcoinmagazine.com,https://bitcoinmagazine.com/business/miles-suter-cash-app-now-offers-best-bitcoin-pricing-higher-withdrawals-for-users,"Miles Suter: Cash App Now Offers Best Bitcoin Pricing, Higher Withdrawals For Users","-0.310318076027929,2.09464701318852,2.40496508921645,4.49961210240497,25.911559348332,0.620636152055857,1196"
20260218214500,cointelegraph.com,https://cointelegraph.com/news/price-predictions-2-18-btc-eth-xrp-bnb-sol-doge-bch-ada-hype-xmr,Bitcoin Charts Project Fresh Lows In $50K Range: Will Altcoins Follow?,"-0.838574423480084,1.95667365478686,2.79524807826695,4.75192173305381,26.9042627533194,0,1299"
20260218214500,cointelegraph.com,https://cointelegraph.com/news/dollar209b-exited-altcoins-over-the-last-13-months-did-traders-rotate-into-bitcoin,Altcoin Sell Pressure Hits $209B As BTC Volumes Lead The Market,"-2.04081632653061,0.408163265306122,2.44897959183673,2.85714285714286,19.3877551020408,0,426"
20260218214500,cointelegraph.com,https://cointelegraph.com/news/treasury-bills-primary-driver-bitcoin-price,"T-Bills Primary Force Behind BTC's Price Action, Not Fed Policy &#x2014; Report","-0.475059382422803,2.37529691211401,2.85035629453682,5.22565320665083,24.9406175771971,1.42517814726841,373"
20260218214500,cointelegraph.com,https://cointelegraph.com/news/wlfi-token-trump-mar-a-lago-crypto-forum,Trump Family-Backed WLFI Token Surges Ahead of Mar-a-Lago Crypto 'Forum',"-0.688073394495413,2.29357798165138,2.98165137614679,5.27522935779817,22.0183486238532,1.14678899082569,396"
20260218214500,cointelegraph.com,https://cointelegraph.com/news/derivadex-launches-bermuda-licensed-derivatives-exchange-under-dao-governance,DerivaDEX Launches Bermuda-Licensed DAO Derivatives Exchange,"1.5,3.5,2,5.5,24.5,0.5,367"
20260218214500,cointelegraph.com,https://cointelegraph.com/news/riot-platform-ai-hpc-profit-stockholder,"Riot Platform's AI/HPC Push could Net up to $21B, Says Stockholder","-2.19178082191781,2.19178082191781,4.38356164383562,6.57534246575342,24.1095890410959,1.0958904109589,324"
20260218214500,cointelegraph.com,https://cointelegraph.com/news/bitcoin-early-2024-buyers-steady-btc-price-as-trader-sees-52k-next-week,"$50,000 Price Odds Remain As 2024 Hodlers Help Stabilize BTC","-0.954653937947494,2.62529832935561,3.5799522673031,6.20525059665871,24.3436754176611,0,380"
20260221034500,newsbtc.com,https://www.newsbtc.com/news/bitcoin/bitcoin-enters-historic-buying-zone-indicator-suggests/,"Bitcoin Enters Historic Buying Zone, Indicator Suggests","-3.93374741200828,1.44927536231884,5.38302277432712,6.83229813664596,25.4658385093168,0.20703933747412,433"
20260221034500,newsbtc.com,https://www.newsbtc.com/bitcoin-news/why-bitcoin-could-be-headed-for-another-drop-research-firm-cites-three-key-risks/,Why Bitcoin Could Be Headed For Another Drop: Research Firm Cites Three Key Risks,"-3.99385560675883,1.84331797235023,5.83717357910906,7.68049155145929,23.8095238095238,0,583"
20260221034500,newsbtc.com,https://www.newsbtc.com/bitcoin-news/bitcoin-big-money-large-hits-lowest-may-2025/,Bitcoin Big-Money Exits: Large-Holder Supply Hits Lowest Since May 2025,"-0.368324125230203,0.920810313075507,1.28913443830571,2.20994475138122,25.414364640884,0.184162062615101,505"
20260108230000,cointelegraph.com,https://cointelegraph.com/news/temple-digital-group-24-7-institutional-trading-platform-canton,Temple Digital Group Launches Institutional Trading Platform on Canton,"1.93548387096774,2.79569892473118,0.860215053763441,3.65591397849462,21.2903225806452,1.0752688172043,407"
20260108230000,cointelegraph.com,https://cointelegraph.com/news/donald-trump-no-pardon-sam-bankman-fried,Donald Trump Will not Consider Pardon for Sam Bankman-Fried: NYT,"-1.8,3,4.8,7.8,24,0.4,455"
20260108230000,cointelegraph.com,https://cointelegraph.com/news/morgan-stanley-digital-asset-wallet-2026,Morgan Stanley,"1.5748031496063,2.88713910761155,1.31233595800525,4.1994750656168,21.5223097112861,0.26246719160105,341"
20260108230000,cointelegraph.com,https://cointelegraph.com/news/bitcoin-bulls-chase-dollar91k-as-early-2026-rally-finds-sustained-volume,Bitcoin Nears $91K And Bulls Are Not Done Yet,"-1.08695652173913,3.04347826086957,4.1304347826087,7.17391304347826,27.3913043478261,0,416"
20260108230000,cointelegraph.com,https://cointelegraph.com/news/nexo-zero-interest-crypto-btc-eth-holders,Nexo Launches Zero-Interest Crypto Loans for Bitcoin and Ether Holders,"0,2.24438902743142,2.24438902743142,4.48877805486284,22.4438902743142,0.249376558603491,342"
20260108234500,bitcoinmagazine.com,https://bitcoinmagazine.com/news/trump-says-he-wont-pardon-bankman-fried,Trump Says He Won't Pardon Sam Bankman-Fried,"-4.63821892393321,2.78293135435993,7.42115027829314,10.2040816326531,24.1187384044527,0,479"
20260108221500,newsbtc.com,https://www.newsbtc.com/breaking-news-ticker/vaneck-predicts-bitcoin-could-reach-2-9-million-in-new-long-term-capital-report/,VanEck Predicts Bitcoin Could Reach $2.9 Million In New Long-Term Capital Report,"0.483091787439613,2.65700483091787,2.17391304347826,4.83091787439614,20.048309178744,0.241545893719807,375"
20260101173000,cointelegraph.com,https://cointelegraph.com/news/solana-whale-accumulation-santiment-crypto-trends-2026,SOL Accumulation Tops Crypto Trends on New Year's Day: Santiment,"0.975609756097561,3.17073170731707,2.19512195121951,5.36585365853659,18.780487804878,0,369"
20260101173000,cointelegraph.com,https://cointelegraph.com/news/xrp-army-got-everything-asked-for-except-5-xrp-will-2026-deliver,XRP's 2025 Wins Failed to Deliver $5 Price: 2026 Outlook Uncertain,"-0.613496932515337,2.57668711656442,3.19018404907975,5.76687116564417,22.0858895705521,0.368098159509202,716"
20260101173000,cointelegraph.com,https://cointelegraph.com/news/bithumb-dormant-crypto-assets-200m-inactive-accounts,Bithumb Flags $200M in Dormant Crypto Across 2.6M Inactive Accounts,"-0.789473684210527,2.10526315789474,2.89473684210526,5,18.4210526315789,0,331"
20260123014500,cointelegraph.com,https://cointelegraph.com/news/nasdaq-position-limits-bitcoin-ether-etf-options,Nasdaq Seeks to Remove Position Limits on Bitcoin and Ether ETF options,"0,2.99625468164794,2.99625468164794,5.99250936329588,23.5955056179775,0.749063670411985,475"
20260123014500,cointelegraph.com,https://cointelegraph.com/news/bitcoin-options-show-pro-traders-expect-more-downside-but-also-plan-to-accumulate,"Bitcoin Pro Traders Buy Dips, While Also Expecting More Downside","1.28205128205128,4.57875457875458,3.2967032967033,7.87545787545788,20.1465201465201,2.1978021978022,492"
20260123004500,newsbtc.com,https://www.newsbtc.com/breaking-news-ticker/binance-forms-new-company-in-greece-moves-forward-with-mica-licensing/,"Binance Forms New Company In Greece, Moves Forward With MiCA Licensing","1.51975683890578,2.43161094224924,0.911854103343465,3.3434650455927,18.5410334346505,0,299"
20260123004500,newsbtc.com,https://www.newsbtc.com/news/bitcoin/bitcoin-following-the-2022-fractal/,Bitcoin Price Following The 2022 Fractal? Here Was The Previous Outcome,"-1.19760479041916,1.59680638722555,2.79441117764471,4.39121756487026,20.3592814371257,0,448"
20260123004500,newsbtc.com,https://www.newsbtc.com/analysis/xrp/xrp-super-guppy-compression/,"XRP Completes 'Super Guppy Compression' Against Bitcoin, Next Target Emerges","-0.378071833648393,1.89035916824197,2.26843100189036,4.15879017013232,22.117202268431,0,501"
20260212013000,newsbtc.com,https://www.newsbtc.com/news/bitcoin/500-in-bitcoin-in-2014-vs-xrp/,How Much Would You Have If You Put $500 In Bitcoin In 2014 Vs. XRP?,"1.20967741935484,2.62096774193548,1.41129032258065,4.03225806451613,18.9516129032258,0.201612903225806,443"
20260212013000,newsbtc.com,https://www.newsbtc.com/bitcoin-news/bitcoin-beyond-single-economic-cycle/,Why Bitcoin Can't Be Explained By A Single Economic Cycle,"-0.403225806451613,2.41935483870968,2.82258064516129,5.24193548387097,27.4193548387097,0,455"
20260212020000,cointelegraph.com,https://cointelegraph.com/opinion/crypto-markets-need-credit,Crypto Markets Won't Fly Without More Credit,"-1.01465614430665,4.17136414881623,5.18602029312289,9.35738444193912,25.4791431792559,0.338218714768884,821"
20260212020000,cointelegraph.com,https://cointelegraph.com/news/coinbase-launches-crypto-wallets-built-ai-agents,Coinbase Launches Crypto Wallets Purpose-Built For AI Agents,"0.190839694656489,1.7175572519084,1.52671755725191,3.24427480916031,20.8015267175573,0.381679389312977,472"
20260213064500,cointelegraph.com,https://cointelegraph.com/news/crypto-pac-spending-against-al-green-texas-primary,Crypto PAC to Oppose Al Green in Texas Democratic Primary,"3.31262939958592,5.59006211180124,2.27743271221532,7.86749482401656,20.2898550724638,0.62111801242236,439"
20260213064500,cointelegraph.com,https://cointelegraph.com/news/bitcoin-open-interest-hits-lows-not-seen-since-2024-is-tradfi-abandoning-btc,BTC OI Falls To 2-Year Low: Is The Bull Market Over?,"-4.51127819548872,2.85714285714286,7.36842105263158,10.2255639097744,21.9548872180451,1.35338345864662,592"
20260213064500,cointelegraph.com,https://cointelegraph.com/news/bitcoin-suffers-losses-rivaling-2021-crash-as-capitulation-continues,Bitcoin Posts $2.3B Loss In Historic Capitulation Event,"-4.55764075067024,1.07238605898123,5.63002680965147,6.70241286863271,23.3243967828418,0.268096514745308,324"
20260219020000,bitcoinmagazine.com,https://bitcoinmagazine.com/news/ledn-sells-188m-bitcoin-backed-bonds,Ledn Sells $188M Bitcoin-Backed Bonds In Unprecedented Deal,"-3.27868852459016,2.10772833723653,5.3864168618267,7.49414519906323,22.4824355971897,0,390"
20260219021500,cointelegraph.com,https://cointelegraph.com/news/kraken-acquisition-magna-tokenization,Kraken Acquires Tokenization Platform Magna Ahead of Potential IPO,"1.36986301369863,1.36986301369863,0,1.36986301369863,20.8904109589041,1.71232876712329,267"
20260219021500,cointelegraph.com,https://cointelegraph.com/news/bitcoin-bottom-signal-that-preceded-1900percent-rally-flashes-again,"Bitcoin Bottom Signal That Preceded 1,900% Rally Flashes Again","-3.16091954022989,0.574712643678161,3.73563218390805,4.31034482758621,25,0.28735632183908,308"
20260219003000,coindesk.com,https://www.coindesk.com/markets/2026/02/18/bitcoin-sinks-to-usd66-000-u-s-stocks-lose-steam-as-fed-minutes-mention-possible-rate-hike,Bitcoin price news: BTC's bounce from this month's crash evaporates,"-1.07816711590296,2.69541778975741,3.77358490566038,6.46900269541779,21.832884097035,0.808625336927224,337"
20260120170000,cointelegraph.com,https://cointelegraph.com/news/bitcoin-trader-keeps-100k-btc-target-gold-price-hits-record-4750,"Bitcoin Sellers Drive BTC Below $90,000 in Tariff Aftermath","-0.384615384615385,3.07692307692308,3.46153846153846,6.53846153846154,22.5,1.15384615384615,476"
20260120170000,cointelegraph.com,https://cointelegraph.com/news/wlfi-faces-backlash-usd1-governance-vote-locked-holders,WLFI Faces Backlash After 'Team Wallets' Dominate USD1 Growth Proposal Vote,"3.01075268817204,4.94623655913978,1.93548387096774,6.88172043010753,22.1505376344086,0.645161290322581,436"
20260120170000,cointelegraph.com,https://cointelegraph.com/news/crypto-mortgages-valuation-risks-regulatory-uncertainty,US Lenders Dip Their Toes in Crypto Mortgages,"0.232198142414861,2.1671826625387,1.93498452012384,4.10216718266254,23.6068111455108,1.08359133126935,1199"
20260120170000,cointelegraph.com,https://cointelegraph.com/news/coinbase-says-capital-access-beats-income-in-wealth-creation,Coinbase Argues the Real Divide is Brokered vs. Unbrokered,"-0.399201596806387,1.59680638722555,1.99600798403194,3.59281437125748,21.1576846307385,0.399201596806387,459"
20260120170000,cointelegraph.com,https://cointelegraph.com/news/ray-dalio-banks-fiat-gold-davos-wef,"Ray Dalio Warns of Banks Shying away from Fiat, Praises Gold Surging","-3.32409972299169,0.831024930747922,4.15512465373961,4.98614958448753,19.6675900277008,0.831024930747922,337"
20260120170000,cointelegraph.com,https://cointelegraph.com/news/digital-asset-treasuries-hodl,Digital Asset Treasuries That Just Hodl Get It Wrong,"3.2258064516129,4.76858345021038,1.54277699859748,6.31136044880785,22.4403927068724,0.280504908835905,639"
20260120170000,cointelegraph.com,https://cointelegraph.com/news/michael-saylor-strategy-700k-bitcoin-fresh-2-1-billion-buy,"Strategy Buys $2.13B In Bitcoin, Holdings Surpass 700K","3.91644908616188,5.22193211488251,1.30548302872063,6.52741514360313,17.2323759791123,0.261096605744125,345"
20260120170000,cointelegraph.com,https://cointelegraph.com/news/solana-slips-below-130-but-onchain-data-suggests-sol-remains-bullish,Solana's Onchain Data Signals Bullish Rebound Despite Drop Below $130,"0.986842105263158,2.46710526315789,1.48026315789474,3.94736842105263,19.0789473684211,0,529"
20260120163000,newsbtc.com,https://www.newsbtc.com/news/litecoin/litecoin-ready-for-massive-rally/,Here's Why The Litecoin Price May Be Getting Ready For Another Massive Rally,"0.764818355640535,2.10325047801147,1.33843212237094,3.44168260038241,25.4302103250478,0,491"
20260205214500,bitcoinmagazine.com,https://bitcoinmagazine.com/business/paystand-the-payments-giants-quietly-supporting-bitcoin-circular-economies,Paystand: The Payments Giants Quietly Supporting Bitcoin Circular Economies,"2.3489932885906,3.35570469798658,1.00671140939597,4.36241610738255,18.0369127516779,0.922818791946309,1089"
20260205214500,bitcoinmagazine.com,https://bitcoinmagazine.com/news/summer-of-bitcoin-2026-opens-applications,Summer Of Bitcoin Opens Applications For University Students,"3.28282828282828,3.78787878787879,0.505050505050505,4.29292929292929,21.7171717171717,0,338"
20260205214500,bitcoinmagazine.com,https://bitcoinmagazine.com/news/senator-lummis-bitcoin-tax-guidance,U.S. Senator Pushes For Bitcoin Tax Breaks With Treasury,"-1.34680134680135,3.36700336700337,4.71380471380471,8.08080808080808,18.5185185185185,0.168350168350168,540"
20260205214500,bitcoinmagazine.com,https://bitcoinmagazine.com/news/strategy-falls-brace-for-earnings,Strategy ($MSTR) Falls 15% As Investors Brace For Earnings,"-0.936768149882904,4.21545667447307,5.15222482435597,9.36768149882904,22.0140515222482,0,377"
20260205214500,bitcoinmagazine.com,https://bitcoinmagazine.com/news/bitcoin-is-now-more-attractive-than-gold,JPMorgan: Bitcoin Is More Attractive Than Gold,"-3.33333333333333,3.77777777777778,7.11111111111111,10.8888888888889,23.3333333333333,0,403"
20260205200000,coindesk.com,https://www.coindesk.com/tech/2026/02/05/solana-foundation-s-liu-urges-refocus-on-finance-as-crypto-slides-and-narratives-narrow,Solana Foundation's Lily Liu urges focus on finance as crypto prices slide,"-1.23456790123457,2.16049382716049,3.39506172839506,5.55555555555556,25,0.925925925925926,300"
20260205200000,coindesk.com,https://www.coindesk.com/coindesk-indices/2026/02/04/crypto-for-advisors-rethinking-crypto-diversification,Investors are broadening their crypto horizons,"-1.64056674123788,2.16256524981357,3.80313199105145,5.96569724086503,21.4765100671141,0.52199850857569,1217"
20260205200000,coindesk.com,https://www.coindesk.com/business/2026/02/05/sovcombank-says-it-s-the-first-russian-bank-to-offer-bitcoin-backed-loans-to-public,Sovcombank launches bitcoin-backed loans for Russian miners and businesses,"-0.623052959501558,1.86915887850467,2.49221183800623,4.3613707165109,19.9376947040498,1.55763239875389,293"
20260205200000,coindesk.com,https://www.coindesk.com/markets/2026/02/04/everyone-is-selling-eth-apart-from-tom-lee-s-bitmine,Ether price analysis: Why ETH is underperforming during this crypto plunge,"-2.67965895249695,1.94884287454324,4.62850182704019,6.57734470158343,24.9695493300853,0.48721071863581,740"
20260205200000,coindesk.com,https://www.coindesk.com/markets/2026/02/05/xrp-plunges-16-in-worst-drop-among-bitcoin-ether-and-major-tokens,What next as XRP price plunges 16% in Thursday bloodbath,"-2.088772845953,1.82767624020888,3.91644908616188,5.74412532637076,24.0208877284595,0.783289817232376,348"
20260205200000,coindesk.com,https://www.coindesk.com/markets/2026/02/05/bitcoin-falls-under-usd69-000-with-retail-traders-betting-on-ever-lower-prices,"BTC price: What next as Bitcoin falls under $68,000 with move to low-$60,000s likely","-4.1036717062635,0.647948164146868,4.75161987041037,5.39956803455724,23.5421166306695,0.863930885529158,426"
20260205200000,coindesk.com,https://www.coindesk.com/markets/2026/02/05/here-is-what-industry-veterans-are-saying-as-bitcoin-tumbles-below-usd70-000,"Bitcoin price analysis: What's next as BTC falls through $70,000","-2.67716535433071,1.88976377952756,4.56692913385827,6.45669291338583,28.503937007874,3.77952755905512,562"
20260205200000,coindesk.com,https://www.coindesk.com/markets/2026/02/05/strategy-has-usd6-5-billion-loss-on-btc-but-continues-trading-at-premium-to-value-of-its-assets,Michael Saylor's Strategy's BTC losses grow to $6.5 billion,"0.54054054054054,2.43243243243243,1.89189189189189,4.32432432432432,22.7027027027027,0.810810810810811,334"
20260205200000,coindesk.com,https://www.coindesk.com/markets/2026/02/05/bitcoin-s-rising-leveraged-position-points-to-continued-dip-buying-but-may-not-yet-signal-price-bottom,Bitcoin news: Leveraged long positions on Bitfinex at highest level in two years as prices crash,"-1.2,0.8,2,2.8,25.2,1.2,229"
20260205200000,coindesk.com,https://www.coindesk.com/markets/2026/02/05/bitcoin-is-the-third-most-oversold-ever-says-one-indicator-and-violent-upside-could-be-next,"BItcoin price analysis: BTC could be poised for major rise, based on the RSI indicator","-1.6260162601626,3.65853658536585,5.28455284552846,8.94308943089431,19.9186991869919,1.21951219512195,214"
20260219101500,coindesk.com,https://www.coindesk.com/markets/2026/02/19/ether-xrp-solana-slide-in-crypto-retreat-despite-tech-led-lift-in-asia-stocks,"ETH, XRP, SOL price news: Crypto majors dive despite tech-led lift in Asian markets","-1.2448132780083,4.149377593361,5.39419087136929,9.54356846473029,23.4439834024896,0.622406639004149,439"
20260219101500,coindesk.com,https://www.coindesk.com/markets/2026/02/19/tbitcoin-s-usd40-000-put-becomes-second-largest-options-bet-ahead-of-february-expiry-next-week,The $40k BTC put option emerges as second largest bet ahead of february expiry next week,"-6.15384615384615,1.84615384615385,8,9.84615384615385,27.6923076923077,0.923076923076923,294"
20260219101500,coindesk.com,https://www.coindesk.com/markets/2026/02/19/bitcoin-on-track-for-fifth-weekly-decline-first-since-2022-as-geopolitical-risks-mount,"BTC on track for fifth weekly decline, first since 2022, geopolitical risks mount","-3.97350993377483,0.993377483443709,4.96688741721854,5.96026490066225,22.8476821192053,0.993377483443709,279"
20260219101500,coindesk.com,https://www.coindesk.com/markets/2026/02/19/ledn-raises-usd188m-with-first-bitcoin-backed-bond-sale-in-asset-backed-market,Ledn raises $188m with first BTC backed bond sale in asset backed market,"0.374531835205993,2.24719101123596,1.87265917602996,4.11985018726592,22.0973782771536,1.12359550561798,243"
20260219101500,coindesk.com,https://www.coindesk.com/markets/2026/02/19/coinbase-lets-xrp-ada-and-dogecoin-holders-borrow-up-to-usd100-000-without-selling,"XRP, DOGE news: Dogecoin and Ripple-linked token holders now eligible for U.S. loans","0,2.42587601078167,2.42587601078167,4.85175202156334,25.3369272237197,0.808625336927224,336"
20260219101500,coindesk.com,https://www.coindesk.com/markets/2026/02/19/bitcoin-ether-xrp-etfs-bleed-while-solana-bucks-outflow-trend,"Bitcoin, ether, xrp ETFs bleed while Solana bucks outflow trend","-3.59116022099448,1.10497237569061,4.69613259668508,5.80110497237569,17.6795580110497,0.828729281767956,310"
20260219080000,newsbtc.com,https://www.newsbtc.com/altcoin/xrp-on-the-spotlight-as-arizona-advances-landmark-digital-asset-bill/,XRP On The Spotlight As Arizona Advances Digital Asset Bill,"0.728155339805825,2.9126213592233,2.18446601941748,5.09708737864078,28.8834951456311,0,376"
20260219080000,newsbtc.com,https://www.newsbtc.com/altcoin/the-altcoin-exodus-trading-volumes-halve-as-capital-flees-to-bitcoin-65000-fortress/,"The Altcoin Exodus: Trading Volumes Halve As Capital Flees To Bitcoin $65,000 Fortress","-4.02476780185758,1.85758513931889,5.88235294117647,7.73993808049536,18.7306501547988,0,609"
20260219080000,newsbtc.com,https://www.newsbtc.com/sponsored/liquidchain-liquid-eyes-1-as-cross-chain-execution-rolls-out-best-crypto-to-buy-in-2026/,LiquidChain ($LIQUID) Eyes $1 as Cross-Chain Execution Rolls Out: Best Crypto to Buy in 2026,"0.681044267877412,2.95119182746879,2.27014755959137,5.22133938706016,21.4528944381385,0,798"
20260207160000,coindesk.com,https://www.coindesk.com/business/2026/01/28/forget-the-bank-account-ey-warns-firms-they-must-own-the-wallet-to-keep-their-customers,Forget the bank account: EY warns firms they must own the wallet to keep their customers,"1.74672489082969,3.93013100436681,2.18340611353712,6.11353711790393,20.6113537117904,0.611353711790393,1028"
20260207134500,newsbtc.com,https://www.newsbtc.com/bitcoin-news/bitcoin-at-65k-market-cycle-indicator-points-to-possible-bottom-zone/,Bitcoin At $65K: Market Cycle Indicator Points To Possible Bottom Zone,"-4.6583850931677,1.5527950310559,6.2111801242236,7.7639751552795,26.8633540372671,0,603"
20260207134500,newsbtc.com,https://www.newsbtc.com/news/bitcoin/coinbase-premium-turns-positive-since-mid-january-as-bitcoin-sees-price-relief/,Coinbase Premium Turns Positive Since Mid-January As Bitcoin Sees Price Relief,"-1.51515151515152,1.94805194805195,3.46320346320346,5.41125541125541,22.9437229437229,0.432900432900433,430"
20260207140000,cointelegraph.com,https://cointelegraph.com/news/bitcoin-fill-84k-futures-gap-very-soon-btc-rejects-above-2021-top,Bitcoin Caught Between CME Gaps and New Macro Lows: Analysis,"0.588235294117647,2.15686274509804,1.56862745098039,3.72549019607843,21.9607843137255,0.784313725490196,451"
20260207140000,cointelegraph.com,https://cointelegraph.com/news/tether-freezes-544m-crypto-turkey-illegal-betting,Tether Freezes $544M in Crypto Tied to Turkish Illegal Betting Probe,"-5.79399141630901,0.643776824034335,6.43776824034335,7.08154506437768,17.1673819742489,1.71673819742489,411"
20260207140000,cointelegraph.com,https://cointelegraph.com/news/vietnam-crypto-tax-0-1-percent-trading-levy-draft-policy,Vietnam Draft Rules Propose 0.1% Tax on Crypto Transfers,"-1.96560196560197,1.47420147420147,3.43980343980344,4.91400491400491,22.1130221130221,0,380"
20260107141500,cointelegraph.com,https://cointelegraph.com/news/morgan-stanley-files-staking-eth-etf-third-crypto-fund,Morgan Stanley Files Staking ETH ETF in 3rd Crypto Offering,"2.30607966457023,3.77358490566038,1.46750524109015,5.24109014675052,22.4318658280922,0.628930817610063,428"
20260107141500,cointelegraph.com,https://cointelegraph.com/news/jpm-coin-heads-to-canton-network,JPM Coin to launch natively on Canton Network in 2026,"1.41129032258065,2.62096774193548,1.20967741935484,3.83064516129032,25.4032258064516,0.403225806451613,453"
20260107141500,cointelegraph.com,https://cointelegraph.com/news/ibm-partner-dfns-concordium-identity-verified-web3-wallet,Dfns Integrates Concordium Blockchain For Compliant Web3 Wallets,"0.904977375565611,4.07239819004525,3.16742081447964,7.23981900452489,18.0995475113122,0,381"
20260107141500,cointelegraph.com,https://cointelegraph.com/news/blockchain-innovation-politics-world-needs,Blockchain Innovation Must Rise Above Politics And Serve Real-World Needs,"2.7972027972028,6.29370629370629,3.4965034965035,9.79020979020979,23.3566433566434,0.27972027972028,655"
20260301180000,cointelegraph.com,https://cointelegraph.com/news/bitcoin-traders-eye-iran-reactions-oil-sparks-us-5-inflation-forecast,"Bitcoin Can Hit $74,000 Despite Iran Tensions, Trader Predicts","-2.23577235772358,1.21951219512195,3.45528455284553,4.67479674796748,24.5934959349593,1.82926829268293,453"
20260301180000,cointelegraph.com,https://cointelegraph.com/news/strategy-raises-strc-dividend-11-50,Strategy Raises STRC Yield by 25 Basis Points to 11.50%,"1.90839694656489,2.86259541984733,0.954198473282443,3.81679389312977,23.0916030534351,0.954198473282443,469"
20260301170000,coindesk.com,https://www.coindesk.com/markets/2026/03/01/spacex-s-usd780-million-bitcoin-stack-now-down-to-about-usd545-million-ahead-of-ipo-filing,Bitcoin news: Elon Musk's SpaceX's $780 million bitcoin stack now down to about $545 million ahead of IPO filing,"-3.23325635103926,0.69284064665127,3.92609699769053,4.6189376443418,21.7090069284065,0,372"
20260301170000,coindesk.com,https://www.coindesk.com/policy/2026/03/01/stablecoin-yield-rewards-likely-won-t-be-banned-under-occ-proposal-state-of-crypto,Stablecoin yield rewards (likely won't be) banned under OCC proposal: State of Crypto,"-0.586510263929619,1.46627565982405,2.05278592375367,3.51906158357771,26.9794721407625,0.684261974584555,954"
20260301170000,coindesk.com,https://www.coindesk.com/markets/2026/03/01/bitcoin-market-bottom-may-be-nearing-at-least-if-measured-against-gold-analyst-says,"BTC price analysis: Bitcoin market bottom may be nearing, at least if measured against gold","-1.58730158730159,3.43915343915344,5.02645502645503,8.46560846560847,22.7513227513227,0.264550264550265,342"
20260301170000,coindesk.com,https://www.coindesk.com/markets/2026/03/01/strategy-lifts-strc-dividend-to-11-5-as-mstr-extends-monthly-losing-streak-to-8,Strategy (MSTR) news: Company's Stretch preferred stock now paying 11.5% dividend,"1.11111111111111,3.88888888888889,2.77777777777778,6.66666666666667,26.6666666666667,0,171"
20260216091500,newsbtc.com,https://www.newsbtc.com/news/bitcoin/bitcoin-at-8000-michael-saylor-says-strategy-still-wont-break/,"Bitcoin At $8,000? Michael Saylor Says Strategy Still Won't Break","-3.95480225988701,2.63653483992467,6.59133709981168,9.22787193973635,27.683615819209,0.941619585687382,480"
20260216091500,newsbtc.com,https://www.newsbtc.com/analysis/doge/dogecoin-doge-gives-back-gains/,"Dogecoin (DOGE) Gives Back Gains, Support Level Under Spotlight","0.227272727272727,3.18181818181818,2.95454545454545,6.13636363636364,26.8181818181818,0.227272727272727,381"
20260216091500,newsbtc.com,https://www.newsbtc.com/analysis/xrp/xrp-price-trims-gains-1-44/,"XRP Price Trims Gains After Explosive Rally, Momentum Cools","-0.896860986547085,2.69058295964126,3.58744394618834,6.2780269058296,29.372197309417,0,404"
20260216080000,coindesk.com,https://www.coindesk.com/markets/2026/02/16/crypto-market-drowns-in-red-as-bitcoin-falls-to-usd68-000,"Crypto market drowns in red as bitcoin falls to $68,000, XRP, ETH slide over 5%","-2.09643605870021,1.88679245283019,3.9832285115304,5.87002096436059,22.2222222222222,0.628930817610063,431"
20260125114500,cointelegraph.com,https://cointelegraph.com/news/colombia-second-largest-pension-fund-bitcoin-exposure,Colombia Pension Giant AFP Protecci&#xF3;n Adds Bitcoin Exposure,"-3.05882352941176,0.470588235294118,3.52941176470588,4,19.7647058823529,0,383"
20260115004500,cointelegraph.com,https://cointelegraph.com/news/bitcoin-rallies-as-spot-etf-inflows-soar-but-105k-looks-out-of-reach,Bitcoin Rally To $105K Unlikely Due To Global Socioeconomic Factors,"-3.42465753424658,3.42465753424658,6.84931506849315,10.2739726027397,21.7465753424658,1.36986301369863,520"
20260115213000,newsbtc.com,https://www.newsbtc.com/news/ripple/xrp-trading-activity-surges-while-price-struggles-to-hold-post-rally-gains/,XRP Trading Activity Surges While Price Struggles to Hold Post-Rally Gains,"-0.183150183150183,1.83150183150183,2.01465201465201,3.84615384615385,23.6263736263736,0,497"
20260115213000,newsbtc.com,https://www.newsbtc.com/news/bitcoin/bitcoin-breaks-current-range/,"Bitcoin Breaks Free From The Current Range &#x2014; $107,000 Now The Level To Watch","1.06609808102345,4.47761194029851,3.41151385927505,7.88912579957356,25.1599147121535,0,449"
20260115213000,newsbtc.com,https://www.newsbtc.com/breaking-news-ticker/xrp-will-skyrocket-beyond-18-analyst-suggests-800-growth-potential-in-2026/,XRP Will Skyrocket Beyond $18: Analyst Suggests 800% Growth Potential In 2026,"0.271739130434783,1.90217391304348,1.6304347826087,3.53260869565217,21.7391304347826,0,336"
20260115211500,bitcoinmagazine.com,https://bitcoinmagazine.com/business/time2build-2025-winners-breez-awards-bitcoin-prizes-for-lightning-integrations-in-btcpay-server-primal-and-more,"Time2Build 2025 Winners: Breez Awards Bitcoin Prizes For Lightning Integrations In BTCPay Server, Primal, And More","2.0497803806735,5.27086383601757,3.22108345534407,8.49194729136164,16.9838945827233,0.585651537335286,583"
20260222020000,cointelegraph.com,https://cointelegraph.com/news/trump-raises-tariff-15-crypto-unfazed,"US President Trump Raises Global Tariff Rate to 15%, Crypto Doesn't Budge","-1.83246073298429,1.83246073298429,3.66492146596859,5.49738219895288,21.4659685863874,1.30890052356021,348"
20260222003000,coindesk.com,https://www.coindesk.com/markets/2026/02/22/bitcoin-to-zero-searches-spike-in-the-u-s-but-the-bottom-signal-is-mixed,Bitcoin to zero? Google searches for the term hit record in U.S. as BTC price drops,"-2.63852242744063,0.79155672823219,3.43007915567282,4.22163588390501,23.2189973614776,0.79155672823219,348"
20260205231500,newsbtc.com,https://www.newsbtc.com/news/bitcoin/bitcoin-hits-deep-demand/,Bitcoin Hits Deep Demand As Liquidity Finally Sweeps The Lows,"0.426439232409382,3.41151385927505,2.98507462686567,6.39658848614073,23.0277185501066,0,446"
20260205231500,newsbtc.com,https://www.newsbtc.com/news/bitcoin/bitcoin-price-revisit-81000-again/,"Why The Bitcoin Price Could Quickly Revisit $81,000 Again After The Crash","-1.02669404517454,2.25872689938398,3.28542094455852,5.54414784394251,24.2299794661191,0,446"
20260205233000,cointelegraph.com,https://cointelegraph.com/news/tether-backs-anchorage-digital-100m-equity-investment,Tether Makes $100M Equity Investment in Anchorage Digital,"0.677200902934537,1.35440180586907,0.677200902934537,2.03160270880361,19.1873589164786,0.225733634311512,396"
20260205233000,cointelegraph.com,https://cointelegraph.com/news/bitcoin-slips-under-dollar64k-as-record-high-selling-intensifies-where-is-the-price-bottom,Bitcoin Crashes Under $64K: Is It Time For A Bounce?,"-2.07547169811321,1.69811320754717,3.77358490566038,5.47169811320755,26.0377358490566,0,464"
20260205233000,cointelegraph.com,https://cointelegraph.com/news/will-bitcoin-rebound-to-dollar90k-by-march-here-s-what-btc-options-say,Bitcoin's Chance Of Returning To $90K By March Is Slim,"-5.12820512820513,1.44230769230769,6.57051282051282,8.01282051282051,19.8717948717949,1.28205128205128,569"
20260205084500,newsbtc.com,https://www.newsbtc.com/altcoin/russias-biggest-exchange-to-launch-xrp-indices-and-futures/,Russia's Biggest Exchange To Launch XRP Indices And Futures,"-0.234741784037559,1.40845070422535,1.64319248826291,3.05164319248826,24.6478873239437,0,392"
20260205084500,newsbtc.com,https://www.newsbtc.com/bitcoin-news/how-long-will-the-bitcoin-bear-market-last/,Bitcoin Bear Market Timeline: CryptoQuant Research Chief Weighs In,"-1.9019019019019,1.5015015015015,3.4034034034034,4.9049049049049,26.026026026026,1.001001001001,891"
20260205084500,newsbtc.com,https://www.newsbtc.com/bitcoin-news/social-media-sub-60000-bitcoin-prices-fear-rises/,"Social Media Now Talking Sub-$60,000 Bitcoin Prices As Fear Rises","-0.938086303939962,0.562851782363977,1.50093808630394,2.06378986866792,25.328330206379,0,505"
20260205084500,newsbtc.com,https://www.newsbtc.com/news/bitcoin-crash-70k-liquidations-bmic-presale-quantum-security/,"Bitcoin Crash to $70K Triggers $775M Flush, But BMIC Surge Continues","-3.09155766944114,3.68608799048751,6.77764565992866,10.4637336504162,25.089179548157,0,787"
20260205084500,newsbtc.com,https://www.newsbtc.com/binance/market-analysts-see-730-as-bnbs-last-line-of-defense-amid-mounting-sell-pressure/,Market Analysts See $730 as BNB's Last Line Of Defense Amid Mounting Sell Pressure,"-0.782778864970646,3.52250489236791,4.30528375733855,7.82778864970646,26.4187866927593,0,465"
20260205084500,newsbtc.com,https://www.newsbtc.com/analysis/solana-sol-breakdown-accelerates-at-90/,"Solana (SOL) Breakdown Accelerates At $90, $80 Suddenly Looks Vulnerable","0,3.68550368550369,3.68550368550369,7.37100737100737,30.2211302211302,0.245700245700246,386"
20260205084500,newsbtc.com,https://www.newsbtc.com/analysis/xrp/xrp-price-cracks-1-50-support/,"XRP Price Cracks $1.50 Support, Bears Eye Lower Targets Next","-1.72786177105832,1.72786177105832,3.45572354211663,5.18358531317495,28.2937365010799,0,405"
20260121204500,newsbtc.com,https://www.newsbtc.com/news/bitcoin/bitcoins-sharp-reversal-leaves-over-800-million-liquidated-in-1-day/,Bitcoin's Sharp Reversal Leaves Over $800 Million Liquidated In 1 Day,"-5.1980198019802,2.22772277227723,7.42574257425743,9.65346534653465,27.4752475247525,0.495049504950495,359"
20260121210000,cointelegraph.com,https://cointelegraph.com/news/iran-central-bank-usdt-elliptic-rial,Iran's Central Bank Acquired $507M in USDt to Prop up Rial: Elliptic,"-2.38805970149254,0.895522388059702,3.28358208955224,4.17910447761194,20.8955223880597,0.298507462686567,297"
20260121210000,cointelegraph.com,https://cointelegraph.com/news/us-crypto-czar-sacks-banks-crypto-one-digital-asset-industry,Sacks Says Banks and Crypto Will Merge Into One Digital Asset Industry,"-0.220264317180616,3.52422907488987,3.74449339207048,7.26872246696035,27.7533039647577,0.881057268722467,423"
20260121210000,cointelegraph.com,https://cointelegraph.com/news/trump-china-us-crypto-davos-wef,Trump: US Has to 'Make it so that China Doesn't Get the Hold' of Crypto,"1.87793427230047,3.52112676056338,1.64319248826291,5.16431924882629,20.18779342723,2.58215962441315,391"
20260121210000,cointelegraph.com,https://cointelegraph.com/news/steak-n-shake-bitcoin-bonus-program-employees,Steak 'n Shake to Offer Bitcoin Bonuses to Hourly Workers,"2.2883295194508,3.20366132723112,0.91533180778032,4.11899313501144,21.5102974828375,0.45766590389016,402"
20260121210000,cointelegraph.com,https://cointelegraph.com/news/bitcoin-to-gold-ratio-falls-to-new-low-but-analysts-say-btc-s-discounted-setups-are-rare,BTC-To-Gold Ratio Hits New Lows As Gold Rally Continues,"2.9940119760479,5.78842315369261,2.79441117764471,8.58283433133733,22.9540918163673,0,454"
20260121211500,bitcoinmagazine.com,https://bitcoinmagazine.com/markets/cathie-wood-bitcoin-nearing-end-cycle,Cathie Wood Says Bitcoin Price Is Near The End Of Down Cycle,"-1.14155251141553,2.28310502283105,3.42465753424658,5.70776255707763,26.9406392694064,1.59817351598174,394"
20260121211500,bitcoinmagazine.com,https://bitcoinmagazine.com/news/steak-n-shake-to-pay-workers-bitcoin-bonus,Steak 'n Shake Announces A Bitcoin Bonus For Employees,"3.88349514563107,4.85436893203883,0.970873786407767,5.8252427184466,21.3592233009709,0.728155339805825,379"
20260202061500,coindesk.com,https://www.coindesk.com/markets/2026/02/02/bitcoin-holds-below-usd80-000-as-january-prediction-contracts-miss-liquidation-driven-slide-asia-morning-briefing,"Bitcoin holds below $80,000 as January prediction contracts miss liquidation-driven slide: Asia Morning Briefing","-2.85261489698891,3.01109350237718,5.86370839936609,8.87480190174326,19.6513470681458,0.475435816164818,575"
20260202061500,coindesk.com,https://www.coindesk.com/markets/2026/02/01/this-is-absolutely-insane-bitcoin-s-weekend-crash-exposes-the-cracks-beneath-crypto-s-latest-boom,Bitcoin's (BTC) difficult week and worse weekend: Here's what happened and what comes next,"-4.12844036697248,1.90039318479685,6.02883355176933,7.92922673656619,24.9017038007864,0.393184796854522,1385"
20260202061500,coindesk.com,https://www.coindesk.com/markets/2026/02/02/bitcoin-rebounds-above-usd75-000-after-brief-slide-as-thin-liquidity-keeps-traders-on-edge,"Bitcoin rebounds above $75,000 after brief slide as thin liquidity keeps traders on edge","-2.54901960784314,2.15686274509804,4.70588235294118,6.86274509803922,22.3529411764706,0.588235294117647,456"
20260202091500,newsbtc.com,https://www.newsbtc.com/bitcoin-news/is-the-bitcoin-bottom-in-cmt-reveals/,Is The Bitcoin Bottom In? CMT Reveals What Traders Need To See,"-0.854700854700855,2.44200244200244,3.2967032967033,5.73870573870574,27.7167277167277,0.732600732600733,749"
20260202091500,newsbtc.com,https://www.newsbtc.com/analysis/doge/dogecoin-doge-rebound-stumbles/,"Dogecoin (DOGE) Rebound Stumbles, Opening Door To Another Selloff","0.87719298245614,2.63157894736842,1.75438596491228,4.3859649122807,26.9736842105263,0.219298245614035,395"
20260202091500,newsbtc.com,https://www.newsbtc.com/analysis/xrp/xrp-price-stumbles-toward-1-50/,"XRP Price Stumbles Toward $1.50, Bulls Running Out Of Room","-1.06837606837607,2.13675213675214,3.2051282051282,5.34188034188034,29.4871794871795,0,437"
20260228013000,newsbtc.com,https://www.newsbtc.com/breaking-news-ticker/senate-democrats-lead-inquiry-into-binance-warren-heads-effort-with-letter-to-doj/,Senate Democrats Lead Inquiry Into Binance: Warren Heads Effort With Letter To DOJ,"-4.89130434782609,2.44565217391304,7.33695652173913,9.78260869565217,17.3913043478261,0.543478260869565,345"
20260228013000,newsbtc.com,https://www.newsbtc.com/analysis/xrp/xrp-daily-liquidity-pointing-4/,"XRP Daily Liquidity Is Pointing To A Rally To $4, Analyst Explains What's Going On","0,1.81086519114688,1.81086519114688,3.62173038229376,20.1207243460765,0,465"
20260227234500,bitcoinmagazine.com,https://bitcoinmagazine.com/news/sora-backed-bitplanet-reaches-300,"Bitplanet Hits 300 Bitcoin, Joining Asia's Top 20 Holders","0.254452926208651,2.03562340966921,1.78117048346056,3.81679389312977,19.8473282442748,0.254452926208651,349"
20260227234500,bitcoinmagazine.com,https://bitcoinmagazine.com/culture/dctrl-vancouver-iconic-bitcoin-hackerspace-closes-downtown-location-after-12-years-due-to-zoning-changes,DCTRL Vancouver: Iconic Bitcoin Hackerspace Closes Downtown Location After 12 Years Due To Zoning Changes,"-0.351229302558957,2.2077270446563,2.55895634721525,4.76668339187155,17.3607626693427,0.401404917210236,1843"
20260220041500,newsbtc.com,https://www.newsbtc.com/news/bitcoin/winter-wont-last-bitcoins-next-season-is-near-michael-saylor-says/,"Winter Won't Last &#x2014; Bitcoin's Next Season Is Near, Saylor Says","1.04384133611691,4.38413361169102,3.34029227557411,7.72442588726514,25.8872651356994,0.626304801670146,436"
20260220041500,newsbtc.com,https://www.newsbtc.com/analysis/btc/bitcoin-price-tightens-range-67k/,Bitcoin Price Tightens Range Near Highs Ahead Of Potential Surge,"-1.7353579175705,2.81995661605206,4.55531453362256,7.37527114967462,28.4164859002169,0,409"
20260220041500,newsbtc.com,https://www.newsbtc.com/news/bitcoin/dont-fall-for-the-bitcoin-trap/,"Don't Fall For The Bitcoin Trap: Analyst Explains Why Recovery To $76,000 Is Not A Good Thing","-2.55905511811024,1.77165354330709,4.33070866141732,6.10236220472441,23.4251968503937,0,466"
20260220041500,newsbtc.com,https://www.newsbtc.com/analysis/eth/ethereum-price-threshold-2k/,Ethereum Price Poised At Critical Threshold With Directional Move Pending,"0.881057268722467,3.52422907488987,2.6431718061674,6.16740088105727,28.4140969162996,0,410"
20260220041500,newsbtc.com,https://www.newsbtc.com/news/bitcoin/ethereum-breakdown-deepens/,"Ethereum Breakdown Deepens Below $2,100, But Fractal Signals Hope","-1.50214592274678,3.43347639484979,4.93562231759657,8.36909871244635,23.3905579399142,0,437"
20260220041500,newsbtc.com,https://www.newsbtc.com/news/solana/solana-sell-off-at-250-is-back/,"This Analyst Predicted Solana Sell-Off At $250, And Is Back With A New Prediction","-0.754716981132076,1.69811320754717,2.45283018867925,4.15094339622642,22.0754716981132,0,472"
20260220013000,cointelegraph.com,https://cointelegraph.com/news/bitcoin-options-market-structure-leans-toward-60k-retest-in-february,"Bitcoin $60K Retest Odds Rise As Bearish Options, ETF Outflows Show Fear","-3.2258064516129,2.68817204301075,5.91397849462366,8.60215053763441,22.9390681003584,0.537634408602151,512"
20260220013000,cointelegraph.com,https://cointelegraph.com/news/sec-leadership-future-securities-ethdenver,SEC Leadership Speaks on 'Number go Down' Regulatory Concerns,"0,1.17302052785924,1.17302052785924,2.34604105571848,21.7008797653959,1.46627565982405,313"
20260220013000,cointelegraph.com,https://cointelegraph.com/news/bitcoin-lightning-network-1b-monthly-volume,BTC Lightning Network Tops $1B in Monthly Transaction Volume: River,"-4.03022670025189,1.25944584382872,5.2896725440806,6.54911838790932,18.1360201511335,0,358"
20260220013000,cointelegraph.com,https://cointelegraph.com/news/bitcoin-s-monthly-losses-break-records-but-history-says-a-turnaround-is-brewing,Bitcoin Faces 5th Consecutive Red Month: Where Is The Bottom?,"-2.55402750491159,0.589390962671906,3.1434184675835,3.7328094302554,22.7897838899804,0.982318271119843,462"
20260227063000,newsbtc.com,https://www.newsbtc.com/bitcoin-news/engine-stalled-how-the-8-billion-october-shock-left-bitcoins-spot-market-in-a-liquidity-trap/,Engine Stalled: How The $8 Billion 'October Shock' Left Bitcoin's Spot Market In A Liquidity Trap,"-3.68098159509203,3.22085889570552,6.90184049079755,10.1226993865031,29.2944785276074,0,623"
20260227063000,newsbtc.com,https://www.newsbtc.com/analysis/btc/bitcoin-price-consolidates-above-66500/,"Bitcoin Price Consolidates Above Support, Breakout Hopes Strengthen","1.29032258064516,3.2258064516129,1.93548387096774,5.16129032258065,27.3118279569892,0,417"
20260227063000,newsbtc.com,https://www.newsbtc.com/analysis/eth/ethereum-price-signals-fresh-rally-2080/,"Ethereum Price Signals Fresh Rally Attempt, Traders Watch Key Levels","0.678733031674208,2.71493212669683,2.03619909502262,4.75113122171946,27.6018099547511,0,402"
20260227063000,newsbtc.com,https://www.newsbtc.com/analysis/solana-sol-upside-builds-100/,"Solana (SOL) Upside Builds, $100 Breakout Hopes Strengthen Across Market","1.15207373271889,3.2258064516129,2.07373271889401,5.29953917050691,29.4930875576037,0.230414746543779,414"
20260227063000,newsbtc.com,https://www.newsbtc.com/analysis/xrp/xrp-price-advances-steadily-1-45/,"XRP Price Advances Steadily, Breakout Potential Sparks Bullish Optimism","-1.5695067264574,2.01793721973094,3.58744394618834,5.60538116591928,28.47533632287,0,406"
20260227063000,newsbtc.com,https://www.newsbtc.com/sui/sui-ready-to-explode-higher/,SUI Breakdown Attempts Absorbed &#x2014; Is It Ready To Explode Higher?,"1.05485232067511,4.0084388185654,2.9535864978903,6.9620253164557,23.2067510548523,0,440"
20260227083000,coindesk.com,https://www.coindesk.com/markets/2026/02/27/bitcoin-slides-friday-as-risk-off-mood-persists-but-majors-hold-weekly-gains,"ETH, SOL, XRP price news: Bitcoin slides Friday after Nvidia's earning pullback","-1.89473684210526,1.26315789473684,3.15789473684211,4.42105263157895,20.2105263157895,0.842105263157895,428"
20260227083000,cointelegraph.com,https://cointelegraph.com/news/bearish-bitcoin-selloff-by-investors-is-exhausted-analysts,Bitcoin Selling Pressure Eases But More Pain Likely Ahead,"-1.46788990825688,2.93577981651376,4.40366972477064,7.3394495412844,28.6238532110092,0.73394495412844,486"
20260227083000,cointelegraph.com,https://cointelegraph.com/news/australia-crypto-adoption-regulation-smsf-growth-2026,Australian Crypto Executives Signal Crypto Growth Despite Challenges,"1.15107913669065,2.87769784172662,1.72661870503597,4.60431654676259,21.5827338129496,0.287769784172662,625"
20260227083000,cointelegraph.com,https://cointelegraph.com/news/ether-price-geopolitical-macro-uncertainty-catalysts-analyst,Ether May Be Priced In For Uncertainty: Analyst,"-1.91387559808612,2.39234449760766,4.30622009569378,6.69856459330144,22.0095693779904,0.956937799043062,377"
20260227083000,cointelegraph.com,https://cointelegraph.com/news/2-arrested-after-south-korean-cops-lost-1-4m-bitcoin,Police Lost $1.4M in Seized BTC After Storing it in an External Cold Wallet,"-5.23255813953488,1.45348837209302,6.68604651162791,8.13953488372093,24.4186046511628,0,336"
20260204181500,newsbtc.com,https://www.newsbtc.com/news/dogecoin/10-of-dogecoin-millionaires/,One Month In And 10% Of Dogecoin Millionaires Have Already Disappeared In 2026,"-1.7578125,1.3671875,3.125,4.4921875,22.265625,0,475"
20260204181500,newsbtc.com,https://www.newsbtc.com/news/ethereum/ethereum-enter-major-demand/,"Ethereum Flushes Into Major Demand: $2,150 Hold Could Change Everything","1.01626016260163,3.45528455284553,2.4390243902439,5.89430894308943,28.2520325203252,0,459"
20260204154500,cointelegraph.com,https://cointelegraph.com/news/mercado-bitcoin-expands-latam-rwa-push,Mercado Bitcoin Deploys $20M in Private Credit on Rootstock,"1.58730158730159,2.91005291005291,1.32275132275132,4.23280423280423,17.4603174603175,0.264550264550265,337"
20260204154500,cointelegraph.com,https://cointelegraph.com/news/trm-labs-70m-investment-1b-crypto-unicorn,"TRM Labs Completes $70M Round At $1B, Becomes Crypto Unicorn","-4.93273542600897,3.1390134529148,8.07174887892377,11.2107623318386,18.3856502242152,0.896860986547085,404"
20260204154500,cointelegraph.com,https://cointelegraph.com/news/bitcoin-bounces-76k-but-data-suggests-btc-price-downtrend-not-over,BTC Downtrend Not Over? Why Bitcoin's Next 'Liquidity Magnet' Could be $65K,"-2.56081946222791,1.15236875800256,3.71318822023047,4.86555697823303,23.943661971831,0.256081946222791,708"
20260204154500,cointelegraph.com,https://cointelegraph.com/news/bitcoin-key-trendline-68k-lining-up-save-btc-price-traders,Bitcoin Traders Eye 200-Week Trendlines for a BTC Price Bottom,"1.08303249097473,2.34657039711191,1.26353790613718,3.6101083032491,24.7292418772563,1.08303249097473,506"
20260204154500,cointelegraph.com,https://cointelegraph.com/news/analyst-binance-reserves-steady-ftx-2-claims-manipulated-accounts,Binance Shows Stable Reserves Amid 'FTX 2.0' Claims: Analysts,"-3.93700787401575,1.5748031496063,5.51181102362205,7.08661417322835,21.4566929133858,0.196850393700787,457"
20260204173000,bitcoinmagazine.com,https://bitcoinmagazine.com/news/ubs-digital-assets-eyes-bitcoin,"UBS Building Digital-Asset Infrastructure, Eyes Bitcoin Services","0.75187969924812,2.25563909774436,1.50375939849624,3.7593984962406,19.7994987468672,0.25062656641604,358"
20260204173000,bitcoinmagazine.com,https://bitcoinmagazine.com/news/government-cannot-to-bail-out-bitcoin,U.S. Treasury: US Government Cannot 'Bail Out' Bitcoin,"-3.95348837209302,3.02325581395349,6.97674418604651,10,21.8604651162791,0.232558139534884,393"
20260302071500,coindesk.com,https://www.coindesk.com/markets/2026/03/02/hype-jumps-5-as-token-burn-offsets-usd316-million-unlock-jup-gains-weekly-on-supply-freeze,"HYPE jumps 5% as token burn offsets $316 Million unlock, JUP gains weekly on supply freeze","-1.67224080267559,2.34113712374582,4.0133779264214,6.35451505016722,25.0836120401338,0,259"
20260302071500,coindesk.com,https://www.coindesk.com/markets/2026/03/02/over-usd9-billion-flees-bitcoin-and-ether-etfs-in-four-months,Bitcoin news today: Over $9 billion flees BTC and ETH ETFs in four months,"-2.53164556962025,1.26582278481013,3.79746835443038,5.06329113924051,20.253164556962,0,208"
20260302080000,cointelegraph.com,https://cointelegraph.com/news/fed-print-money-support-us-conflict-iran-hayes,"Hayes: Fed Will Print Money for Iran War, Boosting Crypto","-2.09643605870021,2.93501048218029,5.0314465408805,7.9664570230608,22.8511530398323,1.46750524109015,418"
20260302080000,cointelegraph.com,https://cointelegraph.com/news/bitcoin-tailwinds-ai-prompts-easier-monetary-policy-nydig,"AI Could Be Turbulent but Also Boost Bitcoin, NYDIG","-0.261780104712042,4.18848167539267,4.45026178010471,8.63874345549738,24.3455497382199,0.261780104712042,352"
20260128203000,bitcoinmagazine.com,https://bitcoinmagazine.com/news/strive-semler-debt-adds-bitcoin-to-sheet,"Strive ($ASST) Pays Off Semler Debt, Buys $29M In Bitcoin","-0.468384074941452,1.87353629976581,2.34192037470726,4.21545667447307,22.0140515222482,0.234192037470726,385"
20260128203000,bitcoinmagazine.com,https://bitcoinmagazine.com/news/coinbase-to-join-trump-accounts-push,"Coinbase Backs Trump Accounts, Explores Bitcoin For Kids","4.77386934673367,5.52763819095477,0.753768844221105,6.28140703517588,22.1105527638191,0.50251256281407,356"
20260128203000,newsbtc.com,https://www.newsbtc.com/news/bitcoin/bitcoin-breaks-into-state-policy-as-south-dakota-weighs-10-allocation/,Bitcoin Breaks Into State Policy As South Dakota Weighs 10% Allocation,"-1.84331797235023,1.61290322580645,3.45622119815668,5.06912442396313,26.2672811059908,0,395"
20260128213000,coindesk.com,https://www.coindesk.com/coindesk-indices/2026/01/28/crypto-long-and-short-risk-ratings-defi-s-maturity-test,Risk Ratings: DeFi's Maturity Test,"-3.15729047072331,3.21469575200919,6.37198622273249,9.58668197474168,23.9954075774971,0.68886337543054,1549"
20260128213000,coindesk.com,https://www.coindesk.com/markets/2026/01/28/paxos-gold-token-rakes-in-record-inflows-as-crypto-investors-turn-to-the-yellow-metal,Paxos Gold (PAXG) sees record $248 million inflow in January,"4.04040404040404,6.06060606060606,2.02020202020202,8.08080808080808,17.8451178451178,1.01010101010101,270"
20260128213000,coindesk.com,https://www.coindesk.com/markets/2026/01/27/federal-reserve-holds-policy-steady-as-early-rate-cut-bets-vanish-and-bitcoin-stalls,"FOMC keeps rates on hold, as expected","-2.42718446601942,1.69902912621359,4.12621359223301,5.8252427184466,25.2427184466019,0.970873786407767,373"
20260128213000,coindesk.com,https://www.coindesk.com/markets/2026/01/28/tesla-made-no-changes-to-bitcoin-holdings-in-q4-as-it-booked-usd239-million-digital-asset-loss,"Tesla (TSLA) earnings news: BTC holdings remained at 11,509 coins in fourth quarter","-2.4896265560166,2.0746887966805,4.5643153526971,6.63900414937759,19.9170124481328,1.2448132780083,215"
20260128213000,coindesk.com,https://www.coindesk.com/policy/2026/01/28/the-uk-government-says-banks-need-to-stop-blocking-crypto-firms-if-the-country-wants-to-become-a-digital-hub,UK to banks: Stop blocking FCA-licensed crypto firms from fair access,"-0.218818380743982,3.7199124726477,3.93873085339168,7.65864332603939,20.1312910284464,1.31291028446389,416"
20260211130000,coindesk.com,https://www.coindesk.com/markets/2026/02/11/tom-lee-says-stop-timing-the-bottom-and-start-buying-the-dip,"BTC, ETH price news: Tom Lee sees bitcoin rebound, ether bottoming below $1,800","-0.28328611898017,2.8328611898017,3.11614730878187,5.94900849858357,21.5297450424929,1.13314447592068,312"
20260211130000,coindesk.com,https://www.coindesk.com/daybook-us/2026/02/11/as-bitcoin-extends-declines-industry-figures-say-it-s-time-to-buy,"As bitcoin (BTC) price extends declines, industry figures say it's time to buy: Crypto Daybook Americas","-0.0785545954438334,2.04241948153967,2.1209740769835,4.16339355852317,17.8318931657502,0.314218381775334,1095"
20260211130000,coindesk.com,https://www.coindesk.com/business/2026/02/11/joe-lubin-claims-defi-is-as-safe-as-traditional-finance-adding-that-bitcoin-is-in-crisis,"Joe Lubin claims DeFi is as safe as traditional finance, adding that bitcoin is in crisis","-0.427350427350428,2.99145299145299,3.41880341880342,6.41025641025641,24.7863247863248,2.13675213675214,211"
20260211130000,coindesk.com,https://www.coindesk.com/policy/2026/02/11/regulation-derivatives-helping-drive-tradfi-institutions-into-crypto-panellists-say,"Regulation, derivatives helping drive TradFi institutions into crypto, panellists say","0.932835820895523,2.05223880597015,1.11940298507463,3.17164179104478,23.8805970149254,2.42537313432836,474"
20260211130000,coindesk.com,https://www.coindesk.com/markets/2026/02/11/ice-s-coindesk-crypto-futures-are-live-with-defi-rate-contracts-next-on-the-list,"ICE's CoinDesk crypto futures are live, with DeFi rate contracts next on the list","0,0.946372239747634,0.946372239747634,1.89274447949527,24.2902208201893,0.946372239747634,284"
20260211130000,coindesk.com,https://www.coindesk.com/business/2026/02/11/binance-teams-up-with-franklin-templeton-to-use-tokenized-money-market-funds-as-off-exchange-collateral,Binance teams up with Franklin Templeton to use tokenized money market funds as off-exchange collateral,"4.13223140495868,5.37190082644628,1.2396694214876,6.61157024793388,27.6859504132231,1.65289256198347,219"
20260211130000,coindesk.com,https://www.coindesk.com/business/2026/02/10/arkham-intelligence-said-to-be-shutting-crypto-trading-platform-as-usage-fails-to-sparkle,Arkham Intelligence said to be shutting trading platform as crypto bear market bites,"0,0.884955752212389,0.884955752212389,1.76991150442478,20.7964601769912,1.32743362831858,202"
20260211130000,coindesk.com,https://www.coindesk.com/markets/2026/02/11/bearish-sentiment-prevails-as-bitcoin-falls-below-usd67-000-ether-drops,"Bearish sentiment prevails as BTC price falls below $67,000, ether (ETH) drops: Crypto Markets Today","-2.68336314847943,1.96779964221825,4.65116279069767,6.61896243291592,24.5080500894454,0.536672629695885,501"
20260211160000,bitcoinmagazine.com,https://bitcoinmagazine.com/news/ddc-enterprise-ddc-adds-100-bitcoin,"DDC Enterprise ($DDC) Adds 100 Bitcoin, Holdings Reach 1,988","0.72992700729927,3.40632603406326,2.67639902676399,6.08272506082725,23.3576642335766,0.24330900243309,371"
20260211160000,bitcoinmagazine.com,https://bitcoinmagazine.com/news/danske-bank-opens-retail-bitcoin-access,Danske Bank Embraces Bitcoin After Years Of Resistance,"-0.719424460431655,2.39808153477218,3.11750599520384,5.51558752997602,22.0623501199041,0,384"
20260211161500,newsbtc.com,https://www.newsbtc.com/bitcoin-news/strategy-unfazed-by-bitcoin-crash-michael-saylor-vows-quarterly-purchases/,"Strategy Unfazed By Bitcoin Crash, Michael Saylor Vows Quarterly Purchases","-1.7208413001912,3.25047801147228,4.97131931166348,8.22179732313576,23.9005736137667,0.573613766730402,466"
20260211161500,newsbtc.com,https://www.newsbtc.com/news/ethereum/ethereum-etf-diamond-hands-harshest-test-at-2000/,Ethereum ETF 'Diamond Hands' Face Their Harshest Test At $2k,"-2.46679316888046,1.70777988614801,4.17457305502846,5.88235294117647,17.0777988614801,0.569259962049336,481"
20260211004500,beincrypto.com,https://beincrypto.com/bhutan-bitcoin-transfers-portfolio-decline/,Bhutan Sold $22.4M in Bitcoin Amid Portfolio Decline of Over 70%,"0.896860986547085,3.73692077727952,2.84005979073244,6.57698056801196,16.8908819133034,0,600"
20260210233000,coindesk.com,https://www.coindesk.com/markets/2026/02/10/concerns-over-strategy-selling-bitcoin-are-unfounded-michael-saylor-says,Strategy (MSTR) news: Saylor shoots down any idea of forced BTC sale,"-0.355239786856128,2.4866785079929,2.84191829484902,5.32859680284192,25.2220248667851,2.30905861456483,498"
20260210233000,coindesk.com,https://www.coindesk.com/business/2026/02/10/what-to-expect-at-coindesk-s-consensus-hong-kong-2026,What to expect at CoinDesk's Consensus Hong Kong 2026,"0.327868852459017,1.63934426229508,1.31147540983607,2.95081967213115,18.6885245901639,1.31147540983607,274"
20260211014500,bitcoinmagazine.com,https://bitcoinmagazine.com/news/goldman-sachs-position-in-bitcoin,Goldman Sachs Discloses $1.1B Position In Bitcoin Holdings,"0.208768267223382,3.34029227557411,3.13152400835073,6.47181628392484,18.1628392484342,0,417"
20260211014500,bitcoinmagazine.com,https://bitcoinmagazine.com/news/bitcoin-backed-bonds-facing-stress-test,Bitcoin-Backed Bonds Facing Stress Test After Selloff: S&P,"-3.68349249658936,2.04638472032742,5.72987721691678,7.7762619372442,23.0559345156889,0,667"
20260108034500,cointelegraph.com,https://cointelegraph.com/news/world-liberty-files-banking-charter-expand-usd1,Trump's World Liberty Financial Seeks Bank Charter for USD1,"5.61497326203209,7.48663101604278,1.8716577540107,9.35828877005348,21.1229946524064,0.53475935828877,328"
20260108034500,cointelegraph.com,https://cointelegraph.com/news/bitcoin-price-boring-action-cryptoquant-forecast,Bitcoin May See 'Boring Sideways' Action: CryptoQuant CEO,"-1.55555555555556,0.888888888888889,2.44444444444444,3.33333333333333,22.8888888888889,0,400"
20260108053000,newsbtc.com,https://www.newsbtc.com/news/solana/solana-builds-strong-case-for-higher-valuations-as-etfs-and-network-metrics-surge/,Solana Builds Strong Case for Higher Valuations as ETFs and Network Metrics Surge,"0.570342205323194,1.52091254752852,0.950570342205323,2.47148288973384,17.8707224334601,0,456"
20260108053000,newsbtc.com,https://www.newsbtc.com/bitcoin-news/did-morgan-stanley-orchestrate-bitcoin-october-crash-analysts-draw-correlations/,Did Morgan Stanley Orchestrate Bitcoin October Crash? Analysts Draw Correlations,"-4.35540069686411,1.21951219512195,5.57491289198606,6.79442508710801,19.6864111498258,0,503"
20260108053000,newsbtc.com,https://www.newsbtc.com/analysis/btc/bitcoin-price-dips-further-90500/,"Bitcoin Price Dips Further, Setting Up a High-Stakes Support Moment","-1.09409190371991,2.18818380743982,3.28227571115974,5.47045951859956,27.5711159737418,0,402"
20260108053000,newsbtc.com,https://www.newsbtc.com/analysis/eth/ethereum-price-short-term-top-94k/,Ethereum Price Latest Push Raises Question: Has a Short-Term Top Formed?,"-0.892857142857143,2.67857142857143,3.57142857142857,6.25,28.125,0,402"
20260108053000,newsbtc.com,https://www.newsbtc.com/analysis/xrp/xrp-price-gives-back-upside-2-15/,"XRP Price Gives Back Upside, Market Watches Support Closely","-0.21551724137931,2.80172413793103,3.01724137931034,5.81896551724138,29.9568965517241,0,440"
20260108053000,newsbtc.com,https://www.newsbtc.com/bitcoin-news/bitcoin-fear-greed-nears-neutral-price-recovers/,Bitcoin Fear & Greed Index Nears Neutral As Price Recovers,"-4.6,1.4,6,7.4,25.2,0.2,472"
20260131063000,cointelegraph.com,https://cointelegraph.com/news/bitcoin-options-turn-bearish-as-btc-flirts-with-drop-below-80k,Bitcoin Options Flash Extreme Fear: Is Sub-$80K BTC Next?,"-5.01618122977346,1.94174757281553,6.957928802589,8.89967637540453,26.2135922330097,0.647249190938511,560"
20260131063000,cointelegraph.com,https://cointelegraph.com/news/tether-stablecoin-usdt-profits-us-treasury-holdings-annual-report,"Tether Reaches Record High Treasury Holdings, Profits Fall","1.86666666666667,3.73333333333333,1.86666666666667,5.6,17.8666666666667,0.8,329"
20260131044500,newsbtc.com,https://www.newsbtc.com/bitcoin-news/bitcoins-digital-gold-thesis/,Bitcoin's Digital Gold Thesis Faces Reality As Gold Surges Ahead,"3.3596837944664,5.73122529644269,2.37154150197628,8.10276679841897,22.5296442687747,0,469"
20260131044500,newsbtc.com,https://www.newsbtc.com/altcoin/gold-silver-bitcoin-altcoins/,Why Gold & Silver's All-Time Highs Are Very Bullish For Bitcoin And Altcoins,"-0.37593984962406,4.13533834586466,4.51127819548872,8.64661654135338,20.8646616541353,0,476"
20260131044500,newsbtc.com,https://www.newsbtc.com/bitcoin-news/bitcoin-deleveraging-finally-over-derivatives-data/,Bitcoin Deleveraging Finally Over? What Derivatives Data Says,"-6.25,1.25,7.5,8.75,27.1875,0,599"
20260131044500,newsbtc.com,https://www.newsbtc.com/news/ethereum/ethereum-bulls-and-bears/,"Ethereum Bulls Defend $2,600 While Bears Eye A Deeper Macro Flush","-1.02880658436214,3.49794238683128,4.52674897119342,8.02469135802469,25.7201646090535,0,449"
20260202150000,coindesk.com,https://www.coindesk.com/daybook-us/2026/02/02/hyperliquid-s-hype-emerges-as-crypto-market-haven,Hyperliquid's HYPE emerges as crypto haven after market's weekend plunge: Crypto Daybook Americas,"0.260078023407022,2.01560468140442,1.7555266579974,3.77113133940182,18.8556566970091,0.260078023407022,1346"
20260202150000,coindesk.com,https://www.coindesk.com/markets/2026/02/02/crypto-crime-is-getting-violent-wrench-attacks-jumped-75-in-2026,Crypto crime is getting violent: 'wrench attacks' jumped 75% in 2026,"-9.00621118012422,1.5527950310559,10.5590062111801,12.111801242236,20.4968944099379,0.93167701863354,300"
20260202150000,coindesk.com,https://www.coindesk.com/policy/2026/02/02/hong-kong-will-start-granting-stablecoin-issuer-licenses-in-march-reuters,Hong Kong to initially grant 'very few' stablecoin licenses starting in March,"0,1.49812734082397,1.49812734082397,2.99625468164794,21.3483146067416,1.12359550561798,251"
20260202150000,coindesk.com,https://www.coindesk.com/markets/2026/02/02/crypto-stocks-slide-in-pre-market-trading-as-bitcoin-stabilizes-around-usd77-000,"U.S. crypto stocks slide in pre-market trading as BTC price stabilizes around $77,000","-2.74390243902439,1.52439024390244,4.26829268292683,5.79268292682927,20.1219512195122,0.914634146341463,304"
20260202150000,coindesk.com,https://www.coindesk.com/business/2026/02/02/justin-sun-plans-up-to-usd100-million-bitcoin-buy-for-tron-s-treasury-after-btc-slide,Tron founder Justin Sun to buy up to $100 million in BTC after market selloff,"0.961538461538462,2.40384615384615,1.44230769230769,3.84615384615385,19.7115384615385,1.44230769230769,191"
20260202150000,coindesk.com,https://www.coindesk.com/business/2026/02/02/nomura-to-tighten-risk-controls-at-laser-digital-after-crypto-related-losses,Nomura tightens risk controls at Laser Digital after crypto losses hit profits,"-2.2508038585209,1.92926045016077,4.18006430868167,6.10932475884244,21.5434083601286,0.964630225080386,278"
20260202150000,coindesk.com,https://www.coindesk.com/markets/2026/02/02/weekend-selloff-wipes-out-usd290-billion-before-bitcoin-steadies-crypto-markets-today,"Bitcoin, ether rebound after weekend low-liquidity rout: Crypto Markets Today","-1.66919575113809,1.51745068285281,3.1866464339909,4.7040971168437,23.3687405159332,0.455235204855842,566"
20260202150000,coindesk.com,https://www.coindesk.com/business/2026/02/02/tom-lee-s-bitmine-immersion-added-41-000-ether-as-paper-losses-rise-to-usd6-billion,BitMine (BMNR) added nearly $100 million in ETH amid market plunge,"-1.96629213483146,0.842696629213483,2.80898876404494,3.65168539325843,23.5955056179775,1.12359550561798,311"
20260202150000,coindesk.com,https://www.coindesk.com/markets/2026/02/02/jim-cramer-questions-where-the-bitcoin-bulls-are-as-the-crypto-price-slides-to-usd74-000,Jim Cramer watches this key bitcoin support level as Michael Saylor hints at buying the dip,"-1.64473684210526,2.96052631578947,4.60526315789474,7.56578947368421,22.3684210526316,0.986842105263158,284"
20260202150000,coindesk.com,https://www.coindesk.com/markets/2026/02/02/futures-price-gap-on-cme-offers-bitcoin-bulls-a-glimmer-of-hope,A CME gap to the upside offers BTC bulls a glimmer of hope,"-1.20481927710843,0.401606425702811,1.60642570281124,2.00803212851406,23.6947791164659,1.20481927710843,230"
20260202150000,coindesk.com,https://www.coindesk.com/markets/2026/02/02/michael-saylor-s-strategy-added-usd75-million-in-bitcoin-to-holdings-prior-to-last-week-s-crash,Strategy (MSTR) acquired 855 bitcoin ahead of last week's market crash,"0.497512437810945,1.49253731343284,0.995024875621891,2.48756218905473,19.9004975124378,1.49253731343284,178"
20260202140000,newsbtc.com,https://www.newsbtc.com/analysis/xrp/xrp-price-falls-below-1-6/,XRP Price Falls Below $1.6: You Won't Believe What Institutions Are Doing Amid The Crash,"-0.404040404040404,1.41414141414141,1.81818181818182,3.23232323232323,24.4444444444444,0,449"
20260202140000,newsbtc.com,https://www.newsbtc.com/news/bitcoin/bitcoin-price-crash-to-76000/,"Bitcoin Price Crash To $76,000: Why This Analyst Is Warning Against Buying","-3.06122448979592,2.44897959183673,5.51020408163265,7.95918367346939,23.6734693877551,0,449"
20260202154500,cointelegraph.com,https://cointelegraph.com/news/crypto-figures-named-in-latest-of-epstein-files-explain-connections,Crypto Figures in Epstein Files Explain Connections,"-2.12765957446808,1.98581560283688,4.11347517730496,6.09929078014184,22.2695035460993,0.638297872340425,1284"
20260202154500,cointelegraph.com,https://cointelegraph.com/news/crypto-funds-second-red-week-1-7-billion-outflows,Crypto Funds Post Two-Week Outflows Amid Bitcoin Slide,"-2.61904761904762,0.714285714285714,3.33333333333333,4.04761904761905,15,0.952380952380952,369"
20260202154500,cointelegraph.com,https://cointelegraph.com/news/binance-buys-dip-first-100m-bitcoin-safu,Binance Begins $1B SAFU BTC Conversion With First $100M Buy,"0.37037037037037,1.85185185185185,1.48148148148148,3.33333333333333,21.1111111111111,0.37037037037037,248"
20260202154500,cointelegraph.com,https://cointelegraph.com/news/bitcoin-bull-market-confirmed-over-btc-price-4-red-monthly-candle,"Bitcoin Bull Market Likely Not Coming Back, Traders Admit","-0.367647058823529,2.57352941176471,2.94117647058824,5.51470588235294,20.7720588235294,0.367647058823529,490"
20260202154500,cointelegraph.com,https://cointelegraph.com/news/saylor-strategy-buys-75m-btc-dip-below-75k,Strategy Buys 855 BTC As Price Briefly Falls Below Cost Basis,"3.27455919395466,4.53400503778338,1.25944584382872,5.79345088161209,19.647355163728,0.251889168765743,349"
20260202154500,cointelegraph.com,https://cointelegraph.com/news/trump-fed-nomination-mixed-signal-bitcoin-liquidity,"Trump's Fed Nomination 'Mixed' Signal Bitcoin, US Liquidity: Economist","-2.21774193548387,2.01612903225806,4.23387096774194,6.25,25.2016129032258,1.00806451612903,445"
20260116071500,newsbtc.com,https://www.newsbtc.com/bitcoin-news/bitcoin-reclaims-97k-as-long-term-holders-supply-stays-locked/,Bitcoin Reclaims $97K As Long-Term Holders Supply Stays Locked,"0.268096514745308,3.88739946380697,3.61930294906166,7.50670241286863,24.2627345844504,0,685"
20260116071500,newsbtc.com,https://www.newsbtc.com/bitcoin-news/bitcoin-bull-score-hits-level-seen-only-7-times-in-6-years-a-rare-historical-signal/,Bitcoin Bull Score Hits Level Seen Only 7 Times In 6 Years &#x2013; A Rare Historical Signal,"-2.42510699001427,2.71041369472183,5.13552068473609,7.84593437945792,25.3922967189729,0,653"
20260116071500,newsbtc.com,https://www.newsbtc.com/news/bitcoin-and-crypto-etfs-set-to-attract-130-billion-plus-inflows-this-year-jpmorgan-predicts/,"Bitcoin And Crypto ETFs Set To Attract $130 Billion-Plus Inflows This Year, JPMorgan Predicts","1.10294117647059,2.20588235294118,1.10294117647059,3.30882352941176,21.5073529411765,0.183823529411765,485"
20260116071500,newsbtc.com,https://www.newsbtc.com/analysis/solana-sol-slips-back-to-140/,"Solana (SOL) Slips Back to Support, Setting Up a High-Tension Test","0.252525252525252,3.53535353535354,3.28282828282828,6.81818181818182,29.2929292929293,0.252525252525253,375"
20260116071500,newsbtc.com,https://www.newsbtc.com/analysis/xrp/xrp-price-loses-most-gains-2-050/,"XRP Price Loses Most Gains, Next Support Now in the Crosshairs","-1.26050420168067,1.89075630252101,3.15126050420168,5.04201680672269,29.6218487394958,0,445"
20260116071500,newsbtc.com,https://www.newsbtc.com/analysis/btc/bitcoin-price-blinks-95k/,"Bitcoin Price Blinks After the Run, Market Watches the Reaction","1.26050420168067,3.57142857142857,2.3109243697479,5.88235294117647,27.7310924369748,0,420"
20260116071500,newsbtc.com,https://www.newsbtc.com/analysis/eth/ethereum-price-finds-balance-3280/,Ethereum Price Finds Balance at Support&#x2014;But the Next Move Matters,"1.33630289532294,3.78619153674833,2.44988864142539,6.23608017817372,28.0623608017817,0,407"
20260116084500,cointelegraph.com,https://cointelegraph.com/news/crypto-market-sentiment-us-clarity-act-industry,Crypto Sentiment Drops Amid Uncertainty Over US Crypto Bill,"-2.90178571428571,1.33928571428571,4.24107142857143,5.58035714285714,25.2232142857143,0.669642857142857,412"
20260116084500,cointelegraph.com,https://cointelegraph.com/news/interactive-brokers-usdc-stablecoin-fundingl-investors,Interactive Brokers Allows Account Funding With USDC,"-1.14285714285714,1.42857142857143,2.57142857142857,4,20.2857142857143,0.571428571428571,317"
20260116084500,cointelegraph.com,https://cointelegraph.com/news/crypto-2025-volatility-regulation-stablecoins-institutional-adoption,Stronger Foundations Built Behind Crypto 2025 Price Swings,"1.03626943005181,3.36787564766839,2.33160621761658,5.69948186528497,20.2072538860104,0.518134715025907,340"
20260223113000,newsbtc.com,https://www.newsbtc.com/bitcoin-news/bitcoin-cot-smart-money-goes-net-long-urgency/,Bitcoin COT Data: Smart Money Goes Net Long With 'Urgency',"-0.642054574638844,1.92616372391653,2.56821829855538,4.49438202247191,24.5585874799358,0.481540930979133,574"
20260223113000,newsbtc.com,https://www.newsbtc.com/news/dogecoin/ready-for-a-443-dogecoin-move/,Ready For A 443% Dogecoin Move? The Meme Coin Just Touched A Historically Explosive Level,"0.408997955010225,2.65848670756646,2.24948875255624,4.9079754601227,22.0858895705521,0,448"
20260223113000,newsbtc.com,https://www.newsbtc.com/meme-coins/political-meme-coins-implode-trump-down-92-melania-nearly-wiped-out/,"Implosion: TRUMP Coin Down 92%, MELANIA Nearly Wiped Out","-4.00763358778626,1.90839694656489,5.91603053435114,7.82442748091603,25.1908396946565,0.381679389312977,473"
20260223110000,cointelegraph.com,https://cointelegraph.com/news/investable-universe-crypto-narrowing-nydig,"Crypto Use Cases Narrow, but Will Show Its Winners: NYDIG","1.11607142857143,3.34821428571429,2.23214285714286,5.58035714285714,22.7678571428571,0.223214285714286,407"
20260223110000,cointelegraph.com,https://cointelegraph.com/news/how-pig-butchering-crypto-scams-turn-trust-into-a-financial-weapon,How Pig-Butchering Crypto Scams Turn Trust Into a Financial Weapon,"-9.00750625521268,4.2535446205171,13.2610508757298,17.5145954962469,21.6847372810676,0.500417014178482,1087"
20260223110000,cointelegraph.com,https://cointelegraph.com/news/bitcoin-below-55k-polymarket-market-cap-dip,Bitcoin Market Cap Drops as Traders Predict Deeper Losses,"-1.23456790123457,1.23456790123457,2.46913580246914,3.7037037037037,20.1646090534979,0,430"
20260223110000,cointelegraph.com,https://cointelegraph.com/news/hodlers-have-given-up-at-65k-five-things-bitcoin-this-week,Will Bitcoin Price Follow Sentiment Lows This Week?,"-3.33333333333333,1.26984126984127,4.6031746031746,5.87301587301587,24.7619047619048,0.476190476190476,1163"
20260223110000,cointelegraph.com,https://cointelegraph.com/news/tyler-winklevoss-optimistic-gemini-cuts-exits-btc-holdings,Tyler Winklevoss 'Optimistic' as Gemini Cuts Jobs and Sells BTC,"-0.977198697068404,2.28013029315961,3.25732899022801,5.53745928338762,20.6840390879479,0.814332247557003,538"
20260224224500,coindesk.com,https://www.coindesk.com/policy/2026/02/24/millions-in-crypto-funded-tools-to-exploit-u-s-software-treasury-says-in-new-sanctions,"Millions in crypto funded tools to exploit U.S. software, Treasury says in new sanctions","0.33003300330033,4.62046204620462,4.29042904290429,8.91089108910891,23.1023102310231,1.32013201320132,284"
20260224224500,coindesk.com,https://www.coindesk.com/business/2026/02/24/crypto-isn-t-losing-to-ai-its-just-capitalism-doing-its-job-says-dragonfly,"Crypto isn't losing to AI, its just 'capitalism doing its job,' says Dragonfly","-1.68612191958495,2.07522697795071,3.76134889753567,5.83657587548638,23.6057068741894,1.42671854734112,673"
20260224224500,coindesk.com,https://www.coindesk.com/policy/2026/02/24/fed-proposes-rule-to-deal-with-crypto-debanking-by-scrapping-reputation-risk,Fed proposes rule to deal with crypto debanking by scrapping 'reputation risk',"-3.20366132723112,1.60183066361556,4.80549199084668,6.40732265446224,24.9427917620137,0.91533180778032,399"
20260225001500,bitcoinmagazine.com,https://bitcoinmagazine.com/news/solo-miner-turns-75-into-200000,"Solo Miner Turns $75 Into $200,000 Bitcoin Block Reward Using Rented Hashrate","-3.28820116054159,2.90135396518375,6.18955512572534,9.09090909090909,21.4700193423598,0,477"
20260225001500,bitcoinmagazine.com,https://bitcoinmagazine.com/news/us-sanctions-crypto-funded-cyber-theft,U.S. Treasury Sanctions Russian Exploit Broker Over Crypto Cyber Theft,"-1.31332082551595,4.50281425891182,5.81613508442777,10.3189493433396,16.5103189493433,0.938086303939963,482"
20260225001500,bitcoinmagazine.com,https://bitcoinmagazine.com/conference/michael-saylor-confirmed-as-a-speaker-for-bitcoin-2026,Michael Saylor Confirmed As A Speaker For Bitcoin 2026,"1.9680196801968,2.0910209102091,0.1230012300123,2.2140221402214,17.0971709717097,0.1230012300123,684"
20260225001500,bitcoinmagazine.com,https://bitcoinmagazine.com/authors/niklas-gogge,Niklas G&#xF6;gge - Author Archives - Bitcoin Magazine,"-10,0,10,10,20,0,19"
20260225001500,bitcoinmagazine.com,https://bitcoinmagazine.com/print/the-core-issue-keeping-bitcoin-core-secure,The Core Issue: Keeping Bitcoin Core Secure,"-4.54091816367266,1.99600798403194,6.53692614770459,8.53293413173653,24.500998003992,0.0998003992015968,1862"
20260225001500,bitcoinmagazine.com,https://bitcoinmagazine.com/news/numo-launches-bitcoin-tap-to-pay-app,Numo Launches Bitcoin Tap-to-Pay App For Merchants,"1.46341463414634,3.90243902439024,2.4390243902439,6.34146341463415,23.6585365853659,0,375"
20260225003000,cointelegraph.com,https://cointelegraph.com/news/crypto-derivatives-eu-regulations-esma,Entities Offering Crypto Derivatives Likely Fall under Specific Rules: ESMA,"-2.41286863270777,1.60857908847185,4.02144772117962,5.63002680965147,15.8176943699732,0.268096514745308,342"
20260225003000,cointelegraph.com,https://cointelegraph.com/news/key-bitcoin-onchain-signal-may-mark-btc-s-next-demand-revival,Bitcoin Trades Near Fair-Value As Buyer Interest Weakens At $64K,"-2.734375,1.171875,3.90625,5.078125,24.8046875,0,474"
20260225003000,cointelegraph.com,https://cointelegraph.com/news/bitwise-acquires-crypto-staking-provider-chorus-one,Bitwise Acquires $2.2B Crypto Staking Firm Chorus One,"1.65745856353591,1.93370165745856,0.276243093922652,2.20994475138122,22.6519337016575,0,312"
20260220003000,coindesk.com,https://www.coindesk.com/markets/2026/02/19/bitcoin-steadies-near-usd67-000-as-traders-pay-for-crash-protection,"Bitcoin price news: BTC steadies at $67,000 as traders pay for crash protection","-5.09090909090909,1.63636363636364,6.72727272727273,8.36363636363636,22.7272727272727,0.545454545454546,502"
20260220001500,newsbtc.com,https://www.newsbtc.com/news/bitcoin/bitcoins-drop-not-tied-to-fundamentals/,"Bitcoin's Recent Drop Isn't About Fundamentals, Brian Armstrong Says","-1.03734439834025,1.86721991701245,2.9045643153527,4.77178423236515,24.2738589211618,0,440"
20260103071500,cointelegraph.com,https://cointelegraph.com/news/crypto-market-sentiment-positive-retail-investors-cautious-signal-santiment,Crypto Sentiment Starts 2026 'Very Positive',"-2.51396648044693,2.51396648044693,5.02793296089385,7.54189944134078,24.3016759776536,0.558659217877095,326"
20260103071500,cointelegraph.com,https://cointelegraph.com/news/coinbase-clarity-act-delay-genius-act-united-states,Coinbase Executive Defends US Clarity Act Timeline,"0.86767895878525,4.12147505422994,3.25379609544469,7.37527114967462,24.7288503253796,1.95227765726681,427"
20260103074500,coindesk.com,https://www.coindesk.com/markets/2026/01/03/dogecoin-spikes-11-pepe-jumps-25-as-2026-brings-starts-with-a-bang-for-memecoins,"Dogecoin spikes 11%, pepe jumps 25% as 2026 starts with a bang for memecoins","-0.87719298245614,2.19298245614035,3.07017543859649,5.26315789473684,25.8771929824561,0.657894736842105,417"
20260103074500,coindesk.com,https://www.coindesk.com/markets/2026/01/03/xrp-jumps-8-above-usd2-as-traders-bet-on-a-friendlier-sec,"XRP price news: Ripple jumps 8% above $2, beating bitcoin (BTC), amid SEC shuffle","0.332225913621262,2.6578073089701,2.32558139534884,4.98338870431894,23.2558139534884,0.996677740863787,271"
20260103081500,newsbtc.com,https://www.newsbtc.com/news/dogecoin/dogecoin-heading-0-08-analyst-thinks-heres-why/,Dogecoin Heading To $0.08? Analyst Thinks So&#x2014;Here's Why,"-0.988142292490119,0.790513833992095,1.77865612648221,2.56916996047431,30.2371541501976,0,482"
20260103081500,newsbtc.com,https://www.newsbtc.com/news/2026-crypto-market-prediction-will-prices-soar-or-face-continued-declines/,2026 Crypto Market Prediction: Will Prices Soar Or Face Continued Declines?,"0.386847195357833,2.51450676982592,2.12765957446809,4.642166344294,21.0831721470019,0.193423597678917,463"
20260103081500,newsbtc.com,https://www.newsbtc.com/bitcoin-news/bitcoin-key-moving-averages-indicate-an-imminent-drop-to-38000/,"Bitcoin Key Moving Averages Indicate An Imminent Drop To $38,000","-2.90135396518375,0.193423597678917,3.09477756286267,3.28820116054159,20.1160541586073,0,459"
20260223053000,bitcoinmagazine.com,https://bitcoinmagazine.com/markets/bitcoin-price-crashes-below-65000,"Bitcoin Price Crashes Below $65,000, Drops 5% In 2 Hours","-2.32067510548523,1.47679324894515,3.79746835443038,5.27426160337553,22.1518987341772,0,427"
20260223063000,cointelegraph.com,https://cointelegraph.com/news/michael-saylor-hints-strategy-100th-bitcoin-buy,Michael Saylor Hints at Strategy's 100th BTC Purchase,"3.81231671554252,4.98533724340176,1.17302052785924,6.158357771261,22.8739002932551,0,303"
20260223063000,cointelegraph.com,https://cointelegraph.com/news/missouri-bitcoin-strategic-reserve-hb2080-advance,Missouri Lawmakers Advance Bitcoin Reserve Bill,"1.8421052631579,4.47368421052632,2.63157894736842,7.10526315789474,28.1578947368421,0.263157894736842,332"
20260223063000,cointelegraph.com,https://cointelegraph.com/news/bitcoin-etf-united-states-metaplanet-btc-treasury-hodlers-digest,"Bitcoin ETFs Bleed, Metaplanet Reject Allegations: Hodler's Digest","-3.8591740013541,2.1665538253216,6.02572782667569,8.19228165199729,20.5822613405552,0.947867298578199,1374"
20260223063000,cointelegraph.com,https://cointelegraph.com/news/bitcoin-drops-back-record-fear-levels-as-it-wipes-weekend-gains,Bitcoin Plunges 4% as Fear and Greed Index Hits Historic Low,"-5.45454545454546,0.303030303030303,5.75757575757576,6.06060606060606,21.5151515151515,0.303030303030303,282"
20260108183000,cointelegraph.com,https://cointelegraph.com/news/florida-bitcoin-only-crypto-reserve-bill-sb1038,Florida Revives Bitcoin Crypto Reserve Bill After Earlier Pushback,"1.25786163522013,4.19287211740042,2.93501048218029,7.12788259958071,23.2704402515723,0.209643605870021,417"
20260108183000,cointelegraph.com,https://cointelegraph.com/news/nvidia-vera-rubin-crypto-networks-render-demand,Nvidia's Vera Rubin Keeps Crypto Networks Like Render in Demand,"0.0909918107370338,3.82165605095541,3.73066424021838,7.55232029117379,25.2047315741583,0,982"
20260108183000,cointelegraph.com,https://cointelegraph.com/news/blackrock-adds-dollar900m-btc-as-bitcoin-long-term-selling-falls-to-2017-lows,BlackRock Buys $900M BTC as Long-Term Selling Hits 2017 Lows,"-1.0989010989011,2.56410256410256,3.66300366300366,6.22710622710623,24.3589743589744,0,475"
20260108183000,cointelegraph.com,https://cointelegraph.com/news/bootstrap-board-split-non-profit-zcash-wallet-investment,"Bootstrap Board Split For Non-Profit Law, Zcash Wallet Investment","-0.380228136882129,2.47148288973384,2.85171102661597,5.32319391634981,22.0532319391635,0.190114068441065,475"
20260108183000,cointelegraph.com,https://cointelegraph.com/news/bitcoin-trader-maintains-76k-btc-price-target-as-2026-comeback-fizzles,"Bitcoin Price Forecast Says $76,000 BTC 'Is Coming'","-2.40174672489083,0.873362445414847,3.27510917030568,4.14847161572052,29.0393013100437,0.436681222707424,422"
20260108183000,cointelegraph.com,https://cointelegraph.com/news/stand-with-crypto-goal-digital-asset-market-structure,Stand With Crypto: Primary Goal for 2026 is Crypto Market Structure,"0.904977375565611,2.26244343891403,1.35746606334842,3.61990950226244,22.3981900452489,1.35746606334842,415"
20260108183000,cointelegraph.com,https://cointelegraph.com/news/coincheck-acquires-digital-asset-manager-3iq-112m-stock-deal,Coincheck Group to Acquire Digital Asset Manager 3iQ in $112M Stock Deal,"1.40845070422535,1.87793427230047,0.469483568075117,2.34741784037559,23.4741784037559,0.704225352112676,381"
20260108183000,cointelegraph.com,https://cointelegraph.com/news/top-crypto-companies-split-bitcoin-2026-outlook,$50K or $250K?: What Top Crypto Companies Predict for Bitcoin in 2026,"-0.699300699300699,3.4965034965035,4.1958041958042,7.69230769230769,23.4265734265734,0.699300699300699,253"
20260108183000,cointelegraph.com,https://cointelegraph.com/news/bitcoin-vs-gold-vs-silver-in-2026-how-investors-are-repricing-scarcity,"Bitcoin, Gold, and Silver in 2026: How Scarcity Is Being Repriced","-1.64638511095204,3.93700787401575,5.58339298496779,9.52040085898354,23.0493915533286,0.286327845382963,1237"
20260108183000,cointelegraph.com,https://cointelegraph.com/magazine/davinci-jeremie-bitcoin-og-price-lambo-predictions-cointelegraph/,Davinci Jeremie bought Bitcoin at $1&#x2026; but $100K BTC doesn't excite him,"0.825688073394495,2.93577981651376,2.11009174311927,5.04587155963303,20.0917431192661,1.46788990825688,962"
20260108190000,bitcoinmagazine.com,https://bitcoinmagazine.com/news/florida-revives-bitcoin-reserve-push,Florida Lawmakers Want To Create A Bitcoin Reserve In 2026,"1.2987012987013,4.04040404040404,2.74170274170274,6.78210678210678,25.1082251082251,0,619"
20260108190000,bitcoinmagazine.com,https://bitcoinmagazine.com/politics/supreme-court-cause-a-bitcoin-crash,Could A Supreme Court Ruling Against Trump Crash Bitcoin?,"-6.68103448275862,2.37068965517241,9.05172413793103,11.4224137931034,22.4137931034483,0,418"
20260108190000,bitcoinmagazine.com,https://bitcoinmagazine.com/news/td-cowen-rare-golden-window-for-crypto,2026 Could Be Make-or-Break Year For Crypto: Report,"0.827423167848699,4.1371158392435,3.3096926713948,7.4468085106383,22.8132387706856,0,764"
20260108190000,bitcoinmagazine.com,https://bitcoinmagazine.com/sponsored/will-2026-be-a-bitcoin-bull-market,Will 2026 Be A Bitcoin Bull Market?,"-3.06834030683403,1.25523012552301,4.32357043235704,5.57880055788006,23.0125523012552,0.139470013947001,633"
20260108190000,bitcoinmagazine.com,https://bitcoinmagazine.com/news/bitcoin-could-hit-2-9-million-by-2050,"Bitcoin Could Hit $2.9 Million By 2050, New Report Says","-1.02459016393443,2.25409836065574,3.27868852459016,5.5327868852459,20.0819672131148,0,430"
20260221134500,newsbtc.com,https://www.newsbtc.com/news/bitcoin/saylor-makes-bold-1m-bitcoin-call-its-zero-or-a-million/,"Saylor Makes Bold $1M Bitcoin Call &#x2014; ""It's Zero Or A Million""","-0.925925925925926,2.77777777777778,3.7037037037037,6.48148148148148,27.962962962963,0.185185185185185,477"
20260221134500,newsbtc.com,https://www.newsbtc.com/news/bitcoin/bitcoin-trades-below-etf-cost-basis-as-mvrv-signals-mounting-pressure/,Bitcoin Trades Below ETF Cost-Basis As MVRV Signals Mounting Pressure,"-3.49127182044888,0.997506234413965,4.48877805486284,5.48628428927681,27.1820448877805,0,377"
20260221143000,coindesk.com,https://www.coindesk.com/markets/2026/02/20/how-this-week-s-sign-of-private-credit-stress-could-set-stage-for-next-bitcoin-bull-run,Bitcoin price analysis: seeds of BTC'S next big bull run may have already been sown,"-3.72040586245772,1.46561443066516,5.18602029312289,6.65163472378805,21.4205186020293,0.450958286358512,773"
20260221143000,coindesk.com,https://www.coindesk.com/markets/2026/02/21/bitcoin-s-weekend-selloff-may-be-over-with-cme-s-24-7-crypto-trading-move,"Bitcoin (BTC) analysis: CME's 24/7 move means less weekend price dump, experts say","-3.68663594470046,0.768049155145929,4.45468509984639,5.22273425499232,26.7281105990783,0.460829493087558,591"
20260108003000,bitcoinmagazine.com,https://bitcoinmagazine.com/business/top-self-custody-bitcoin-wallets-for-2026,Top Self Custody Bitcoin Wallets For 2026,"2.49496981891348,4.58752515090543,2.09255533199195,6.68008048289738,19.8792756539235,0.160965794768612,2275"
20260108003000,bitcoinmagazine.com,https://bitcoinmagazine.com/markets/bitcoin-price-teeters-at-91000,"Bitcoin Price Teeters At $90,000 As New Year Rally Falters","-1.38248847926267,2.30414746543779,3.68663594470046,5.99078341013825,22.5806451612903,0,390"
20260108010000,newsbtc.com,https://www.newsbtc.com/analysis/xrp/what-will-drive-xrp-to-100/,Strategist Reveals What Will Drive XRP Price To $100 Per Coin,"-2.48091603053435,3.05343511450382,5.53435114503817,8.58778625954199,23.8549618320611,0,491"
20260108010000,newsbtc.com,https://www.newsbtc.com/news/is-cardano-entering-a-new-phase-technical-strength-etf-watch-and-ecosystem-direction-align/,"Is Cardano Entering a New Phase? Technical Strength, ETF Watch, and Ecosystem Direction Align","0.788954635108481,3.35305719921105,2.56410256410256,5.91715976331361,21.4990138067061,0,453"
20260107231500,cointelegraph.com,https://cointelegraph.com/news/babylon-raises-15m-from-a16z-crypto-to-unlock-bitcoin-for-staking-and-onchain-credit,Babylon Secures $15M from a16z to Build Bitcoin-Native Lending,"-0.41407867494824,2.27743271221532,2.69151138716356,4.96894409937888,22.7743271221532,0.20703933747412,436"
20260107231500,cointelegraph.com,https://cointelegraph.com/news/60k-btc-absorbed-as-miners-back-off-will-bitcoin-s-rally-lose-steam,60K BTC Absorbed But Miners Sell: Can BTC's Rally Continue?,"-1.01867572156197,2.88624787775891,3.90492359932088,6.7911714770798,25.6366723259762,0.169779286926995,530"
20260107231500,cointelegraph.com,https://cointelegraph.com/news/bitcoin-averages-100percent-return-after-down-years-will-the-pattern-repeat-in-2026,BTC's Down Year Pattern Puts 2026 in Focus,"-0.535714285714286,3.75,4.28571428571429,8.03571428571429,24.2857142857143,0.178571428571429,504"
20260107231500,cointelegraph.com,https://cointelegraph.com/news/ray-dalio-2026-us-midterm-reverse-trump-policy,2026 US Midterms May Throw a Wrench in Trump's Policy Agenda: Ray Dalio,"0.240384615384615,3.36538461538462,3.125,6.49038461538462,23.3173076923077,1.92307692307692,373"
20260107231500,cointelegraph.com,https://cointelegraph.com/news/crypto-companies-dc-market-structure-bill,Crypto Reps to Fly into DC this Week to Address Market Structure Bill,"-0.371747211895911,1.6728624535316,2.04460966542751,3.71747211895911,21.3754646840149,1.48698884758364,499"
20260107231500,cointelegraph.com,https://cointelegraph.com/news/gate-ai-powered-market-assistant-crypto-traders,Gate.io Adds AI Market Analysis Tool as Exchanges Embrace AI,"0.235849056603774,1.88679245283019,1.65094339622642,3.5377358490566,25.2358490566038,0,379"
20260130104500,cointelegraph.com,https://cointelegraph.com/news/binance-to-convert-1-billion-safu-fund-btc,Binance Shifts $1B SAFU Fund from Stablecoins into Bitcoin,"-1.84254606365159,1.84254606365159,3.68509212730318,5.52763819095477,20.1005025125628,0.33500837520938,535"
20260130104500,cointelegraph.com,https://cointelegraph.com/news/doj-finalizes-helix-forfeiture-early-bitcoin-darknet-case,DOJ Finalizes $400M Helix Forfeiture in Early Bitcoin Darknet Case,"-4.86486486486486,1.08108108108108,5.94594594594595,7.02702702702703,17.027027027027,0.810810810810811,332"
20260130104500,cointelegraph.com,https://cointelegraph.com/news/bitcoin-rotation-gold-silver-btc-price-crypto-analyst,Bitcoin 'Massive Rotation' Is On The Rocks: Benjamin Cowen,"-0.227790432801823,2.96127562642369,3.18906605922551,6.1503416856492,24.8291571753986,0.683371298405467,380"
20260130094500,newsbtc.com,https://www.newsbtc.com/xrp-news/xrp-to-100-ex-ripple-cto-david-schwartz/,XRP To $100? Ex-Ripple CTO David Schwartz Weighs In,"-1.42857142857143,1.71428571428571,3.14285714285714,4.85714285714286,24.7142857142857,0.428571428571429,651"
20260130094500,newsbtc.com,https://www.newsbtc.com/analysis/solana-sol-crashes-back-to-112/,"Solana (SOL) Crashes Back To $112, A Level That Could Decide Everything","0.243309002433091,3.89294403892944,3.64963503649635,7.54257907542579,30.1703163017032,0.24330900243309,389"
20260215174500,coindesk.com,https://www.coindesk.com/markets/2026/02/15/xrp-is-outrunning-bitcoin-and-ether-after-investors-piled-into-the-recent-crash,Ripple news: XRP investors likely bought the dip after the recent crash,"-1.76678445229682,0.353356890459364,2.12014134275618,2.47349823321555,21.9081272084806,1.06007067137809,237"
20260215174500,coindesk.com,https://www.coindesk.com/markets/2026/02/13/blackrock-s-head-of-digital-assets-warns-leverage-driven-volatility-risks-undermine-bitcoin-s-institutional-narrative,BlackRock's head of digital assets warns leverage-driven volatility risks undermine b itcoin's institutional narrative,"-2.35042735042735,1.06837606837607,3.41880341880342,4.48717948717949,21.7948717948718,2.77777777777778,421"
20260215163000,cointelegraph.com,https://cointelegraph.com/news/wlfi-early-warning-signal-crypto-amberdata-study,WLFI May Have Signaled Crypto Crash Hours Before Bitcoin: Study,"-4.05405405405405,1.35135135135135,5.40540540540541,6.75675675675676,21.4527027027027,0.337837837837838,534"
20260215163000,cointelegraph.com,https://cointelegraph.com/magazine/crypto-exchange-coinbase-ethereum-price-recovery-bitcoin-etf-hodlers-digest/,"Coinbase misses Q4 earnings, Ethereum eyes 'V-shaped recovery': Hodler's Digest, Feb. 8","-3.35403726708075,2.11180124223602,5.46583850931677,7.57763975155279,19.1304347826087,0.559006211180124,1444"
20260203104500,coindesk.com,https://www.coindesk.com/markets/2026/02/03/bitcoin-etfs-see-cash-rush-as-traders-hunt-bargains,US BTC ETFs record biggest inflow since Jan. 14 as AUM remains near peak levels,"-2.7972027972028,2.0979020979021,4.89510489510489,6.99300699300699,20.2797202797203,1.04895104895105,263"
20260203104500,coindesk.com,https://www.coindesk.com/markets/2026/02/03/trump-s-fed-pick-warsh-to-slash-interest-rates-by-100-basis-points-this-year-economist-says,"Trump's Fed pick Kevin Warsh could shock markets with 100 bps in rate cuts this year, economist says","-3.74531835205993,2.05992509363296,5.80524344569288,7.86516853932584,22.4719101123595,0.561797752808989,479"
20260203104500,coindesk.com,https://www.coindesk.com/tech/2026/02/03/bitcoin-miners-get-an-open-source-alternative-as-tether-launches-miningos,Bitcoin news: Miners get an open-source alternative as Tether launches MiningOS,"1.86170212765957,2.65957446808511,0.797872340425532,3.45744680851064,24.468085106383,0.797872340425532,341"
20260203104500,coindesk.com,https://www.coindesk.com/markets/2026/02/03/cathie-wood-s-ark-buys-over-usd70-million-of-crypto-stocks-as-btc-continues-its-dip,Cathie Wood's ARK buys over $70 million of crypto stocks as bitcoin slides,"0,2.77777777777778,2.77777777777778,5.55555555555556,17.0138888888889,1.04166666666667,252"
20260203104500,coindesk.com,https://www.coindesk.com/markets/2026/02/03/just-as-bitcoin-tries-to-steady-the-dollar-index-wakes-up,"Bitcoin price analysis: Just as BTC tries to steady, the dollar index wakes up","0.625,3.33333333333333,2.70833333333333,6.04166666666667,23.5416666666667,0.833333333333333,444"
20260203104500,coindesk.com,https://www.coindesk.com/markets/2026/02/03/germans-can-now-buy-bitcoin-ether-solana-products-directly-from-their-ing-accounts,"Germans can now buy bitcoin, ether, solana products directly from their ING accounts","-0.967741935483871,1.29032258064516,2.25806451612903,3.54838709677419,19.0322580645161,0.967741935483871,267"
20260203104500,coindesk.com,https://www.coindesk.com/tech/2026/02/03/elon-musk-s-xai-is-hiring-crypto-specialists-to-train-its-ai-models,"Amid bitcoin drop, Elon Musk's xAI is hiring crypto specialists to train its AI models","0.692041522491349,3.11418685121107,2.42214532871972,5.5363321799308,24.2214532871972,1.03806228373702,265"
20260203110000,cointelegraph.com,https://cointelegraph.com/news/ing-germany-crypto-etp-etn-bitwise-vaneck,ING Germany Launches Crypto ETPs And ETNs For Retail Clients,"-1.41643059490085,0.56657223796034,1.98300283286119,2.54957507082153,18.1303116147309,0.28328611898017,314"
20260203110000,cointelegraph.com,https://cointelegraph.com/news/bitcoin-etf-bounce-561m-inflows-headwinds-linger,Bitcoin ETFs Rebound $562M After $1.5B Outflows,"-1.72043010752688,1.29032258064516,3.01075268817204,4.3010752688172,21.505376344086,0.21505376344086,410"
20260203110000,cointelegraph.com,https://cointelegraph.com/news/crypto-volume-contraction-sends-markets-back-to-2024-levels-analyst,Crypto Spot Volumes Plunge To 2024 Lows Amid Weak Demand,"-3.3195020746888,2.0746887966805,5.39419087136929,7.46887966804979,27.8008298755187,0.20746887966805,428"
20260203110000,cointelegraph.com,https://cointelegraph.com/news/xai-hiring-crypto-expert-train-ai-markets,Elon Musk's xAI Recruits Specialists to Train AI Models on Crypto,"-1.60427807486631,2.40641711229947,4.01069518716578,6.41711229946524,23.7967914438503,0,336"
20260203110000,cointelegraph.com,https://cointelegraph.com/news/bitcoin-risks-56k-reasons-for-gains-elusive-galaxy,Bitcoin May Continue to Fall as No Catalysts Appear: Galaxy,"0.959692898272553,2.49520153550864,1.53550863723608,4.03071017274472,32.2456813819578,0.383877159309021,472"
20260203110000,cointelegraph.com,https://cointelegraph.com/news/ai-tops-family-office-investments-crypto-jpmorgan-report-2026,AI Tops Family Office Investments as Crypto Lags: JPMorgan Report,"-0.21598272138229,3.02375809935205,3.23974082073434,6.26349892008639,14.902807775378,0.215982721382289,419"
20260203140000,newsbtc.com,https://www.newsbtc.com/bitcoin-news/oct-10-started-bitcoin-bear-market-on-chain-data/,"Oct. 10 Started The Bitcoin Bear Market, On-Chain Data Shows","-4.8526863084922,0.519930675909879,5.37261698440208,5.89254766031196,23.9168110918544,0,516"
20260203140000,newsbtc.com,https://www.newsbtc.com/crypto/best-crypto-to-buy-now-bitcoin-hyper-2026/,Best Crypto to Buy Now: Why Bitcoin Hyper Is Gaining Attention in 2026,"-1.9471488178025,2.3643949930459,4.3115438108484,6.6759388038943,25.8692628650904,0,691"
20260203140000,newsbtc.com,https://www.newsbtc.com/crypto/best-meme-coins-why-maxi-doge-is-re-emerging-as-speculative-interest-builds-in-2026/,Best Meme Coins 2026: Why Maxi Doge Is Gaining Attention Again,"-0.636942675159236,2.86624203821656,3.5031847133758,6.36942675159236,23.8853503184713,0,598"
20260203140000,newsbtc.com,https://www.newsbtc.com/bitcoin-news/bitcoin-taker-volume-third-largest-bearish-spike-2/,Bitcoin Net Taker Volume Sees Third-Largest Bearish Spike In 2 Years,"-2.74509803921569,0.588235294117647,3.33333333333333,3.92156862745098,24.3137254901961,0.196078431372549,475"
20260203140000,newsbtc.com,https://www.newsbtc.com/bitcoin-news/bitcoins-crash-spells-trouble-for-strategy-10-month-low-stings-below-average-purchase-price/,Bitcoin's Crash Spells Trouble For Strategy: 10-Month Low Stings Below Average Purchase Price,"-1.56794425087108,2.9616724738676,4.52961672473868,7.49128919860627,21.602787456446,0,513"
20260109073000,newsbtc.com,https://www.newsbtc.com/analysis/btc/bitcoin-price-holds-support-89k/,Bitcoin Price Holds Support After Pullback&#x2014;What Comes Next?,"-0.422832980972516,2.74841437632135,3.17124735729387,5.91966173361522,28.7526427061311,0,417"
20260109073000,newsbtc.com,https://www.newsbtc.com/analysis/eth/ethereum-price-inches-higher-3150/,"Ethereum Price Inches Higher, Building Pressure for a Follow-Through","-1.11111111111111,2.44444444444444,3.55555555555556,6,28.8888888888889,0,402"
20260109073000,newsbtc.com,https://www.newsbtc.com/sponsored/best-crypto-to-buy-for-maximum-security-xrp-solved-yesterdays-problem-bmic-is-targeting-tomorrows-risk/,Best Crypto to Buy for Maximum Security? XRP Solved Yesterday's Problem - BMIC Is Targeting Tomorrow's Risk,"0.208986415882968,2.92580982236155,2.71682340647858,5.64263322884013,22.3615464994775,0.104493207941484,860"
20260109073000,newsbtc.com,https://www.newsbtc.com/analysis/solana-sol-picks-up-speed-140/,"Solana (SOL) Picks Up Speed, Raising Talk of a New Upside Run","1.72413793103448,3.44827586206897,1.72413793103448,5.17241379310345,30.0492610837438,0.246305418719212,387"
20260109073000,newsbtc.com,https://www.newsbtc.com/analysis/xrp/xrp-price-pushes-for-gains-2-20/,"XRP Price Pushes for Gains, Resistance Keeps the Market Guessing","-0.422832980972516,2.5369978858351,2.95983086680761,5.49682875264271,29.1754756871036,0,444"
20260109073000,newsbtc.com,https://www.newsbtc.com/bitcoin-news/430m-crypto-longs-squeezed-bitcoin-slips-90000/,"$460M Crypto Longs Squeezed As Bitcoin Slips Below $90,000","-3.32681017612524,1.36986301369863,4.69667318982387,6.0665362035225,24.6575342465753,0,477"
20260109084500,cointelegraph.com,https://cointelegraph.com/news/iran-cut-internet-could-citizens-still-use-crypto,"Iran Cuts Off Internet, Solutions To Still Use Crypto","-1.00603621730382,1.00603621730382,2.01207243460765,3.01810865191147,22.7364185110664,0.201207243460765,443"
20260109084500,cointelegraph.com,https://cointelegraph.com/news/october-crypto-crash-ended-easy-yield-era-bitmex,Crypto 'Easy Yield' Era Likely Ended With October Crash,"-4.35729847494553,3.92156862745098,8.27886710239651,12.2004357298475,28.1045751633987,0,410"
20260109084500,cointelegraph.com,https://cointelegraph.com/news/4-things-bitcoin-mining-can-do-for-climate-change-esg-expert,Bitcoin Mining's Environmental Benefits Backed By Science,"-0.584795321637427,2.53411306042885,3.11890838206628,5.65302144249513,21.4424951267057,0,464"
20260212033000,coindesk.com,https://www.coindesk.com/markets/2026/02/12/last-week-s-rout-delivered-bitcoin-s-biggest-realized-loss-ever-bottoming-signals-grow,Last week's rout delivered BTC's biggest realized loss ever; bottoming signals grow,"-5.76923076923077,0.480769230769231,6.25,6.73076923076923,17.3076923076923,1.44230769230769,188"
20260212044500,beincrypto.com,https://beincrypto.com/north-korea-ai-crypto-hack-zoom-malware/,The Next Phase of Crypto Hacks May Start With a Video Call,"-2.98507462686567,2.98507462686567,5.97014925373134,8.95522388059701,20.0663349917081,0,566"
20260212050000,beincrypto.com,https://beincrypto.com/stellar-topnod-wallet-integration/,Stellar Expands Asia Push With TopNod Wallet Integration,"1.43884892086331,3.59712230215827,2.15827338129496,5.75539568345324,21.9424460431655,0.719424460431655,500"
20260212060000,newsbtc.com,https://www.newsbtc.com/bitcoin-news/is-bitcoin-better-than-gold/,Is Bitcoin A Better Investment Than Gold? Finance Expert Shares Deep Insights,"1.78926441351889,3.57852882703777,1.78926441351889,5.36779324055666,21.8687872763419,0,458"
20260212060000,newsbtc.com,https://www.newsbtc.com/analysis/btc/bitcoin-price-bleeds-lower-65k/,Bitcoin Price Bleeds Lower With $65K Becoming The Battleground,"-0.455580865603645,2.50569476082005,2.96127562642369,5.46697038724374,28.0182232346241,0,391"
20260212060000,newsbtc.com,https://www.newsbtc.com/analysis/doge/dogecoin-doge-stumbles-0-088/,"Dogecoin (DOGE) Stumbles Lower, Market Awaits Trend Shift Signal","-0.921658986175115,2.30414746543779,3.2258064516129,5.52995391705069,26.4976958525346,0.230414746543779,382"
20260212060000,newsbtc.com,https://www.newsbtc.com/analysis/xrp/xrp-price-steadies-above-1-32/,"XRP Price Steadies Above Support, Break Higher Or Fade Again?","-1.83066361556064,2.05949656750572,3.89016018306636,5.94965675057208,28.604118993135,0,385"
20260212060000,newsbtc.com,https://www.newsbtc.com/analysis/eth/ethereum-price-cracks-2000/,"Ethereum Price Cracks $2,000, Opening Door To Deeper Selloff","-0.680272108843537,2.49433106575964,3.17460317460317,5.66893424036281,28.5714285714286,0,396"
20260203011500,cointelegraph.com,https://cointelegraph.com/news/bitcoin-hits-fire-sale-value-as-capital-flows-capitulate-bitwise,BTC Hits Record Undervaluation Amid ETF Outflows: Bitwise,"-1.74880763116057,1.4308426073132,3.17965023847377,4.61049284578696,24.6422893481717,0.317965023847377,541"
20260203011500,cointelegraph.com,https://cointelegraph.com/magazine/eth-whale-panics-india-crypto-tax-asia-express/,"DAT panic dumps 73,000 ETH, India's crypto tax stays: Asia Express","-3.2166508987701,1.79754020813623,5.01419110690634,6.81173131504257,20.2459791863765,0.0946073793755913,984"
20260203011500,cointelegraph.com,https://cointelegraph.com/news/white-house-officials-meeting-market-structure-bill,"White House Officials Met with Crypto, Banking Reps to Discuss Stablecoins","1.33689839572193,2.67379679144385,1.33689839572193,4.01069518716578,24.8663101604278,1.8716577540107,362"
20260203004500,coindesk.com,https://www.coindesk.com/business/2026/02/02/russia-s-biggest-bitcoin-mining-firm-s-founder-arrested-for-tax-evasion-while-his-company-faces-bankruptcy,Russia crypto mining pioneer Igor Runets put under house arrest on tax charges,"-5.1063829787234,1.48936170212766,6.59574468085106,8.08510638297872,19.7872340425532,0.638297872340425,427"
20260203004500,coindesk.com,https://www.coindesk.com/business/2026/02/02/jpmorgan-private-bank-despite-geopolitical-fears-family-offices-mostly-avoid-crypto,"Family offices shun crypto despite hype, with 89% holding no digital assets: JPMorgan Private Bank","-0.872093023255814,1.74418604651163,2.61627906976744,4.36046511627907,20.0581395348837,1.45348837209302,315"
20260203004500,coindesk.com,https://www.coindesk.com/business/2026/02/02/cz-pushes-back-against-binance-fud-as-blame-game-for-crypto-crash-persists,CZ pushes back against Binance 'FUD' as blame game for crypto crash persists,"-4.5360824742268,2.06185567010309,6.5979381443299,8.65979381443299,23.9175257731959,1.03092783505155,438"
20260228124500,coindesk.com,https://www.coindesk.com/markets/2026/02/28/bitcoin-sets-up-potential-short-squeeze-as-funding-plunges-to-6,"BTC tries to reclaim $64,000 as funding rates hit three month low","-4.93273542600897,0.448430493273543,5.38116591928251,5.82959641255605,24.6636771300448,0,206"
20260228124500,coindesk.com,https://www.coindesk.com/markets/2026/02/28/bitcoin-could-see-further-downside-risks-as-iran-attacks-u-s-bases-across-middle-east,What next for bitcoin as Iran attacks U.S. bases? BTC likely to head lower,"-4.76190476190476,1.2987012987013,6.06060606060606,7.35930735930736,21.2121212121212,0.216450216450216,414"
20260228110000,newsbtc.com,https://www.newsbtc.com/news/ethereum/heres-why-ethereum-slipped-below-2000-details/,"Here's Why Ethereum Slipped Below $2,000","-1.56599552572707,1.11856823266219,2.68456375838926,3.80313199105145,20.8053691275168,0.223713646532438,399"
20260228133000,cointelegraph.com,https://cointelegraph.com/news/tether-freezes-4-2b-usdt-illicit-activity-report,Tether Freezes $4.2B in USDT Linked to Crime in 3 Years: Report,"-7.86885245901639,0.983606557377049,8.85245901639344,9.83606557377049,17.3770491803279,0.327868852459016,266"
20260213124500,coindesk.com,https://www.coindesk.com/business/2026/02/13/recapping-consensus-hong-kong,Recapping Consensus Hong Kong 2026,"-0.987654320987654,0.740740740740741,1.72839506172839,2.46913580246914,24.1975308641975,1.97530864197531,371"
20260213124500,coindesk.com,https://www.coindesk.com/policy/2026/02/13/pgi-global-ceo-gets-20-years-sentence-over-usd200-million-bitcoin-ponzi-scheme,Ramil Ventura Palafox gets 20 years sentence over $200 million bitcoin Ponzi scheme,"-2.75590551181102,2.36220472440945,5.11811023622047,7.48031496062992,17.3228346456693,1.18110236220472,220"
20260213124500,coindesk.com,https://www.coindesk.com/markets/2026/02/13/bitcoin-s-long-term-rally-is-broken-until-it-reclaims-usd85-000-deribit-executive-says,"BTC long-term rally is 'broken' until price reclaims $85,000, Deribit executive says","-0.558659217877095,1.39664804469274,1.95530726256983,3.35195530726257,25.9776536312849,0.837988826815642,319"
20260213124500,coindesk.com,https://www.coindesk.com/markets/2026/02/13/ark-invest-buys-usd18-million-of-crypto-stocks-including-10th-consecutive-bullish-purchase,Ark Invest buys $18 million of crypto stocks including 10th consecutive Bullish (BLSH) purchase,"2.83018867924528,2.83018867924528,0,2.83018867924528,19.811320754717,1.41509433962264,188"
20260213124500,coindesk.com,https://www.coindesk.com/markets/2026/02/13/bitcoin-ether-little-changed-before-u-s-inflation-report,"Bitcoin, ether little changed before U.S. inflation report: Crypto Markets Today","-2.26480836236934,1.39372822299652,3.65853658536585,5.05226480836237,23.1707317073171,0.522648083623693,517"
20260213124500,coindesk.com,https://www.coindesk.com/markets/2026/02/13/wall-street-analysts-cut-coinbase-price-targets-following-q4-earnings-miss,"JPMorgan (JPM) cuts Coinbase (COIN) target to $252 after 4Q miss, keeps overweight rating","-0.656455142231948,2.18818380743982,2.84463894967177,5.0328227571116,25.8205689277899,0.656455142231947,411"
20260213104500,newsbtc.com,https://www.newsbtc.com/bitcoin-news/standard-chartered-lowers-bitcoin-forecast-predicts-price-dive-to-50000-before-rebound/,"Standard Chartered Lowers Bitcoin Forecast: Predicts Price Dive To $50,000 Before Rebound","-4.96894409937888,0.82815734989648,5.79710144927536,6.62525879917184,21.7391304347826,0.41407867494824,447"
20260213104500,newsbtc.com,https://www.newsbtc.com/news/shiba-inu-coin/shiba-inu-70-decline-price-breaks-parallel-channel/,Shiba Inu At Risk of 70% Decline? Price Breaks Below Parallel Channel,"-0.829875518672199,1.03734439834025,1.86721991701245,2.9045643153527,30.4979253112033,0,462"
20260213111500,cointelegraph.com,https://cointelegraph.com/news/boerse-stuttgart-digital-tradias-agree-merger-to-build-european-crypto-hub,Boerse Stuttgart Digital Merges With Tradias In Crypto Push,"1.21065375302663,1.93704600484262,0.726392251815981,2.6634382566586,19.6125907990315,0.968523002421308,366"
20260213111500,cointelegraph.com,https://cointelegraph.com/news/seoul-police-22-bitcoin-missing-cold-wallet,South Korea Probes Missing 22 Bitcoin From Police Wallet,"-6.17647058823529,0.882352941176471,7.05882352941176,7.94117647058823,20.5882352941176,0,328"
20260213111500,cointelegraph.com,https://cointelegraph.com/news/bitcoin-etf-410-million-outflows-standard-chartered-cut-target,Bitcoin ETFs Post $410M Outflows As Early-Week Momentum Fades,"-0.843881856540084,2.10970464135021,2.9535864978903,5.06329113924051,20.042194092827,1.05485232067511,433"
20260218031500,newsbtc.com,https://www.newsbtc.com/bitcoin-news/bitcoin-ready-to-bounce-again/,Bitcoin Ready To Bounce Again? The Major Accumulation Trend You Should Be Aware Of,"0.814663951120163,2.64765784114053,1.83299389002037,4.4806517311609,25.050916496945,0,449"
20260218031500,newsbtc.com,https://www.newsbtc.com/analysis/btc/bitcoin-price-dips-toward-66500/,Bitcoin Price Dips Toward Decisive Support As Bears Regain Control,"-0.453514739229025,3.17460317460317,3.6281179138322,6.80272108843537,28.7981859410431,0,390"
20260218031500,newsbtc.com,https://www.newsbtc.com/news/bitcoin/bitcoin-new-volatility-regime/,"Bitcoin Enters A New Volatility Regime Not Seen Since Last Year, History Repeating?","-1.38888888888889,2.38095238095238,3.76984126984127,6.15079365079365,23.8095238095238,0,468"
20260218031500,newsbtc.com,https://www.newsbtc.com/news/ethereum/ethereums-downside-risk-remains/,Ethereum's Bounce Still Lacks Conviction &#x2014; Downside Risk Remains,"-0.210084033613446,3.99159663865546,4.20168067226891,8.19327731092437,23.5294117647059,0,441"
20260218031500,newsbtc.com,https://www.newsbtc.com/analysis/xrp/xrp-will-reach-13-in-3-months/,Analyst Predicts XRP Price Will Reach $13 In 3 Months As Accumulation Ends,"0.941619585687382,1.69491525423729,0.753295668549906,2.44821092278719,23.3521657250471,0,492"
20260126114500,cointelegraph.com,https://cointelegraph.com/news/btc-price-bottoming-phase-ends-five-things-bitcoin-this-week,Bitcoin Analyst Says the Time is Right for the Next BTC Price Bottom,"-2.00607902735562,1.88449848024316,3.89057750759878,5.77507598784195,23.7689969604863,0.364741641337386,1503"
20260126124500,coindesk.com,https://www.coindesk.com/policy/2026/01/26/japan-etfs-said-likely-to-trade-by-2028-as-sbi-nomura-ready-products,"Japan ETFs said likely to trade by 2028 as SBI, Nomura ready products","2.33918128654971,2.63157894736842,0.292397660818713,2.92397660818713,22.2222222222222,0.87719298245614,313"
20260126124500,coindesk.com,https://www.coindesk.com/markets/2026/01/23/fed-rates-decision-tesla-earnings-bybit-roadmap-crypto-week-ahead,"Fed rates decision, Tesla earnings, Bybit roadmap: Crypto Week Ahead","0.722021660649819,1.62454873646209,0.902527075812274,2.52707581227437,18.4115523465704,0.541516245487365,370"
20260126124500,coindesk.com,https://www.coindesk.com/markets/2026/01/26/key-bitcoin-price-levels-to-watch-as-downward-pressure-builds,Key BTC price levels to watch as downtrend pressure builds,"0.26246719160105,2.0997375328084,1.83727034120735,3.93700787401575,28.3464566929134,0.78740157480315,339"
20260126124500,coindesk.com,https://www.coindesk.com/daybook-us/2026/01/26/bitcoin-trails-gold-as-yen-intervention-concerns-weigh-on-risk-assets,BTC price trails gold as yen intervention concerns weigh on risk assets,"-0.479123887748118,2.05338809034908,2.53251197809719,4.58590006844627,16.7008898015058,0.27378507871321,1264"
20260126124500,coindesk.com,https://www.coindesk.com/markets/2026/01/26/bitcoin-hash-rate-slides-during-u-s-winter-storm-as-markets-shrug-off-mining-disruption,Bitcoin hash rate slides during U.S. winter storm while markets shrug off mining disruption,"-5.86666666666667,0.533333333333333,6.4,6.93333333333333,23.2,0.8,347"
20260126124500,coindesk.com,https://www.coindesk.com/business/2026/01/26/bitcoin-income-windfall-drives-metaplanet-to-revise-full-year-revenue-forecast-upward,Bitcoin income windfall drives Metaplanet to revise full-year revenue forecast upward,"-0.529100529100529,1.58730158730159,2.11640211640212,3.7037037037037,20.1058201058201,0.793650793650794,331"
20260126124500,coindesk.com,https://www.coindesk.com/markets/2026/01/26/ark-invest-bought-usd21-5-million-of-crypto-company-shares-as-bitcoin-fell-under-usd90-000,"Ark Invest bought $21.5 million of COIN, CRCL, BLSH stock as bitcoin fell under $90,000","2.11864406779661,2.11864406779661,0,2.11864406779661,19.4915254237288,1.27118644067797,210"
20260126124500,coindesk.com,https://www.coindesk.com/markets/2026/01/26/bitcoin-rebounds-from-one-month-low-while-derivatives-flash-near-term-stress-crypto-markets-today,Bitcoin claws back from monthly low as altcoins outperform: Crypto Markets Today,"-2.96127562642369,1.59453302961276,4.55580865603645,6.1503416856492,21.4123006833713,0.683371298405467,383"
20260126124500,coindesk.com,https://www.coindesk.com/markets/2026/01/26/bitcoin-risks-fourth-straight-monthly-loss-a-streak-not-seen-since-2018,"Bitcoin risks fourth straight monthly loss, a streak not seen since 2018","-4.43686006825939,1.70648464163823,6.14334470989761,7.84982935153584,24.2320819112628,1.02389078498294,269"
20260217130000,newsbtc.com,https://www.newsbtc.com/bitcoin-news/top-expert-projects-bitcoin-bear-market-to-end-in-less-than-365-days/,Top Expert Projects Bitcoin Bear Market To End In Less Than 365 Days,"-3.0664395229983,1.19250425894378,4.25894378194208,5.45144804088586,20.7836456558773,0.170357751277683,510"
20260217130000,newsbtc.com,https://www.newsbtc.com/bitcoin-news/bitcoin-bull-bear-drops-to-deepest-ftx-bottom/,Bitcoin Bull-Bear Cycle Indicator Drops To Deepest Level Since FTX Bottom,"-0.796812749003984,0.99601593625498,1.79282868525896,2.78884462151394,27.4900398406374,0.199203187250996,467"
20260127220000,coindesk.com,https://www.coindesk.com/markets/2026/01/27/bnb-rises-2-5-nears-usd900-mark-as-prediction-market-growth-signals-utility-expansion,"BNB token gains amid prediction market interest, new ETP","0,1.65562913907285,1.65562913907285,3.3112582781457,20.5298013245033,0.993377483443709,280"
20260127220000,coindesk.com,https://www.coindesk.com/policy/2026/01/27/uk-banks-anti-crypto-stance-intensifies-even-as-regulatory-process-moves-forward,UK banks' anti-crypto stance intensifies even as regulatory process moves forward,"-3.0448717948718,1.76282051282051,4.80769230769231,6.57051282051282,20.1923076923077,1.6025641025641,573"
20260127220000,coindesk.com,https://www.coindesk.com/markets/2026/01/27/bitcoin-miners-rise-on-fresh-usd20-billion-anthropic-funding-round,"IREN, CIFR, WULF and HUT lead BTC miners sharply higher on Tuesday","2.01612903225806,2.41935483870968,0.403225806451613,2.82258064516129,22.9838709677419,1.20967741935484,221"
20260127220000,coindesk.com,https://www.coindesk.com/markets/2026/01/27/bitcoin-climbs-above-usd89-000-as-u-s-dollar-tumbles-on-president-trump-s-remarks,Bitcoin price news: BTC attempts rally as dollar decline accelerates,"0,2.93159609120521,2.93159609120521,5.86319218241042,18.2410423452769,1.30293159609121,277"
20260127220000,coindesk.com,https://www.coindesk.com/business/2026/01/27/mesh-becomes-unicorn-raises-usd75-million-for-crypto-payments-infrastructure,"Mesh payments network raises $75 million, acquires unicorn status","0.401606425702811,3.21285140562249,2.81124497991968,6.02409638554217,26.1044176706827,1.60642570281124,231"
20260127213000,bitcoinmagazine.com,https://bitcoinmagazine.com/news/us-investigating-40-million-crypto-theft,US Probes $40M Crypto Heist By Federal Contractor's Son,"-7.53911806543385,1.13798008534851,8.67709815078236,9.81507823613087,19.3456614509246,0.284495021337127,620"
20260127213000,bitcoinmagazine.com,https://bitcoinmagazine.com/news/south-dakota-bill-invest-in-bitcoin,South Dakota Proposes Bill Allowing State To Buy Bitcoin,"4.09638554216868,6.02409638554217,1.92771084337349,7.95180722891566,25.0602409638554,0,374"
20260127213000,bitcoinmagazine.com,https://bitcoinmagazine.com/news/steak-n-shake-adds-5-million-in-bitcoin,Steak 'n Shake Adds $5 Million In Bitcoin Exposure,"2.03045685279188,4.56852791878173,2.53807106598985,7.10659898477157,21.0659898477157,0.761421319796954,362"
20260127233000,newsbtc.com,https://www.newsbtc.com/breaking-news-ticker/crypto-funds-funneled-to-money-launderers-hit-82-billion-according-to-chainalysis/,"Crypto Funds Funneled To Money Launderers Hit $82 Billion, According To Chainalysis","-3.41726618705036,0.719424460431655,4.13669064748201,4.85611510791367,19.6043165467626,0,505"
20260127233000,newsbtc.com,https://www.newsbtc.com/news/ethereum/ethereum-5-months-in-red/,5 Months In Red: What Happens If Ethereum Price Closes January With A Loss?,"-1.8,2.2,4,6.2,19.2,0,447"
20260226224500,coindesk.com,https://www.coindesk.com/business/2026/02/26/grant-cardone-plans-to-tokenize-his-firm-s-usd5-billion-real-estate-portfolio,Grant Cardone plans to tokenize his firm's $5 billion real estate portfolio,"0.355871886120997,1.77935943060498,1.42348754448399,3.20284697508897,21.3523131672598,0,254"
20260226224500,coindesk.com,https://www.coindesk.com/markets/2026/02/26/bitcoin-miner-mara-jumps-17-after-striking-a-deal-with-starwood-to-build-ai-data-centers,Bitcoin Miner MARA jumps 17% after striking a deal with Starwood to build AI data centers,"0.279329608938547,3.07262569832402,2.79329608938547,5.8659217877095,24.3016759776536,0.279329608938547,327"
20260226231500,cointelegraph.com,https://cointelegraph.com/news/bitcoin-futures-options-market-flash-caution-even-as-btc-chases-70k,Bitcoin ETF Inflows Rise While Derivatives Markets Reflect Caution,"-4.23861852433281,2.82574568288854,7.06436420722135,9.89010989010989,19.309262166405,0.627943485086342,564"
20260226231500,cointelegraph.com,https://cointelegraph.com/press-releases/pact-announces-pact-token-support-on-kraken-mexc-and-gate,"PACT announces PACT token support on Kraken, MEXC, and Gate","4.25531914893617,5.77507598784195,1.51975683890578,7.29483282674772,19.7568389057751,0.455927051671732,560"
20260226231500,cointelegraph.com,https://cointelegraph.com/news/bitcoin-adoption-booming-while-price-chops-which-metrics-matter-most,Bitcoin Adoption Booms While Bear Market Deepens: Watch These Signals,"1.11731843575419,2.93296089385475,1.81564245810056,4.74860335195531,22.9050279329609,0.139664804469274,619"
20260226231500,cointelegraph.com,https://cointelegraph.com/news/bitcoin-bear-market-may-end-if-bulls-reclaim-dollar74-5k-here-s-why,Bitcoin Bull Market May Restart If $74.5K Is Broken,"0.147710487444609,1.62481536189069,1.47710487444609,3.10192023633678,29.0989660265879,0,594"
20260226231500,cointelegraph.com,https://cointelegraph.com/news/eth-s-next-big-move-depends-on-daily-close-above-dollar2-1k-data,Ether Hits $2.1K But Holding It Requires Two Factors,"-1.743264659271,1.26782884310618,3.01109350237718,4.27892234548336,27.4167987321712,0,561"
20260226231500,cointelegraph.com,https://cointelegraph.com/news/liquid-staking-token-etf-enters-formal-sec-review-with-nasdaq-19b-4-filing,Nasdaq Files to List VanEck JitoSOL ETF Tied to Solana Liquid Staking,"1.77705977382876,4.20032310177706,2.4232633279483,6.62358642972536,27.3021001615509,0.161550888529887,570"
20260226210000,newsbtc.com,https://www.newsbtc.com/news/bitcoin/bitcoin-price-surge-to-500000/,"Analyst Predicts Bitcoin Price Surge To $500,000 As Ribbon Fractal Emerges","0,1,1,2,22,0,465"
20260226210000,newsbtc.com,https://www.newsbtc.com/analysis/xrp/5-monthly-red-candles-xrp/,5 Monthly Red Candles: How XRP Is About To Create A Historical Losing Streak,"0.191938579654511,2.11132437619962,1.91938579654511,4.03071017274472,23.4165067178503,0.191938579654511,480"
20260226210000,newsbtc.com,https://www.newsbtc.com/analysis/xrp/xrp-turns-completely-bearish/,"XRP Price Turns Completely Bearish, But Is A Crash To $1 Still Possible?","-0.598802395209581,1.39720558882236,1.99600798403194,3.39321357285429,26.5469061876248,0,475"
20260226210000,newsbtc.com,https://www.newsbtc.com/analysis/xrp/xrp-is-about-to-create-history/,XRP Is About To Create History With This Latest Move,"-2.06766917293233,0.56390977443609,2.63157894736842,3.19548872180451,24.2481203007519,0,499"
20260226210000,newsbtc.com,https://www.newsbtc.com/breaking-news-ticker/jane-street-faces-new-lawsuit-trump-media-calls-for-federal-investigation/,Jane Street Faces New Lawsuit: Trump Media Calls For Federal Investigation,"-5.83554376657825,0.795755968169761,6.63129973474801,7.42705570291777,20.4244031830239,0.530503978779841,351"
20260127114500,cointelegraph.com,https://cointelegraph.com/news/top-us-banks-bitcoin-services-trading-custody,Majority of Leading US Banks Exploring or Offering Bitcoin Services,"-0.97323600973236,0.72992700729927,1.70316301703163,2.4330900243309,15.5717761557178,2.18978102189781,372"
20260127114500,cointelegraph.com,https://cointelegraph.com/news/bitcoin-most-accurate-bullish-signal-hints-btc-price-reversal,'Most Reliable' Bitcoin Price Signal Hints at a 2026 Bull Run,"-1.45530145530146,3.53430353430353,4.98960498960499,8.52390852390852,25.1559251559252,0.415800415800416,435"
20260127114500,cointelegraph.com,https://cointelegraph.com/news/kucoin-taps-former-lseg-exec-sabina-liu-mica-eu,KuCoin Taps Ex-LSEG Sabina Liu to Lead MiCA-Era EU Push,"1.88323917137476,4.51977401129944,2.63653483992467,7.15630885122411,18.2674199623352,0.753295668549906,478"
20260127114500,cointelegraph.com,https://cointelegraph.com/news/sec-crypto-task-force-ripple-clarity-passive-interest,SEC Task Force Posts Response Backing Ripple on Passive Interest,"-3.27868852459016,2.25409836065574,5.5327868852459,7.78688524590164,23.155737704918,0.614754098360656,451"
20260127114500,cointelegraph.com,https://cointelegraph.com/news/trading-212-crypto-etns-sold-without-fca-authorization-uk,Trading 212 sold crypto ETNs without FCA authorization: Report,"-0.420168067226891,2.52100840336134,2.94117647058824,5.46218487394958,21.218487394958,0,451"
20260127124500,coindesk.com,https://www.coindesk.com/markets/2026/01/27/bitcoin-ether-stall-as-metals-steal-spotlight-in-low-liquidity-trade-crypto-markets-today,Bitcoin (BTC) price rangebound in thin volume as traders rotate into metals: Crypto Markets Today,"-1.90895741556534,2.20264317180617,4.11160058737151,6.31424375917768,23.6417033773862,0.440528634361234,594"
20260127124500,coindesk.com,https://www.coindesk.com/markets/2026/01/27/bitcoin-to-silver-ratio-nears-levels-last-seen-during-the-ftx-capitulation,BTC to silver ratio nears levels last seen during the FTX capitulation,"0.333333333333333,1.33333333333333,1,2.33333333333333,23,1,271"
20260127124500,coindesk.com,https://www.coindesk.com/markets/2026/01/27/as-bitcoin-miners-cut-unprofitable-production-hash-ribbon-metric-points-to-btc-price-rebound,"As Hash Ribbon capitulation deepens, history points to price expansion phase for BTC","-3.2258064516129,1.48883374689826,4.71464019851117,6.20347394540943,27.2952853598015,0.744416873449132,369"
20260127134500,newsbtc.com,https://www.newsbtc.com/news/bitcoin/bitcoin-mining-power-dips-back-to-mid-2025-as-us-storm-hits/,"US Storm Smashes Bitcoin Mining Power, Sending Hash Rates Tumbling","-3.65853658536585,1.04529616724739,4.70383275261324,5.74912891986063,24.2160278745645,1.04529616724739,524"
20260127134500,newsbtc.com,https://www.newsbtc.com/news/bitcoin/bitcoin-price-at-risk-of-50-correction-as-btcs-2022-bearish-playbook-repeats/,Bitcoin Price At Risk Of 50% Correction As 2022 Playbook Repeats,"-3.78912685337727,1.81219110378913,5.60131795716639,7.41350906095552,21.0873146622735,0,557"
20260204010000,coindesk.com,https://www.coindesk.com/policy/2026/02/03/u-s-treasury-probes-crypto-exchanges-over-iran-sanctions-evasion-trm-labs-says,DOJ Emails show Coinbase founder tried to meet with Epstein to finalize his investment pledge,"-1.74731182795699,2.01612903225806,3.76344086021505,5.77956989247312,19.758064516129,0.403225806451613,674"
20260204010000,coindesk.com,https://www.coindesk.com/markets/2026/02/03/bitcoin-s-wild-tuesday-from-a-14-month-low-to-a-sharp-rally-triggers-usd740-million-in-liquidations,Bitcoin's wild Tuesday: From a 14-month low to a sharp rally triggers $740 million in liquidations,"-4.41860465116279,1.62790697674419,6.04651162790698,7.67441860465116,21.6279069767442,0.697674418604651,393"
20260204010000,coindesk.com,https://www.coindesk.com/markets/2026/02/03/the-big-short-investor-michael-burry-warns-bitcoin-plunge-could-trigger-usd1b-gold-silver-sell-off,"'Big Short' investor Michael Burry warns bitcoin plunge could trigger $1B gold, silver sell-off","-3.601108033241,3.32409972299169,6.92520775623269,10.2493074792244,22.1606648199446,0.831024930747922,323"
20260203231500,newsbtc.com,https://www.newsbtc.com/breaking-news-ticker/bitcoin-price-crashes-below-73000-hitting-lowest-level-since-2024/,"Bitcoin Price Crashes Below $73,000, Hitting Lowest Level Since 2024","-2.38726790450928,1.3262599469496,3.71352785145889,5.03978779840849,23.6074270557029,0,342"
20260203231500,newsbtc.com,https://www.newsbtc.com/altcoin/altcoins-are-not-dead/,Altcoins Are Not Dead? Analyst Says That 'The Spring Is Loading',"-1.43737166324435,1.84804928131417,3.28542094455852,5.13347022587269,20.7392197125257,0,461"
20260203231500,newsbtc.com,https://www.newsbtc.com/news/bitcoin/bitcoins-network-growth/,Bitcoin's Network Growth Just Reached Extreme Levels Last Seen Before The 2021 Surge,"-0.652173913043478,1.95652173913044,2.60869565217391,4.56521739130435,24.7826086956522,0,405"
20260203231500,newsbtc.com,https://www.newsbtc.com/news/bitcoin-hits-year-to-date-low-amid-heavy-outflows-signs-of-spot-buying-emerge/,"Bitcoin Hits Year-To-Date Low Amid Heavy Outflows, Signs Of Spot Buying Emerge","-3.1496062992126,1.5748031496063,4.7244094488189,6.2992125984252,30.1181102362205,0.196850393700787,465"
20260203221500,bitcoinmagazine.com,https://bitcoinmagazine.com/markets/strategy-stock-plummets-8-percent,Strategy ($MSTR) Plummets 8% As Bitcoin Hits One&#x2011;Year Lows,"-0.45766590389016,2.74599542334096,3.20366132723112,5.94965675057208,21.0526315789474,0,390"
20260203221500,bitcoinmagazine.com,https://bitcoinmagazine.com/markets/bitcoin-price-plunges-to-74000-range,"Bitcoin Price Plunges To $74,000 And One Year Lows","-2.11267605633803,2.3943661971831,4.50704225352113,6.90140845070423,20.5633802816901,0,635"
20260114021500,bitcoinmagazine.com,https://bitcoinmagazine.com/markets/bitcoin-price-pumps-5-past-96000,Bitcoin Price Rockets Past $96K As Strategy ($MSTR) Jumps 8%,"-0.556328233657858,2.78164116828929,3.33796940194715,6.11961057023644,21.2795549374131,0.139082058414465,629"
20260114031500,newsbtc.com,https://www.newsbtc.com/bitcoin-news/bitcoin-decouples-global-liquidity-quantum-threat/,Bitcoin Decouples From Global Liquidity: Analyst Says Quantum Threat Behind It,"-1.51515151515152,1.32575757575758,2.84090909090909,4.16666666666667,23.8636363636364,0.757575757575758,494"
20260114031500,newsbtc.com,https://www.newsbtc.com/bitcoin-news/bitcoin-forecast-all-time-high-in-sight-but-expert-flags-potential-for-bear-market-reversal/,"Bitcoin Forecast: All-Time High In Sight, But Expert Flags Potential For Bear Market Reversal","-1.38888888888889,2.77777777777778,4.16666666666667,6.94444444444444,22.0238095238095,0.198412698412698,456"
20260114031500,newsbtc.com,https://www.newsbtc.com/altcoin/futures-frenzy-pushed-crypto-exchange-volume-to-nearly-80-trillion-in-2025/,Futures Frenzy Pushed Crypto Exchange Volume to $79 Trillion In 2025,"-2.11864406779661,0.423728813559322,2.54237288135593,2.96610169491525,22.2457627118644,0,432"
20260114031500,newsbtc.com,https://www.newsbtc.com/analysis/btc/bitcoin-price-rips-higher-100k/,"Bitcoin Price Rips Higher, $100K Narrative Gathers Pace","1.51515151515152,3.03030303030303,1.51515151515152,4.54545454545455,27.2727272727273,0,406"
20260114033000,cointelegraph.com,https://cointelegraph.com/news/warren-urges-occ-delay-world-liberty-bank-bid-trump-cuts-ties,Senator Seeks World Liberty's Bank Charter Bid Delay,"0,4.17495029821074,4.17495029821074,8.34990059642147,20.675944333996,0.99403578528827,466"
20260114033000,cointelegraph.com,https://cointelegraph.com/news/bitcoin-price-spot-buying-surge-forecasts-crypto-analysts,"Bitcoin 5% Surge Driven By Spot Buys, $100K On Horizon: Analysts","-3.03030303030303,1.01010101010101,4.04040404040404,5.05050505050505,24.4949494949495,0,360"
20260114033000,cointelegraph.com,https://cointelegraph.com/news/rattled-retail-rotate-to-btc-and-eth-after-october-crash-wintermute,"October Crash Ended Altseason, Says Wintermute Report","-6.51162790697674,0.930232558139535,7.44186046511628,8.37209302325581,20.6976744186046,0.232558139534884,366"
20260212204500,newsbtc.com,https://www.newsbtc.com/news/bitcoin/bitcoin-may-already-be-entering-crypto-winter-researchers-warn/,"Bitcoin May Already Be Entering Crypto Winter, Researchers Warn","-6.07734806629834,1.47329650092081,7.55064456721915,9.02394106813996,29.6500920810313,0,481"
20260212204500,newsbtc.com,https://www.newsbtc.com/bitcoin-news/is-the-bitcoin-bottom-in-leading-on-chain-analyst/,Is The Bitcoin Bottom In? Leading On-Chain Analyst Sees A Floor,"-3.14358538657604,1.52931180968564,4.67289719626168,6.20220900594732,28.6321155480034,1.01954120645709,1031"
20260212210000,cointelegraph.com,https://cointelegraph.com/news/how-a-bitcoin-promotion-error-triggered-a-regulatory-reckoning-in-south-korea,Bitcoin Promotion Error Sparks Regulatory Reckoning in South Korea,"-3.26086956521739,2.92642140468227,6.18729096989967,9.11371237458194,20.6521739130435,0.334448160535117,1124"
20260212210000,cointelegraph.com,https://cointelegraph.com/news/bitcoin-analysts-predict-prolonged-consolidation-phase-for-btc-price,Bitcoin Price Stuck Under $72K As Consolidation Looms: New Research.,"-0.970873786407767,2.42718446601942,3.39805825242718,5.8252427184466,25.2427184466019,0,549"
20260212210000,cointelegraph.com,https://cointelegraph.com/news/ether-hidden-strength-why-institutional-demand-points-to-2-4k,"ETH ETF Flows, Onchain Volume Signal Recovery To $2.4K","0.690846286701209,2.76338514680484,2.07253886010363,4.83592400690846,20.8981001727116,1.38169257340242,513"
20260212210000,cointelegraph.com,https://cointelegraph.com/news/crypto-sentiment-sees-record-low-as-binance-teases-bitcoin-stabilization,"Bitcoin Exchanges Point To ""Early Signs"" Of Recovery Amid Sentiment Crash","-4.8,1.2,6,7.2,25.8,0.2,463"
20260212210000,cointelegraph.com,https://cointelegraph.com/news/cango-raises-75-5m-in-equity-as-bitcoin-miner-pivots-toward-ai-infrastructure,"Cango Secures $75.5M, Investor Nears 50% Voting Control","-0.822368421052632,1.31578947368421,2.13815789473684,3.45394736842105,20.3947368421053,0,538"
20260212210000,cointelegraph.com,https://cointelegraph.com/news/bitcoin-may-close-week-at-68-3k-to-avoid-bearish-acceleration-analyst,"Bitcoin Bulls Have A Crunch Weekly Close Ahead, Says Analysis","-1.34003350083752,2.34505862646566,3.68509212730318,6.03015075376884,24.6231155778894,0.16750418760469,525"
20260212210000,cointelegraph.com,https://cointelegraph.com/news/ai-infrastructure-supercycle-bitcoin-miners-pivot-data-centers,"AI Infrastructure, Not Crypto, Is Driving the Real Supercycle","-0.432900432900433,1.94805194805195,2.38095238095238,4.32900432900433,22.2943722943723,0.649350649350649,418"
20260212210000,cointelegraph.com,https://cointelegraph.com/news/eth-etf-holders-in-worse-position-than-btc-etf-peers-as-crypto-market-looks-for-bottom,Spot ETH ETFs Losses Outpace Bitcoin As Monthly Netflows Remain Negative,"-2.90791599353796,0,2.90791599353796,2.90791599353796,19.5476575121163,0.161550888529887,539"
20260212211500,bitcoinmagazine.com,https://bitcoinmagazine.com/news/thailand-moves-to-cement-bitcoin,Thailand Clears Path For Crypto In Derivatives Market,"2.78422273781903,3.94431554524362,1.16009280742459,5.10440835266821,19.4895591647332,0,397"
20260212211500,bitcoinmagazine.com,https://bitcoinmagazine.com/news/bitcoin-advances-toward-quantum-resistance,Bitcoin Advances Toward Quantum Resistance With BIP 360,"-1.49532710280374,2.42990654205607,3.92523364485981,6.35514018691589,22.803738317757,0.186915887850467,481"
20260212223000,coindesk.com,https://www.coindesk.com/policy/2026/02/12/crypto-pac-fairshake-seeks-to-force-resistant-texas-democrat-al-green-from-u-s-house,Crypto PAC Fairshake seeks to force resistant Texas Democrat Al Green from U.S. House,"0.858369098712446,3.43347639484979,2.57510729613734,6.00858369098712,21.4592274678112,0.858369098712446,424"
20260212223000,coindesk.com,https://www.coindesk.com/markets/2026/02/12/ark-invest-s-cathie-wood-says-bitcoin-will-thrive-amid-deflationary-chaos-created-by-ai-and-innovation,"Bitcoin news: BTC set to thrive amid AI and other innovations, says Cathie Wood","-3.79506641366224,3.79506641366224,7.59013282732448,11.3851992409867,22.3908918406072,1.13851992409867,467"
20260212223000,coindesk.com,https://www.coindesk.com/markets/2026/02/12/bitcoin-tumbles-back-near-last-week-s-lows-as-ai-fears-crush-tech-and-precious-metals-plunge,"Bitcoin price news: BTC falls back to $65,000 as software sector slides 3%","-2.28136882129278,2.28136882129278,4.56273764258555,6.84410646387833,18.2509505703422,1.14068441064639,234"
20260112080000,cointelegraph.com,https://cointelegraph.com/news/crypto-youtube-viewership-sinks-2021-lows-as-retail-interest-evaporates,Crypto YouTube Views Crash To 2021 Lows Amid Bear Sentiment,"-2.0997375328084,1.0498687664042,3.1496062992126,4.1994750656168,23.3595800524934,0,337"
20260112080000,cointelegraph.com,https://cointelegraph.com/news/uk-lawmakers-push-ban-political-donations-crypto,UK Lawmakers Push to Ban Crypto Political Donations,"-2.73972602739726,3.42465753424658,6.16438356164384,9.58904109589041,22.6027397260274,0.45662100456621,422"
20260112080000,cointelegraph.com,https://cointelegraph.com/news/cato-institute-government-pressure-debanking-report,US Government Pressure Identified as a Leading Cause of Debanking,"-3.93162393162393,0.512820512820513,4.44444444444444,4.95726495726496,21.8803418803419,0.512820512820513,536"
20260112080000,cointelegraph.com,https://cointelegraph.com/news/south-korea-ends-9-year-ban-on-corporate-crypto-investment,South Korea Will Allow Corporate Crypto Investment After 9 Years,"1.87793427230047,3.9906103286385,2.11267605633803,6.10328638497653,19.0140845070423,0,377"
20260112083000,newsbtc.com,https://www.newsbtc.com/analysis/eth/ethereum-price-builds-momentum-3120/,"Ethereum Price Builds Momentum, But Follow-Through Is the Real Test","-0.221729490022173,2.88248337028825,3.10421286031042,5.98669623059867,28.159645232816,0,403"
20260112083000,newsbtc.com,https://www.newsbtc.com/analysis/solana-sol-accelerates-higher-145/,"Solana (SOL) Accelerates Higher, All Eyes on a Key Upside Level","2.8436018957346,4.739336492891,1.8957345971564,6.63507109004739,29.8578199052133,0.23696682464455,403"
20260112083000,newsbtc.com,https://www.newsbtc.com/analysis/xrp/xrp-price-approaches-resistance-2-20/,"XRP Price Approaches Resistance, Setting Up a Make-or-Break Moment","-0.423728813559322,2.54237288135593,2.96610169491525,5.50847457627119,29.6610169491525,0,444"
20260124151500,coindesk.com,https://www.coindesk.com/policy/2026/01/24/days-of-our-market-structure-bills-state-of-crypto,Days of our market structure bills: State of Crypto,"-1.14068441064639,1.99619771863118,3.13688212927757,5.13307984790875,23.574144486692,1.04562737642586,984"
20260124151500,coindesk.com,https://www.coindesk.com/markets/2026/01/24/here-is-why-investors-are-snubbing-michael-saylor-s-10-dividend-offer-in-europe,MSTR News: Michael Saylor's European expansion hits a snag as his new 'Stream' shares fail to gain traction,"1.1441647597254,2.97482837528604,1.83066361556064,4.80549199084668,24.2562929061785,0.68649885583524,402"
20260212174500,coindesk.com,https://www.coindesk.com/business/2026/02/12/crypto-isn-t-a-luxury-in-pakistan-it-s-a-ladder-for-the-masses,"A ladder for the masses: Pakistan's Bilal Bin Saqib says crypto is a necessity, not a luxury","2.32558139534884,3.10077519379845,0.775193798449612,3.87596899224806,19.7674418604651,2.90697674418605,464"
20260212174500,coindesk.com,https://www.coindesk.com/business/2026/02/12/bitcoin-layer-2-builders-pitch-btcfi-as-the-next-institutional-unlock,Bitcoin L2 builders pitch BTCFi as the next institutional unlock,"1.00401606425703,2.81124497991968,1.80722891566265,4.61847389558233,25.1004016064257,1.60642570281124,452"
20260212174500,coindesk.com,https://www.coindesk.com/business/2026/02/12/gate-ceo-and-founder-lin-han-says-banks-have-lost-the-war-against-stablecoins,Gate CEO Lin Han says banks have lost the 'existential' war against stablecoins,"0.929614873837981,2.65604249667995,1.72642762284197,4.38247011952191,19.6547144754316,1.19521912350598,586"
20260212174500,coindesk.com,https://www.coindesk.com/markets/2026/02/12/bitcoin-sinks-below-usd67-000-with-crypto-prices-following-u-s-stocks-lower,Bitcoin price news: BTC remains under pressure amid slumping stock market,"-3.69230769230769,0.923076923076923,4.61538461538462,5.53846153846154,24,0.923076923076923,274"
20260212174500,coindesk.com,https://www.coindesk.com/markets/2026/02/12/standard-chartered-sees-bitcoin-sliding-to-usd50-000-ether-to-usd1-400-before-recovery,"Standard Chartered sees bitcoin (BTC) sliding to $50,000, ether (ETH) to $1,400 before recovery","-4.4404973357016,1.77619893428064,6.21669626998224,7.99289520426288,21.1367673179396,0.532859680284192,508"
20260212174500,coindesk.com,https://www.coindesk.com/coindesk-indices/2026/02/11/crypto-for-advisors-the-digital-assets-exchange-traded-product-landscape,"Digital assets exchange-traded product landscape: past, present and future","-0.36101083032491,0.842358604091456,1.20336943441637,2.04572803850782,19.6149217809868,0.481347773766546,746"
20260225184500,coindesk.com,https://www.coindesk.com/coindesk-indices/2026/02/25/crypto-long-and-short-when-etf-options-start-driving-bitcoin,When ETF options start driving bitcoin,"-2.64285714285714,1.92857142857143,4.57142857142857,6.5,20.1428571428571,1,1267"
20260225184500,coindesk.com,https://www.coindesk.com/business/2026/02/25/billionaire-alan-howard-s-crypto-incubator-webn-closes-down,Billionaire Alan Howard's crypto incubator WebN closes down,"0.51150895140665,2.0460358056266,1.53452685421995,3.58056265984655,21.227621483376,0.767263427109974,368"
20260225184500,coindesk.com,https://www.coindesk.com/business/2026/02/25/blockfills-co-founder-and-ceo-nicholas-hammer-has-stepped-down-amid-usd75-million-lending-losses,Blockfills co-founder and CEO Nicholas Hammer has stepped down,"-3.29411764705882,0.705882352941177,4,4.70588235294118,21.1764705882353,0.705882352941177,384"
20260225184500,coindesk.com,https://www.coindesk.com/markets/2026/02/25/xrp-jumps-6-as-exchange-data-points-to-institutional-accumulation,"XRP price news: Ripple-linked token zooms 6% as bitcoin (BTC) nears $67,000","-1.35135135135135,2.02702702702703,3.37837837837838,5.40540540540541,22.2972972972973,0,137"
20260225184500,coindesk.com,https://www.coindesk.com/markets/2026/02/25/what-early-bitcoin-architect-adam-back-thinks-of-this-cycle,What early Bitcoin (BTC) architect Adam Back thinks of this cycle,"-2.08044382801664,1.80305131761442,3.88349514563107,5.68654646324549,25.5201109570042,0.554785020804438,666"
20260225184500,coindesk.com,https://www.coindesk.com/markets/2026/02/25/bitcoin-climbs-to-usd67-500-circle-leads-crypto-stocks-higher-as-bounce-strengthens,"Bitcoin price news: BTC hits $68,500; ETH, DOGE, SOL lead amid crypto short squeeze","-1.19453924914676,2.21843003412969,3.41296928327645,5.63139931740614,19.1126279863481,0.853242320819113,527"
20260225184500,coindesk.com,https://www.coindesk.com/business/2026/02/25/bitcoin-treasury-firm-gd-culture-set-to-sell-btc-holdings-to-fund-share-buybacks,GD Culture (GDC) news:  Management wins board approval to sell BTC,"-0.36231884057971,1.81159420289855,2.17391304347826,3.98550724637681,28.9855072463768,1.08695652173913,258"
20260225184500,coindesk.com,https://www.coindesk.com/business/2026/02/25/endowments-eye-crypto-allocations-amid-tougher-return-outlook-for-traditional-investments,Endowments eye crypto allocations amid tougher return outlook for traditional investments,"-1.12359550561798,2.69662921348315,3.82022471910112,6.51685393258427,23.3707865168539,1.57303370786517,412"
20260225190000,cointelegraph.com,https://cointelegraph.com/news/strategy-yield-europe-21shares-strc-etp,21Shares Launches Strategy Yield ETP in Europe,"2.70935960591133,3.44827586206897,0.738916256157635,4.1871921182266,17.7339901477833,0.985221674876847,373"
20260225190000,cointelegraph.com,https://cointelegraph.com/news/bitcoin-daily-gains-near-5-percent-analysis-eyes-bullish-rotation-from-gold,Bitcoin's 200-Week Trend Line is Next on the Horizon for Bulls,"2.83018867924528,4.4811320754717,1.65094339622642,6.13207547169811,22.6415094339623,0.471698113207547,378"
20260225190000,cointelegraph.com,https://cointelegraph.com/news/solana-leads-crypto-recovery-10-percent-100-dollars-sol-price-next,Solana Price Charts Are Hinting at a Potential Rally Toward $110 Next,"0.598802395209581,1.19760479041916,0.598802395209581,1.79640718562874,19.9600798403194,0.199600798403194,441"
20260225190000,cointelegraph.com,https://cointelegraph.com/news/bitcoin-tops-dollar68k-after-stock-market-rebound-strong-earnings-data-boost-risk-appetite,"Bitcoin Surges to $69.5K on ETF Inflows, US Macroeconomic Boost","-2.94117647058824,1.73010380622837,4.67128027681661,6.40138408304498,24.7404844290657,0.519031141868512,513"
20260225161500,newsbtc.com,https://www.newsbtc.com/news/bitcoin/is-bitcoin-the-poor-mans-hedge-against-inflation-coinbase-ceo-thinks-so/,Is Bitcoin The Poor Man's Hedge Against Inflation? Coinbase CEO Thinks So,"-1.79775280898876,3.14606741573034,4.9438202247191,8.08988764044944,24.4943820224719,0.898876404494382,418"
20260225161500,newsbtc.com,https://www.newsbtc.com/analysis/xrp/why-xrp-price-will-hit-10-2026/,Pundit Gives Reasons Why XRP Price Will Hit $10 In 2026,"1.44144144144144,3.6036036036036,2.16216216216216,5.76576576576577,24.3243243243243,0.18018018018018,504"
20260225161500,newsbtc.com,https://www.newsbtc.com/bitcoin-news/2-bitcoin-price-levels-coinbase/,"2 Bitcoin Price Levels Could Decide What's Next, Coinbase Says","-3.67647058823529,2.94117647058824,6.61764705882353,9.55882352941176,28.0882352941176,0,631"
20260112031500,cointelegraph.com,https://cointelegraph.com/news/fed-powell-says-doj-probe-due-defying-trump-interest-rates,Powell Says DOJ Probe Due To Defying Trump on Interest Rates,"-5.62913907284768,0.993377483443709,6.62251655629139,7.6158940397351,27.8145695364238,0.662251655629139,269"
20260112031500,cointelegraph.com,https://cointelegraph.com/news/crypto-project-failures-record-2025-memecoin-turbulence,Memecoins Fuel Deadliest Year for Crypto Tokens,"-4.3360433604336,1.6260162601626,5.96205962059621,7.58807588075881,20.5962059620596,0,322"
20260112031500,cointelegraph.com,https://cointelegraph.com/news/x-building-smart-cashtags-tracking-crypto-stock-prices,"X is Building a Smart Cashtags Feature Tracking Crypto, Stock Prices","0.77120822622108,2.5706940874036,1.79948586118252,4.37017994858612,27.7634961439589,0.25706940874036,349"
20260112033000,newsbtc.com,https://www.newsbtc.com/analysis/btc/bitcoin-price-recovery-bid-emerges/,"Bitcoin Price Recovery Bid Emerges, Resistance Still Looms Large","0.421052631578947,3.15789473684211,2.73684210526316,5.89473684210526,28.2105263157895,0,417"
20260126180000,bitcoinmagazine.com,https://bitcoinmagazine.com/news/colombia-pension-to-launch-bitcoin-fund,Massive Colombian Pension To Launch Bitcoin Fund For Clients,"-2.35849056603774,1.17924528301887,3.5377358490566,4.71698113207547,18.3962264150943,0,376"
20260126173000,coindesk.com,https://www.coindesk.com/markets/2026/01/26/cathie-wood-s-ark-invest-files-for-two-crypto-index-etfs-tied-to-coindesk-20,Cathie Wood's ARK Invest files for two crypto index ETFs tied to CoinDesk 20,"0,1.13207547169811,1.13207547169811,2.26415094339623,29.4339622641509,1.13207547169811,247"
20260126173000,coindesk.com,https://www.coindesk.com/markets/2026/01/26/blackrock-doubles-down-on-bitcoin-fund-offerings-with-income-focused-filing,BlackRock doubles down on bitcoin fund offerings with income-focused filing,"0.228310502283105,2.05479452054794,1.82648401826484,3.88127853881279,23.7442922374429,0.684931506849315,397"
20260126173000,coindesk.com,https://www.coindesk.com/business/2026/01/26/bitmine-the-largest-ethereum-treasury-makes-biggest-ether-purchase-of-2026,"BitMine (BMNR), the largest Ethereum treasury firm, makes biggest ether purchase of 2026","2.06185567010309,3.43642611683849,1.3745704467354,4.81099656357388,20.6185567010309,1.03092783505155,259"
20260126173000,coindesk.com,https://www.coindesk.com/markets/2026/01/26/coreweave-shares-rise-9-on-fresh-usd2-billion-nvidia-investment,CoreWeave stock news: CRWV soars 9% on new NVDA $2 billion investment,"1.43884892086331,2.51798561151079,1.07913669064748,3.59712230215827,20.863309352518,1.07913669064748,247"
20260126173000,coindesk.com,https://www.coindesk.com/policy/2026/01/26/market-structure-bill-delay-seen-capping-u-s-crypto-valuations-benchmark-says,"Market structure bill delay seen capping U.S. crypto valuations, Benchmark says","-4.89690721649484,2.31958762886598,7.21649484536082,9.5360824742268,28.0927835051546,0.77319587628866,347"
20260126173000,coindesk.com,https://www.coindesk.com/markets/2026/01/26/strategy-purchased-usd264-million-in-bitcoin-last-week,"Michael Saylor's Strategy (MSTR) added 2,932 BTC last week","0.546448087431694,1.09289617486339,0.546448087431694,1.63934426229508,20.7650273224044,1.63934426229508,158"
20260126184500,bitcoinmagazine.com,https://bitcoinmagazine.com/news/rhode-island-introduces-bill-study-crypto,Rhode Island Reintroduces Bill To Study Blockchain And Crypto,"1.13895216400911,2.50569476082005,1.36674259681093,3.87243735763098,23.0068337129841,0,388"
20260126191500,newsbtc.com,https://www.newsbtc.com/news/bitcoin/gold-hits-record-5k-while-bitcoin-struggles-to-keep-pace/,Gold Hits Record $5K While Bitcoin Struggles To Keep Pace,"-2.91479820627803,3.1390134529148,6.05381165919283,9.19282511210762,25.7847533632287,0.672645739910314,412"
20260126191500,newsbtc.com,https://www.newsbtc.com/analysis/xrp/odds-of-xrp-rising-40/,"Crypto Traders Share Odds Of XRP Price Rising 40% This Year, Can It Still Rally?","-1.20967741935484,1.41129032258065,2.62096774193548,4.03225806451613,20.7661290322581,0,469"
20260128013000,cointelegraph.com,https://cointelegraph.com/news/us-marshals-investigation-seized-digital-assets,US Marshals Investigate Claims around Stealing $40M in Seized Crypto,"-3.79008746355685,1.16618075801749,4.95626822157434,6.12244897959184,19.2419825072886,2.04081632653061,320"
20260128013000,cointelegraph.com,https://cointelegraph.com/news/public-companies-bitcoin-holdings-prices-crypto-dat,American Bitcoin and Other Public Companies Add to Bitcoin Treasuries,"1.0989010989011,1.64835164835165,0.549450549450549,2.1978021978022,16.7582417582418,0.274725274725275,319"
20260128013000,cointelegraph.com,https://cointelegraph.com/news/morgan-stanley-appoints-digital-asset-head-amy-oldenburg,Morgan Stanley Appoints Head of Digital Asset Strategy,"2.22222222222222,2.71604938271605,0.493827160493827,3.20987654320988,20.4938271604938,0.740740740740741,363"
20260128013000,cointelegraph.com,https://cointelegraph.com/news/bitcoin-s-real-uptober-moment-might-start-in-february-here-s-why,February is BTC's Most Reliable Bullish Month: Analyst,"0,2.88065843621399,2.88065843621399,5.76131687242798,23.6625514403292,0.205761316872428,411"
20260128013000,cointelegraph.com,https://cointelegraph.com/news/ai-data-centers-local-resistance-bitcoin-mining,AI Data Centers Face Local Pushback Seen in Bitcoin Mining,"-1.69082125603865,2.41545893719807,4.10628019323672,6.52173913043478,20.048309178744,0.241545893719807,373"
20260128020000,bitcoinmagazine.com,https://bitcoinmagazine.com/markets/bitcoin-price-surges-near-90000,Bitcoin Price Nears $90K As Trump Shrugs Off Dollar Concerns,"-1.8140589569161,2.26757369614512,4.08163265306122,6.34920634920635,19.5011337868481,0,395"
20260206084500,newsbtc.com,https://www.newsbtc.com/news/ethereum-targets-april-2025-lows-drops-below-2000/,"Ethereum Targets April 2025 Lows As Price Drops Below $2,000","-3.11475409836066,1.31147540983607,4.42622950819672,5.73770491803279,19.1803278688525,0.491803278688525,518"
20260206084500,newsbtc.com,https://www.newsbtc.com/analysis/doge/dogecoin-doge-sinks-to-0-08/,Dogecoin (DOGE) Sinks To $0.08 Amid Relentless Bear Pressure,"0.210084033613445,2.94117647058824,2.73109243697479,5.67226890756303,27.9411764705882,0.210084033613445,421"
20260206084500,newsbtc.com,https://www.newsbtc.com/bitcoin-news/bitcoin-short-term-holders-deep-in-loss-mvrv-signals-capitulation-phase/,Bitcoin Short-Term Holders Deep In Loss: MVRV Signals Capitulation Phase,"-1.55642023346303,4.28015564202335,5.83657587548638,10.1167315175097,28.0155642023346,0,241"
20260206084500,newsbtc.com,https://www.newsbtc.com/analysis/xrp/xrp-price-snaps-back-from-1-15-collapse/,"XRP Price Snaps Back From $1.15 Collapse, Bulls Test The Waters","-1.71306209850107,1.71306209850107,3.42612419700214,5.13918629550321,28.9079229122056,0,426"
20260206084500,newsbtc.com,https://www.newsbtc.com/bitcoin-news/bitcoin-crash-exposes-colossal-corporate-losses-heres-whos-most-impacted/,Bitcoin Crash Exposes Colossal Corporate Losses &#x2014; Here's Who's Most Impacted,"-2.94736842105263,2.52631578947368,5.47368421052632,8,24.2105263157895,0,441"
20260206084500,newsbtc.com,https://www.newsbtc.com/xrp-news/xrp-social-sentiment-bullish-bitcoin-mood-sours/,XRP Social Sentiment Still Bullish While Bitcoin Mood Sours,"-2.52427184466019,1.16504854368932,3.68932038834951,4.85436893203883,23.3009708737864,0.194174757281553,488"
20260206061500,coindesk.com,https://www.coindesk.com/markets/2026/02/06/bitcoin-s-panic-gauge-spikes-to-its-highest-since-ftx-s-collapse-as-prices-crater-to-nearly-usd60-000,"Bitcoin's volatility spikes to its highest since FTX's collapse as prices crater to nearly $60,000","-6.17977528089888,1.31086142322097,7.49063670411985,8.80149812734082,23.4082397003745,0.749063670411985,475"
20260206061500,coindesk.com,https://www.coindesk.com/markets/2026/02/06/crypto-sentiment-gauge-hits-ftx-era-lows-as-extreme-fear-reaches-a-9-reading,Crypto sentiment gauge hits FTX-era lows as 'extreme fear' reaches a 9 reading,"-6.21301775147929,0.887573964497041,7.10059171597633,7.98816568047337,27.5147928994083,0.887573964497041,314"
20260206061500,coindesk.com,https://www.coindesk.com/markets/2026/02/06/bitcoin-miner-mara-moves-usd87-million-btc-to-various-trading-desks-and-exchanges,Bitcoin miner MARA moves $87 million BTC to various trading desks and exchanges,"-0.584795321637427,1.46198830409357,2.04678362573099,3.50877192982456,24.8538011695906,0.87719298245614,319"
20260206061500,coindesk.com,https://www.coindesk.com/markets/2026/02/06/bitcoin-surges-back-above-usd65-000-after-usd700-million-wipeout-in-asia-whipsaw,"Bitcoin surges to $65,000 after $700 million in early Friday liquidations","-5.15463917525773,1.54639175257732,6.70103092783505,8.24742268041237,22.1649484536082,0.77319587628866,348"
20260206061500,coindesk.com,https://www.coindesk.com/markets/2026/02/06/blackrock-s-bitcoin-etf-hits-usd10-billion-volume-record-hinting-at-capitulation,"BlackRock's bitcoin ETF (IBIT) hits $10 billion volume record, hinting at capitulation","-4.74777448071217,0.890207715133531,5.6379821958457,6.52818991097923,21.6617210682493,0.890207715133531,305"
20260112230000,cointelegraph.com,https://cointelegraph.com/news/sec-chair-paul-atkins-us-seize-venezuela-bitcoin,SEC Chair: 'Remains to be seen' Whether US will Seize Venezuela's Bitcoin,"-1.05540897097625,1.58311345646438,2.63852242744063,4.22163588390501,18.9973614775726,1.84696569920844,342"
20260112230000,cointelegraph.com,https://cointelegraph.com/news/bitmine-eth-holdings-chairman-expand-crypto-strategy,"Bitmine Adds 24,000 ETH as Ethereum Treasury Tops 4.1M Tokens","4.50097847358121,4.89236790606654,0.391389432485323,5.28375733855186,18.7866927592955,0,443"
20260112230000,cointelegraph.com,https://cointelegraph.com/news/price-predictions-1-12-spx-dxy-btc-eth-xrp-bnb-sol-doge-ada-bch,"Bitcoin, Altcoins Find Firm Ground, But Bear May Sell Range Highs","-0.757575757575758,1.8595041322314,2.61707988980716,4.47658402203857,25,0.137741046831956,1337"
20260112230000,cointelegraph.com,https://cointelegraph.com/news/fitch-warns-bitcoin-backed-securities-market-value-risk,Fitch Warns Bitcoin-Backed Securities Pose High Market Value Risk,"-4.0084388185654,4.0084388185654,8.0168776371308,12.0253164556962,21.7299578059072,0.421940928270042,434"
20260112230000,cointelegraph.com,https://cointelegraph.com/news/3-eth-price-charts-predict-a-sharp-move-to-dollar4k-is-brewing,3 Data Points Shape ETH's Next Breakout to $4K,"-0.896860986547086,2.24215246636771,3.1390134529148,5.38116591928251,26.0089686098655,0,388"
20260112230000,cointelegraph.com,https://cointelegraph.com/news/bakkt-acquire-stablecoin-payments-infrastructure-provider,Bakkt Stock Surges 20% after Move on Stablecoin Payments Strategy,"1.73913043478261,2.60869565217391,0.869565217391304,3.47826086956522,24.0579710144928,0.289855072463768,304"
20260112230000,cointelegraph.com,https://cointelegraph.com/news/crypto-second-phase-institutional-adoption-binance-research,"Crypto Enters Second Phase of Institutional Adoption, Binance Research Says","-0.700934579439252,2.57009345794392,3.27102803738318,5.8411214953271,22.196261682243,0.233644859813084,397"
20260112230000,cointelegraph.com,https://cointelegraph.com/news/bitcoin-whales-sell-dollar286m-but-odds-of-dollar100k-btc-high,"OG Whales Sell $286M, But BTC Bulls Still Aim For $100K","-1.54738878143133,1.74081237911025,3.28820116054159,5.02901353965184,25.7253384912959,0,456"
20260112223000,bitcoinmagazine.com,https://bitcoinmagazine.com/news/iranian-protestors-turn-to-censorship-resistant-freedom-tech-during-internet-blackout,Breaking The Blackout: Iranian Protestors Use Freedom Tech To Bypass Regime Crackdown,"-1.81818181818182,3.52272727272727,5.34090909090909,8.86363636363636,15.9090909090909,0,688"
20260112223000,bitcoinmagazine.com,https://bitcoinmagazine.com/markets/bitcoin-price-climbs-near-92000-fed-doj,"Bitcoin Price Nears $92,000 As Fed-DOJ Clash","-3.15374507227332,1.70827858081472,4.86202365308804,6.57030223390276,21.0249671484888,0,629"
20260112223000,bitcoinmagazine.com,https://bitcoinmagazine.com/news/coinbase-may-drop-support-for-clarity-act,Coinbase Might Exit Support For CLARITY Act Over Conflicts,"1.02459016393443,5.5327868852459,4.50819672131148,10.0409836065574,23.5655737704918,0,446"
20260112223000,bitcoinmagazine.com,https://bitcoinmagazine.com/markets/bitcoin-bears-hold-94k-resistance-as-price-drops-to-90891-weekly-close,"Bitcoin Bears Hold $94K Resistance As Price Drops To $90,891 Weekly Close","0.126582278481012,3.41772151898734,3.29113924050633,6.70886075949367,28.1012658227848,0.253164556962025,739"
20260112223000,bitcoinmagazine.com,https://bitcoinmagazine.com/authors/juan-galt?mab_v3=49825,Juan Galt - Author Archives - Bitcoin Magazine,"-2.94117647058824,2.94117647058824,5.88235294117647,8.82352941176471,8.82352941176471,0,28"
20260112223000,bitcoinmagazine.com,https://bitcoinmagazine.com/news/h100-moves-to-buy-future-holdings,Bitcoin Treasury Firm H100 Moves To Buy Future Holdings,"6.02910602910603,6.44490644490645,0.415800415800416,6.86070686070686,21.4137214137214,0.415800415800416,436"
20260112223000,bitcoinmagazine.com,https://bitcoinmagazine.com/news/irans-rial-collapses-bitcoin-alternative,Iran's Rial Just Collapsed. Is It Time For Bitcoin?,"-5.78034682080925,2.11946050096339,7.89980732177264,10.019267822736,20.4238921001927,0.192678227360308,460"
20260112224500,newsbtc.com,https://www.newsbtc.com/news/bitcoin/the-bitcoin-whale-buy/,Why The $2.9 Billion Bitcoin Whale Buy Could Spell Doom For The Market,"-2.77227722772277,1.18811881188119,3.96039603960396,5.14851485148515,20.990099009901,0,465"
20260122061500,newsbtc.com,https://www.newsbtc.com/bitcoin-news/bitcoin-selling-off-on-quantum-fears-reality-check/,Is Bitcoin Selling Off On Quantum Fears? A Reality Check,"-1.84615384615385,2.61538461538462,4.46153846153846,7.07692307692308,28.6153846153846,0.461538461538462,587"
20260122061500,newsbtc.com,https://www.newsbtc.com/ripple-2/im-very-bullish-ripple-ceo-forecasts-record-performance-for-crypto-in-2026/,'I'm Very Bullish': Ripple CEO Forecasts Record Performance For Crypto In 2026,"3.79746835443038,5.48523206751055,1.68776371308017,7.17299578059072,23.8396624472574,1.68776371308017,436"
20260122061500,newsbtc.com,https://www.newsbtc.com/analysis/btc/bitcoin-price-defends-support-88k/,Bitcoin Price Defends Support As Traders Question Next Upside Push,"-0.21321961620469,3.19829424307036,3.41151385927505,6.60980810234542,27.2921108742004,0,407"
20260122061500,newsbtc.com,https://www.newsbtc.com/analysis/eth/ethereum-price-attempts-bounce-3k/,"Ethereum Price Attempts Bounce While $3,000 Separates Bulls And Bears","-0.216919739696313,3.25379609544469,3.470715835141,6.72451193058568,28.6334056399132,0,422"
20260122061500,newsbtc.com,https://www.newsbtc.com/analysis/solana-sol-recovery-at-risk-135/,Solana (SOL) Recovery At Risk With Bears Guarding Resistance,"0.24390243902439,3.90243902439024,3.65853658536585,7.5609756097561,30.4878048780488,0.24390243902439,387"
20260122061500,newsbtc.com,https://www.newsbtc.com/analysis/xrp/xrp-price-recovery-meets-resistance-2-0/,"XRP Price Recovery Meets Strong Resistance, Upside Under Threat","0.214132762312634,2.56959314775161,2.35546038543897,4.92505353319058,28.051391862955,0,441"
20260122061500,newsbtc.com,https://www.newsbtc.com/bitcoin-news/bitcoin-bottoming-driven-large-entities-glassnode/,"Bitcoin Bottoming Phase Was Driven By Large Entities, Glassnode Data Shows","0.404040404040404,1.21212121212121,0.808080808080808,2.02020202020202,24.8484848484848,0.202020202020202,478"
20260122064500,cointelegraph.com,https://cointelegraph.com/news/columbia-professor-says-nyse-tokenization-plan-reads-like-vaporware,Columbia Professor Criticizes NYSE's Tokenization Plan,"0.4739336492891,2.3696682464455,1.8957345971564,4.2654028436019,24.8815165876777,0.4739336492891,374"
20260122064500,cointelegraph.com,https://cointelegraph.com/news/us-stocks-crypto-market-donald-trump-greenland-tariffs,"US Stocks, Crypto Inch Higher After Trump Backs Down From Tariffs","-2.24089635854342,1.40056022408964,3.64145658263305,5.04201680672269,24.0896358543417,0.840336134453782,321"
20260122064500,cointelegraph.com,https://cointelegraph.com/news/bitcoin-institutional-investor-price-run-macro-researcher-forecast,Institutional Investors Won't 'Run' Bitcoin Up To $150K: Researcher,"-0.421940928270042,2.32067510548523,2.74261603375527,5.06329113924051,19.831223628692,1.68776371308017,421"
20260122064500,cointelegraph.com,https://cointelegraph.com/news/crypto-market-28-trillion-by-2030-ark-invest,Crypto Market Will Soar to $28T by 2030 Says ARK Invest,"1.92307692307692,2.1978021978022,0.274725274725275,2.47252747252747,26.0989010989011,0,325"
20260122064500,cointelegraph.com,https://cointelegraph.com/news/q4-2025-marked-potential-bear-market-bottom-bitwise,Bitwise Analysis Suggests Q4 May Have Been The Bear Market Bottom,"-1.14942528735632,2.06896551724138,3.2183908045977,5.28735632183908,23.2183908045977,0.919540229885057,384"
20260122064500,cointelegraph.com,https://cointelegraph.com/news/x-starterpacks-bitcoin-crypto-top-accounts,X Launching New Tool to Help Users Find Top Crypto Accounts,"-1.15384615384615,1.73076923076923,2.88461538461538,4.61538461538462,20.7692307692308,1.92307692307692,460"
20260122211500,bitcoinmagazine.com,https://bitcoinmagazine.com/news/kansas-bill-for-strategic-bitcoin-reserve,Kansas Introduce Bill To Establish Strategic Bitcoin Reserve,"-0.408163265306122,2.04081632653061,2.44897959183673,4.48979591836735,25.3061224489796,0,447"
20260122211500,bitcoinmagazine.com,https://bitcoinmagazine.com/takes/judicial-rackets-judge-rakoff-and-the-fear-of-monetary-exit,Judicial Rackets: Judge Rakoff And The Fear Of Monetary Exit,"-7.76699029126213,2.9126213592233,10.6796116504854,13.5922330097087,20,0,488"
20260122211500,bitcoinmagazine.com,https://bitcoinmagazine.com/news/coinbase-forms-quantum-computing-board,Coinbase Forms Quantum Computing Advisory Board,"-0.432900432900433,5.19480519480519,5.62770562770563,10.8225108225108,25.974025974026,0,419"
20260128131500,newsbtc.com,https://www.newsbtc.com/bitcoin-news/bitcoin-break-out-fed-yen-jgb-chaos-arthur-hayes/,Bitcoin Won't Break Out Until The Fed Steps Into Yen/JGB Chaos,"-2.69121813031161,1.8413597733711,4.53257790368272,6.37393767705382,23.371104815864,0.84985835694051,640"
20260128131500,newsbtc.com,https://www.newsbtc.com/analysis/xrp/why-xrp-to-100-isnt-delusional/,Pundit Explains Why The XRP Price Hitting $100 Isn't Delusional,"-1.364522417154,1.364522417154,2.72904483430799,4.09356725146199,23.5867446393762,0,469"
20260128104500,cointelegraph.com,https://cointelegraph.com/news/okx-eu-crypto-card-regulated-issuer-monavate,OKX Launches Crypto Card In Europe For Stablecoin Payments,"2.01793721973094,2.91479820627803,0.896860986547085,3.81165919282511,23.9910313901345,0.448430493273543,405"
20260128104500,cointelegraph.com,https://cointelegraph.com/news/crypto-launderers-are-turning-away-from-centralized-exchanges-chainalysis,Crypto Laundering On Centralized Exchanges Declines: Report,"-4.19287211740042,0.419287211740042,4.61215932914046,5.0314465408805,20.335429769392,0.209643605870021,417"
20260128104500,cointelegraph.com,https://cointelegraph.com/news/us-treasury-theft-wallet-bundled-memecoin-crashes-97,Wallet Tied to Alleged US Crypto Theft Launches Memecoin,"-2.68292682926829,1.46341463414634,4.14634146341463,5.60975609756098,25.1219512195122,1.21951219512195,377"
20260128114500,coindesk.com,https://www.coindesk.com/business/2026/01/28/nomura-s-laser-digital-applies-for-u-s-national-trust-bank-to-offer-crypto-custody,Nomura's Laser Digital applies to open U.S. national trust bank for crypto custody,"2.68456375838926,3.35570469798658,0.671140939597315,4.02684563758389,22.4832214765101,1.00671140939597,279"
20260128114500,coindesk.com,https://www.coindesk.com/markets/2026/01/28/hype-token-s-30-surge-is-a-story-of-crypto-traditional-market-convergence-treasury-firm-says,Hyperliquid's HYPE surges 50% as crypto and tradfi worlds merge,"1.11317254174397,2.78293135435993,1.66975881261596,4.45269016697588,19.8515769944341,1.2987012987013,482"
20260301224500,cointelegraph.com,https://cointelegraph.com/news/bitcoin-undervalued-gold-potential-rally,Z Score of Bitcoin-to-Gold Ratio Signals 'Major' Rally Coming: Analyst,"0.709219858156029,2.83687943262411,2.12765957446809,4.9645390070922,22.4586288416076,0.236406619385343,373"
20260301224500,cointelegraph.com,https://magazine.cointelegraph.com/6-massive-challenges-bitcoin-faces-quantum-secure-post-quantum/,Bitcoin faces 6 massive challenges to become quantum secure,"-1.21002592912705,2.59291270527226,3.80293863439931,6.39585133967156,23.4658599827139,0.821089023336214,2041"
20260301220000,coindesk.com,https://www.coindesk.com/business/2026/03/01/bitcoin-losing-trillions-in-value-hasn-t-stopped-traditional-giants-interest-in-digital-assets-sector,Institutional crypto interest rebounds even as Bitcoin (BTC) falls 25%,"0.269179004037685,2.69179004037685,2.42261103633917,5.11440107671602,22.4764468371467,0.269179004037685,664"
20260301220000,coindesk.com,https://www.coindesk.com/business/2026/03/01/buyouts-and-bitcoin-inside-the-messy-boardroom-fight-at-a-treasury-company-that-may-span-to-others,Buyouts and bitcoin: Inside the messy proxy fight at BTC treasury company Empery Digital (EMPD),"-2.01484623541888,2.33297985153765,4.34782608695652,6.68080593849417,24.2841993637328,0,851"
20260301194500,newsbtc.com,https://www.newsbtc.com/news/bitcoin/spot-bitcoin-etfs-record-787-million-inflows-end-5-week-consecutive-outflows/,"Spot Bitcoin ETFs Record $787 Million Inflows, End 5-Weeks Of Consecutive Outlows","-0.65934065934066,1.75824175824176,2.41758241758242,4.17582417582418,19.7802197802198,0,422"
20260301194500,newsbtc.com,https://www.newsbtc.com/news/bitcoin/heres-why-bitcoin-must-hold-crucial-support-at-63111-analyst/,"Here's Why Bitcoin Must Hold Crucial Support At $63,111","-2.42825607064018,2.86975717439294,5.29801324503311,8.16777041942605,24.2825607064018,0,418"
20260203054500,coindesk.com,https://www.coindesk.com/markets/2026/02/03/musk-s-spacex-xai-mega-deal-sharpens-focus-on-bitcoin-accounting-ahead-of-ipo,What happens to SpaceX's $650 million bitcoin after mega deal with Elon Musk's xAI,"-1.2012012012012,2.7027027027027,3.9039039039039,6.60660660660661,20.4204204204204,0.900900900900901,300"
20260203054500,coindesk.com,https://www.coindesk.com/markets/2026/02/03/here-is-why-ethereum-s-brutal-stumble-looks-exactly-like-the-start-of-the-last-bull-run-asia-morning-briefing,Here is why ETH's 'brutal stumble' looks exactly like the start of the last bull run: Asia Morning Briefing,"-0.675675675675676,3.24324324324324,3.91891891891892,7.16216216216216,24.4594594594595,0.405405405405405,665"
20260203054500,coindesk.com,https://www.coindesk.com/markets/2026/02/03/bitcoin-ether-and-major-tokens-stage-relief-rally-after-weekend-bloodbath,"Bitcoin price news: What next as BTC, ETH, SOL rally 8% from weekly lows","-2.12264150943396,2.83018867924528,4.95283018867925,7.78301886792453,18.3962264150943,0.707547169811321,371"
20260203054500,coindesk.com,https://www.coindesk.com/markets/2026/02/02/crypto-bear-market-is-nearing-end-with-usd60k-as-key-bitcoin-floor-compass-point-analysts-say,"Crypto bear market is nearing end, with $60K as key bitcoin (BTC) floor, Compass Point analysts say","-2.03045685279188,1.26903553299492,3.2994923857868,4.56852791878173,29.9492385786802,2.03045685279188,355"
20260203060000,cointelegraph.com,https://cointelegraph.com/news/trump-denies-involvement-500m-uae-wlfi-stake,Trump Denies Involvement in $500M Abu Dhabi WLFI Stake,"0,1.91489361702128,1.91489361702128,3.82978723404255,20.2127659574468,0.851063829787234,420"
20260203060000,cointelegraph.com,https://cointelegraph.com/news/hyperliquid-supports-predictions-market-proposal,HYPE Rises 20% After Hyperliquid Backs Prediction Markets,"0.684931506849315,1.36986301369863,0.684931506849315,2.05479452054794,23.6301369863014,0,257"
20260203060000,cointelegraph.com,https://cointelegraph.com/news/bitcoin-flash-crash-recovery-to-dollar100k-may-take-6-months-analyst,BTC Faces Possible 6 Month Recovery After Key Price Level Was Lost,"-0.878734622144113,0.878734622144113,1.75746924428823,2.63620386643234,22.4956063268893,0,484"
20260203060000,cointelegraph.com,https://cointelegraph.com/news/ism-manufacturing-pmi-rise-bullish-bitcoin,ISM Manufacturing PMI Rise is Bullish For Bitcoin,"-0.576923076923077,1.15384615384615,1.73076923076923,2.88461538461538,24.8076923076923,0.769230769230769,460"
20260203044500,newsbtc.com,https://www.newsbtc.com/news/ethereum/ethereum-faces-high-stakes-moment-at-2200-as-whale-longs-clash-with-bearish-flow-data/,"Ethereum Faces High-Stakes Moment at $2,200 as Whale Longs Clash With Bearish Flow Data","-6.56779661016949,1.0593220338983,7.6271186440678,8.6864406779661,25.635593220339,0,418"
20260203044500,newsbtc.com,https://www.newsbtc.com/bitcoin-news/70-bitcoin-crash-incoming-cryptoquant-ceo/,70% Bitcoin Crash Incoming? CryptoQuant CEO Says It Depends,"-3.2258064516129,2.41935483870968,5.64516129032258,8.06451612903226,26.4516129032258,0.161290322580645,562"
20260203044500,newsbtc.com,https://www.newsbtc.com/analysis/btc/bitcoin-price-attempts-comeback-80k/,"Bitcoin Price Attempts A Comeback, But Follow-Through Remains Thin","0.212765957446809,2.76595744680851,2.5531914893617,5.31914893617021,27.2340425531915,0,412"
20260203044500,newsbtc.com,https://www.newsbtc.com/analysis/eth/ethereum-price-struggles-at-2365/,"Ethereum Price Struggles At Resistance, Opening Door To Renewed Losses","-0.856531049250536,2.56959314775161,3.42612419700214,5.99571734475375,27.8372591006424,0,418"
20260203044500,newsbtc.com,https://www.newsbtc.com/analysis/xrp/xrp-price-weakness-persists-1-650/,XRP Price Weakness Persists With Bears Eyeing A New Leg Lower,"-0.426439232409382,2.13219616204691,2.55863539445629,4.6908315565032,28.7846481876333,0,432"
20260203044500,newsbtc.com,https://www.newsbtc.com/xrp-news/xrp-market-structure-similar-april-2022-glassnode/,"XRP Market Structure ""Very Similar"" To April 2022, Glassnode Says","0,1.54142581888247,1.54142581888247,3.08285163776493,30.0578034682081,0,487"
20260203044500,newsbtc.com,https://www.newsbtc.com/news/bitcoin/bitcoin-etf-investors-pull-2-8b-in-2-weeks-pushing-average-buy-below-water/,"Bitcoin ETF Investors Pull $2.8B In 2 Weeks, Pushing Average Buy Below Water","-3.04761904761905,1.52380952380952,4.57142857142857,6.09523809523809,25.7142857142857,0.571428571428571,487"
20260113180000,newsbtc.com,https://www.newsbtc.com/bitcoin-news/bitcoin-and-the-stock-market/,What's Going On With Bitcoin And The Stock Market? Analyst Breaks It Down,"-1.98915009041591,2.53164556962025,4.52079566003617,7.05244122965642,26.4014466546112,0.54249547920434,506"
20260113181500,cointelegraph.com,https://cointelegraph.com/news/bitcoin-attempts-92k-breakout-stocks-new-record-low-us-cpi-data,Bitcoin Price Gains 1.5% as Risk Assets Celebrate US CPI Print,"-0.474683544303797,1.26582278481013,1.74050632911392,3.00632911392405,19.9367088607595,1.74050632911392,562"
20260113181500,cointelegraph.com,https://cointelegraph.com/news/global-central-banks-back-powell-warn-fed-independence-crypto-impact,"Global Central Banks Back Powell, Warn Fed Pressure Could Shake Markets","-2.03160270880361,3.16027088036117,5.19187358916479,8.35214446952596,24.6049661399549,0.90293453724605,407"
20260113181500,cointelegraph.com,https://cointelegraph.com/news/bitcoin-shrugs-off-clarity-act-delay-by-rallying-above-dollar93k,BTC Breaks $93K as CLARITY Act Delay Tests Markets' Patience,"-0.899280575539568,3.05755395683453,3.9568345323741,7.01438848920863,21.9424460431655,0.359712230215827,506"
20260113181500,cointelegraph.com,https://cointelegraph.com/news/monero-all-time-high-privacy-coins-regulation,Monero Surges to Record as Privacy Coins Outperform,"-2.13776722090261,0.950118764845606,3.08788598574822,4.03800475059382,18.5273159144893,0.237529691211401,377"
20260113181500,cointelegraph.com,https://cointelegraph.com/explained/stablecoins-vs-bitcoin-salaries-why-regulation-pushes-one-ahead-of-the-other,Stablecoins or Bitcoin Salaries? How Regulation Is Shaping Pay Choices,"-1.26960418222554,3.06198655713219,4.33159073935773,7.39357729648992,20.6870799103809,0.448095593726662,1265"
20260113181500,cointelegraph.com,https://cointelegraph.com/news/ingenico-walletconnect-in-store-stablecoin-payments,Ingenico Brings Stablecoin Payments to In-Store Checkout,"1.48849797023004,2.43572395128552,0.94722598105548,3.382949932341,25.9810554803789,0.40595399188092,667"
20260113181500,cointelegraph.com,https://cointelegraph.com/news/bitcoin-gold-correlation-signals-at-least-50-btc-price-gains-by-march,Bitcoin-Gold Correlation Signals 50% or More BTC Price Gains by March,"1.37931034482759,3.90804597701149,2.52873563218391,6.4367816091954,21.8390804597701,0.459770114942529,380"
20260226094500,cointelegraph.com,https://cointelegraph.com/news/sygnum-launches-professional-crypto-treasury-management-services-embargo,Sygnum Select Launches Institutional Crypto Treasury Service,"1.44329896907217,3.50515463917526,2.06185567010309,5.56701030927835,19.3814432989691,0.206185567010309,428"
20260226094500,cointelegraph.com,https://cointelegraph.com/news/allunity-swiss-franc-stablecoin-chfau-mica,AllUnity Launches Swiss Franc Stablecoin CHFAU,"0.71301247771836,1.42602495543672,0.71301247771836,2.13903743315508,18.0035650623886,0.35650623885918,514"
20260226114500,newsbtc.com,https://www.newsbtc.com/bitcoin-news/bitcoin-price-surges-8-key-drivers-behind-the-recovery-toward-70000/,"Bitcoin Price Surges 8% &#x2014; Key Drivers Behind The Recovery Toward $70,000","-1.61290322580645,2.68817204301075,4.3010752688172,6.98924731182796,23.8351254480287,0.17921146953405,518"
20260226114500,newsbtc.com,https://www.newsbtc.com/news/coinbase/coinbase-stablecoin-revenue-could-surge-7x-under-genius-act-bloomberg-analysts-say/,"Coinbase Stablecoin Revenue Could Surge 7x Under GENIUS Act, Bloomberg Analysts Say","2.31660231660232,4.05405405405405,1.73745173745174,5.79150579150579,20.4633204633205,0.193050193050193,467"
20260226114500,newsbtc.com,https://www.newsbtc.com/news/cardano/cardano-sharks-whales-accumulate-819m-ada-price/,Cardano Sharks & Whales Quietly Accumulate 819M ADA Amid Price Decline,"0.623700623700624,1.03950103950104,0.415800415800416,1.45530145530146,27.2349272349272,0.207900207900208,441"
20260106103000,cointelegraph.com,https://cointelegraph.com/news/bitcoin-buying-metric-with-average-109-gains-flips-green-at-88k,Institutional Bitcoin Buys Exceed Mined Supply by 76%,"-0.392927308447937,2.75049115913556,3.1434184675835,5.89390962671906,22.9862475442043,0.392927308447937,459"
20260106111500,coindesk.com,https://www.coindesk.com/markets/2026/01/06/u-s-national-debt-reaches-new-high-of-usd38-5-trillion,US national debt surges to $38.5 trillion. Here's what it means for bitcoin,"-4.13669064748201,1.79856115107914,5.93525179856115,7.73381294964029,24.1007194244604,1.07913669064748,512"
20260106111500,coindesk.com,https://www.coindesk.com/markets/2026/01/06/here-s-why-bitcoin-and-major-tokens-are-seeing-a-strong-start-to-2026,"Bitcoin price forecast: Here's why BTC, ETH, SOL, XRP, DOGE are seeing a strong 2026","-1.70212765957447,3.08510638297872,4.78723404255319,7.87234042553191,24.5744680851064,0.319148936170213,838"
20260106111500,coindesk.com,https://www.coindesk.com/markets/2026/01/06/copper-gold-and-bitcoin-a-macro-signal-to-watch,"Copper, gold and BTC: A macro signal to watch","0.29673590504451,3.56083086053412,3.26409495548961,6.82492581602374,21.3649851632047,0.890207715133531,306"
20260111084500,cointelegraph.com,https://cointelegraph.com/news/bitcoin-elon-musk-adoption-jan3-samson-mow,Samson Mow Tips Elon Musk Will 'Go Hard' Into Bitcoin In 2026,"0,2.36686390532544,2.36686390532544,4.73372781065089,21.301775147929,0.788954635108481,437"
20260221180000,newsbtc.com,https://www.newsbtc.com/news/bitcoin/bitcoin-options-update-market-panic-fades-but-traders-remain-defensive-details/,Bitcoin Options Update: Market Panic Fades But Traders Remain Defensive,"-6.45756457564576,1.29151291512915,7.74907749077491,9.04059040590406,25.2767527675277,0,510"
20260221160000,cointelegraph.com,https://cointelegraph.com/news/what-next-crypto-europe-ecb-christine-lagarde,What's Next for Crypto in EU After Lagarde Leaves?,"-0.0877963125548726,2.8972783143108,2.98507462686567,5.88235294117647,22.9148375768218,0.526777875329236,1068"
20260221160000,cointelegraph.com,https://cointelegraph.com/news/iotex-investigates-token-safe-suspicious-activity-4-3m-loss,IoTeX Investigates Token Safe Incident as Analysts Estimate $4.3M Loss,"-7.17948717948718,1.79487179487179,8.97435897435897,10.7692307692308,22.3076923076923,0.256410256410256,360"
20260204133000,newsbtc.com,https://www.newsbtc.com/analysis/xrp/xrp-hit-a-golden-pocket-relief/,"XRP Just Hit A Golden Pocket, Relief Bounce Puts Price At $2.5","1.34357005758157,3.6468330134357,2.30326295585413,5.95009596928983,24.9520153550864,0,502"
20260204133000,newsbtc.com,https://www.newsbtc.com/bitcoin-news/bitcoin-80000-final-capitulation-event-checkonchain/,"Bitcoin Drop Below $80,000 May Not Be The Final Capitulation Event, Checkonchain Says","-2.37623762376238,1.58415841584158,3.96039603960396,5.54455445544555,31.6831683168317,0.198019801980198,474"
20260204133000,newsbtc.com,https://www.newsbtc.com/news/solana/standard-chartered-cuts-2026-solana-prediction/,"Standard Chartered Cuts 2026 Solana Target, Eyes $2,000 By 2030","-1.18110236220472,1.37795275590551,2.55905511811024,3.93700787401575,22.4409448818898,0.393700787401575,444"
20260204143000,coindesk.com,https://www.coindesk.com/daybook-us/2026/02/04/how-your-brain-may-drive-bitcoin-higher,How your brain may drive the price of bitcoin (BTC) higher: Crypto Daybook Americas,"-1.42215568862275,1.64670658682635,3.0688622754491,4.71556886227545,17.5149700598802,0.374251497005988,1140"
20260204143000,coindesk.com,https://www.coindesk.com/business/2026/02/04/crypto-s-wealthy-investors-and-industry-leaders-see-ipo-hype-waning-in-2026,Crypto's wealthy investors and industry leaders see IPO hype waning in 2026,"0.36764705882353,1.83823529411765,1.47058823529412,3.30882352941176,19.8529411764706,1.10294117647059,245"
20260204143000,coindesk.com,https://www.coindesk.com/markets/2026/02/04/ark-invest-goes-on-usd19m-buying-spree-as-crypto-stocks-nurse-losses,ARK Invest goes on $19 million buying spree as crypto stocks nurse losses,"0,2.32558139534884,2.32558139534884,4.65116279069767,18.6046511627907,1.16279069767442,228"
20260204143000,coindesk.com,https://www.coindesk.com/business/2026/02/04/trm-labs-hits-unicorn-status-in-usd70-million-fund-raise-with-goldman-s-participation,TRM Labs hits unicorn status in $70 million raise as crypto crime-fighting needs grow,"-0.980392156862745,1.96078431372549,2.94117647058824,4.90196078431373,20.2614379084967,0.980392156862745,273"
20260204143000,coindesk.com,https://www.coindesk.com/business/2026/02/04/proshares-unveils-first-u-s-etf-that-lets-you-buy-the-top-20-cryptos-at-once,ProShares introduces first CoinDesk 20 Crypto ETF under ticker KRYP,"-1.87793427230047,0.469483568075117,2.34741784037559,2.8169014084507,20.18779342723,1.40845070422535,197"
20260204143000,coindesk.com,https://www.coindesk.com/markets/2026/02/04/bitcoin-s-thinnest-price-zone-hints-at-extended-stay-between-usd70-000-and-usd80-000,"BTC's thinnest price zone between $70,000 and $80,000","1.47058823529412,3.23529411764706,1.76470588235294,5,23.8235294117647,0.882352941176471,306"
20260204143000,coindesk.com,https://www.coindesk.com/markets/2026/02/04/january-rally-bolsters-near-term-outlook-for-bitcoin-mining-stocks-jpmorgan-says,Bitcoin (BTC) mining stocks rallied in January despite softer BTC prices: JPMorgan,"0,3.67816091954023,3.67816091954023,7.35632183908046,23.2183908045977,0.689655172413793,393"
20260204143000,coindesk.com,https://www.coindesk.com/markets/2026/02/04/crypto-steadies-after-selloff-as-bitcoin-ether-rebound-from-multiyear-lows,"Crypto steadies after selloff as bitcoin, ether rebound from multiyear lows: Crypto Markets  Today","-2.3121387283237,1.92678227360308,4.23892100192678,6.16570327552987,20.4238921001927,0.578034682080925,455"
20260204143000,coindesk.com,https://www.coindesk.com/markets/2026/02/04/bitcoin-nears-pre-election-floor-as-etf-flows-stall-citi-says,"Bitcoin (BTC) price nears pre-election floor as ETF flows stall, Citi says","-3.98773006134969,1.84049079754601,5.8282208588957,7.66871165644172,26.9938650306748,0.920245398773006,307"
20260107204500,newsbtc.com,https://www.newsbtc.com/news/bitcoin/bitcoin-price-break-94000/,"Here's Why the Bitcoin Price Was Able To Break $94,000","-1.80360721442886,2.00400801603206,3.80761523046092,5.81162324649299,22.4448897795591,0.400801603206413,448"
20260107204500,newsbtc.com,https://www.newsbtc.com/analysis/xrp/xrp-mirrors-gold-trajectory/,XRP Mirrors Gold's Trajectory: What A Similar ATH Rally Would Mean,"2.02578268876611,3.31491712707182,1.28913443830571,4.60405156537753,21.5469613259669,0,491"
20260107204500,newsbtc.com,https://www.newsbtc.com/analysis/xrp/xrp-legendary-move/,Why XRP Is About To Experience A Legendary Next 3 Months,"2.2181146025878,3.3271719038817,1.1090573012939,4.4362292051756,21.81146025878,0,494"
20260107204500,newsbtc.com,https://www.newsbtc.com/bitcoin-news/bitcoin-emerges-as-a-hedge/,Bitcoin Emerges As A Hedge Amid Rising Global Geopolitical Tensions,"-1.01626016260163,2.84552845528455,3.86178861788618,6.70731707317073,23.3739837398374,0,457"
20260107200000,bitcoinmagazine.com,https://bitcoinmagazine.com/news/dow-jones-to-add-polymarket-data,Dow Jones Adding Polymarket Data Across News Platforms,"2.57611241217799,3.04449648711944,0.468384074941452,3.51288056206089,21.0772833723653,0,392"
20260107200000,bitcoinmagazine.com,https://bitcoinmagazine.com/markets/strategy-mstr-jumps-7-after-msci-news,Strategy ($MSTR) Jumps 7% On Positive MSCI News,"-0.816326530612244,3.6734693877551,4.48979591836735,8.16326530612245,20.4081632653061,0,451"
20260114204500,cointelegraph.com,https://cointelegraph.com/news/bitwise-european-seven-nasdaq-stockholm-crypto-etps,"Bitwise Lists Seven Crypto ETPs on Nasdaq Stockholm, Expands European Reach","-0.73170731707317,1.46341463414634,2.19512195121951,3.65853658536585,16.5853658536585,0.975609756097561,379"
20260114204500,cointelegraph.com,https://cointelegraph.com/news/bitcoin-hits-2026-high-above-dollar97k-data-shows-sufficient-fuel-for-higher-prices,Bitcoin Hits 2026 High At $97K: What's Next?,"-0.677966101694915,2.03389830508475,2.71186440677966,4.74576271186441,25.5932203389831,0.169491525423729,525"
20260114204500,cointelegraph.com,https://cointelegraph.com/news/price-predictions-1-14-btc-eth-xrp-bnb-sol-doge-ada-xmr-bch-link,"Bitcoin Hits $97K, Altcoins Soar: Is The Bull Market Back?","-0.142959256611865,2.07290922087205,2.21586847748392,4.28877769835597,25.6611865618299,0.0714796283059328,1310"
20260114204500,cointelegraph.com,https://cointelegraph.com/news/cleanspark-mining-ai-hpc-texas-acquisition,"Bitcoin Miner CleanSpark Continues Expansion into AI, HPC with Acquisition","0,2.46478873239437,2.46478873239437,4.92957746478873,22.1830985915493,0,257"
20260114204500,cointelegraph.com,https://cointelegraph.com/news/xrp-tops-dollar2-as-tradfi-piles-in-do-charts-predict-new-highs-in-2026,"XRP Holds $2, But Can TradFi Investors Generate New All-Time Highs?","0.185185185185186,2.03703703703704,1.85185185185185,3.88888888888889,22.037037037037,0,475"
20260114211500,bitcoinmagazine.com,https://bitcoinmagazine.com/markets/bitcoin-price-explodes-past-97000,"Bitcoin Price Explodes Past $97,000 As Traders Eye $100,000","-1.93637621023513,2.76625172890733,4.70262793914246,7.46887966804979,22.9598893499308,0,649"
20260114211500,bitcoinmagazine.com,https://bitcoinmagazine.com/news/dz-bank-prepares-crypto-trading-rollout,Germany's DZ Bank Prepares Nationwide Crypto Trading Rollout,"1.82555780933063,2.23123732251521,0.405679513184584,2.6369168356998,21.0953346855984,0,456"
20260114211500,bitcoinmagazine.com,https://bitcoinmagazine.com/markets/strategy-mstr-stock-soars-10-percent,"Strategy ($MSTR) Stock Soars 10% As Bitcoin Nears $100,000","-0.218340611353712,5.45851528384279,5.67685589519651,11.1353711790393,22.2707423580786,0,413"
20260114214500,newsbtc.com,https://www.newsbtc.com/news/ethereum/ethereum-outlook-has-improved/,"Ethereum Outlook Has Improved, And It Could Outperform Bitcoin","2.40963855421687,3.4136546184739,1.00401606425703,4.41767068273092,24.8995983935743,0.200803212851406,448"
20260114214500,newsbtc.com,https://www.newsbtc.com/bitcoin-news/btc-breaks-higher-as-record-bitcoin-etf-inflows-trigger-wave-of-bearish-liquidations/,BTC Breaks Higher as Record Bitcoin ETF Inflows Trigger Wave of Bearish Liquidations,"-1.19760479041916,2.39520958083832,3.59281437125748,5.98802395209581,22.9540918163673,0,438"
20260114214500,newsbtc.com,https://www.newsbtc.com/news/monero-xmr/monero-xmr-pushes-to-new-highs-as-privacy-demand-outpaces-regulatory-pressure/,Monero (XMR) Pushes to New Highs as Privacy Demand Outpaces Regulatory Pressure,"-1.25223613595707,2.14669051878354,3.39892665474061,5.54561717352415,23.613595706619,0,522"
20260114214500,newsbtc.com,https://www.newsbtc.com/breaking-news-ticker/zcash-foundation-investigation-closed-sec-decision-sparks-12-jump-in-zec-price/,Zcash Foundation Investigation Closed: SEC Decision Sparks 12% Jump In ZEC Price,"0.93167701863354,2.17391304347826,1.24223602484472,3.41614906832298,16.4596273291925,0.31055900621118,295"
20260114191500,bitcoinmagazine.com,https://bitcoinmagazine.com/news/human-rights-foundation-1-3b-satoshis,Human Rights Foundation Gives 1.3B Satoshis To 22 Projects,"-0.954653937947493,5.1909307875895,6.14558472553699,11.3365155131265,20.7040572792363,0,1498"
20260119084500,cointelegraph.com,https://cointelegraph.com/news/saylor-hints-even-bigger-buy-after-1-25b-purchase-last-week,Saylor Hints Strategy May Buy Even More Bitcoin After $1.25 billion Splurge,"0.588235294117647,2.94117647058824,2.35294117647059,5.29411764705882,21.7647058823529,0,303"
20260119084500,cointelegraph.com,https://cointelegraph.com/news/crypto-mining-rig-maker-canaan-nasdaq-delisting-warning,Nasdaq Tells Canaan to Boost Share Price or Face Delisting,"2.61569416498994,3.82293762575453,1.20724346076459,5.03018108651912,25.5533199195171,0.201207243460765,461"
20260119084500,cointelegraph.com,https://cointelegraph.com/news/bitcoin-down-gold-futures-up-europe-threatens-trade-bazooka,"Bitcoin Drops $3,500 As EU Threatens Trump Tariff Retaliation","-6.6147859922179,0.972762645914397,7.5875486381323,8.56031128404669,21.5953307392996,0.972762645914397,461"
20260119084500,cointelegraph.com,https://cointelegraph.com/news/binance-australia-brings-fiat-back-after-being-debanked-for-2-years,Binance Australia Restores Direct Bank and PayID Transfers for User,"-2.75387263339071,2.75387263339071,5.50774526678141,8.26161790017212,24.0963855421687,1.89328743545611,519"
20260119084500,cointelegraph.com,https://cointelegraph.com/news/bitcoin-hashrate-falls-under-1-zetahash-second,Bitcoin Hashrate Falls Under 1 ZH/s For First Time in Months,"-1.72413793103448,1.72413793103448,3.44827586206897,5.17241379310345,22.1264367816092,0,306"
20260119084500,cointelegraph.com,https://cointelegraph.com/news/analysts-tip-risk-appetite-return-bitcoin-futures-oi-climbs-13,Bitcoin Open Interest Recovers 13% As Options Flip Futures,"-1.64533820840951,2.37659963436929,4.02193784277879,6.39853747714808,23.9488117001828,0,480"
20260119084500,cointelegraph.com,https://cointelegraph.com/explained/why-wrench-attacks-are-becoming-one-of-the-most-violent-forms-of-crypto-crimes,Why Wrench Attacks Are Becoming Crypto's Most Violent Crime,"-6.44067796610169,3.30508474576271,9.74576271186441,13.0508474576271,25.4237288135593,0.338983050847458,1077"
20260104064500,cointelegraph.com,https://cointelegraph.com/news/bitcoin-ethereum-crypto-etfs-inflows-strong,Bitcoin And Ether ETFs Pull In $646M Inflows On First Trading Day Of 2026,"-3.05882352941176,0.235294117647059,3.29411764705882,3.52941176470588,20.7058823529412,1.64705882352941,378"
20260104064500,cointelegraph.com,https://cointelegraph.com/magazine/crypto-phishing-attacks-defi-kain-warwick-ethereum-hodlers-digest/,"DeFi pioneer loses $50K Ethereum bet, crypto phishing falls: Hodler's Digest, Dec. 21 &#x2013; Jan. 3 &#x2013; Cointelegraph Magazine","-1.58636897767333,2.35017626321974,3.93654524089307,6.28672150411281,20.5052878965922,0.528789659224442,1528"
20260104070000,coindesk.com,https://www.coindesk.com/markets/2026/01/04/bitcoin-tops-usd91-000-with-ether-dogecoin-higher-amid-u-s-action-on-venezuela,"Bitcoin, ether price news: BTC surges above $91,000 as Trump ousts Venezuela dictator","-2.97029702970297,0.742574257425743,3.71287128712871,4.45544554455445,20.5445544554455,0.99009900990099,364"
20260104070000,coindesk.com,https://www.coindesk.com/markets/2026/01/04/dogecoin-pops-4-amid-memecoin-rally-as-a-short-term-golden-cross-flashes,Dogecoin price news: What next as DOGE flashes short-term golden cross,"0.754716981132076,2.89308176100629,2.13836477987421,5.0314465408805,23.6477987421384,0.377358490566038,683"
20260207183000,newsbtc.com,https://www.newsbtc.com/news/bitcoin/bitcoin-mvrv-falls-into-0-10-zone-is-a-recovery-underway/,Bitcoin MVRV Falls Into 0&#x2013;10% Zone &#x2014; Is A Recovery Underway?,"-1.09289617486339,3.55191256830601,4.6448087431694,8.19672131147541,22.1311475409836,0,345"
20260207190000,cointelegraph.com,https://cointelegraph.com/news/what-crashed-bitcoin-three-theories-btc-trip-below-60k,What Crashed Bitcoin? 3 Theories Behind BTC's 40% Price Dip in a Month,"-4.14746543778802,0.614439324116744,4.76190476190476,5.37634408602151,23.3486943164363,0,579"
20260207194500,coindesk.com,https://www.coindesk.com/markets/2026/02/07/bitcoin-falls-below-usd70-000-after-erasing-post-election-gains-during-sell-at-any-price-rout,Bitcoin price news: BTC erases post-election gains during 'sell at any price' rout,"-3.01047120418848,1.70157068062827,4.71204188481675,6.41361256544503,24.6073298429319,0.523560209424084,700"
20260207194500,coindesk.com,https://www.coindesk.com/business/2026/02/07/sol-focused-forward-industries-has-had-a-tough-run-but-cio-says-it-s-positioned-for-success,Forward Industries (FWDI) is well positioned to consolidate the digital asset treasury sector,"0.10989010989011,3.51648351648352,3.40659340659341,6.92307692307692,27.032967032967,1.0989010989011,816"
20260207194500,coindesk.com,https://www.coindesk.com/markets/2026/02/07/cardano-s-charles-hoskinson-reveals-usd3-billion-unrealized-loss-in-crypto-rout,Cardano's (ADA) Hoskinson isn't selling after losing $3 billion in market crash,"-4.09638554216867,0.963855421686747,5.06024096385542,6.02409638554217,25.3012048192771,1.20481927710843,380"
20260207194500,coindesk.com,https://www.coindesk.com/markets/2026/02/07/bitcoin-s-50-drop-isn-t-a-crisis-says-hedge-fund-veteran-gary-bode,"Bitcoin price analysis: BTC's downside volatility is a feature, not a crisis, says hedge funder","-1.98265179677819,3.09789343246592,5.08054522924411,8.17843866171004,29.7397769516729,0.743494423791822,731"
20260228034500,cointelegraph.com,https://cointelegraph.com/news/morgan-stanley-applies-bank-charter-custody-trade-stake-crypto,Morgan Stanley Applies US Bank Charter for Crypto Custody,"4.60048426150121,5.08474576271187,0.484261501210654,5.56900726392252,21.7917675544794,0.484261501210654,378"
20260228063000,newsbtc.com,https://www.newsbtc.com/bitcoin-news/the-distribution-trap-why-bitcoins-reserve-growth-proves-sellers-still-hold-the-tape/,The Distribution Trap: Why Bitcoin's Reserve Growth Proves Sellers Still Hold The Tape,"-3.37738619676946,1.76211453744493,5.13950073421439,6.90161527165932,23.201174743025,0,632"
20260228063000,newsbtc.com,https://www.newsbtc.com/news/bitcoin/bitcoin-etf-investors-diamond-hands-6-5b-outflows/,Bitcoin ETF Investors Show Diamond Hands: Only $6.5B Outflows,"-1.41843971631206,2.12765957446809,3.54609929078014,5.67375886524823,21.9858156028369,0.354609929078014,508"
20260228063000,newsbtc.com,https://www.newsbtc.com/news/solana/solana-support-levels-sit-50-22-and-10-analyst/,"Solana's Next Major Support Levels Sit At $50, $22, And $10: Analyst","0.569259962049336,1.89753320683112,1.32827324478178,3.2258064516129,30.3605313092979,0,491"
20260124214500,cointelegraph.com,https://cointelegraph.com/news/bitcoin-nodes-run-bip-110-crosses-2,BIP-110 Temporary Soft Fork Adopted by Over 2% of Bitcoin Nodes,"-5.77777777777778,1.11111111111111,6.88888888888889,8,20.6666666666667,0,407"
20260124191500,coindesk.com,https://www.coindesk.com/policy/2026/01/24/ukraine-banned-polymarket-and-there-s-no-legal-way-for-it-to-come-back,Ukraine banned Polymarket and there's no legal way for it to come back,"-3.99361022364217,0.958466453674121,4.95207667731629,5.91054313099042,21.8849840255591,0.638977635782748,583"
20260124191500,coindesk.com,https://www.coindesk.com/markets/2026/01/24/here-s-what-bitcoin-bulls-are-saying-as-price-remains-stuck-during-global-rally,"Bitcoin price analysis: BTC bulls mull price weakness as gold soars near $5,000","0.338218714768884,5.07328072153326,4.73506200676437,9.80834272829763,23.9007891770011,1.01465614430665,809"
20260124191500,newsbtc.com,https://www.newsbtc.com/news/bitcoin/bitcoin-metric-suggests-miners-in-recovery-mode/,Bitcoin Metric Suggests Miners Are In Recovery Mode &#x2014; Price To Follow?,"0.619834710743802,3.71900826446281,3.09917355371901,6.81818181818182,25.2066115702479,0.206611570247934,452"
20260107053000,cointelegraph.com,https://cointelegraph.com/news/quantum-threat-bitcoin-beyond-wallets-coinbase,Quantum Threat to Bitcoin Goes Beyond Just Threat to Cold Wallets,"-5.27472527472527,2.85714285714286,8.13186813186813,10.989010989011,25.0549450549451,0.659340659340659,408"
20260107053000,cointelegraph.com,https://cointelegraph.com/news/bitcoin-etfs-come-into-year-like-lion,Bitcoin ETFs See $1.2B In Early 2026 Inflows,"-0.45766590389016,1.60183066361556,2.05949656750572,3.66132723112128,21.2814645308924,0.91533180778032,376"
20260107060000,newsbtc.com,https://www.newsbtc.com/bitcoin-news/bitcoin-enters-accumulation-regime-market-supported-by-seller-exhaustion-not-buying-surge/,"Bitcoin Enters Accumulation Regime: Market Supported By Seller Exhaustion, Not Buying Surge","-4.63215258855586,2.17983651226158,6.81198910081744,8.99182561307902,30.6539509536785,0,684"
20260107060000,newsbtc.com,https://www.newsbtc.com/bitcoin-news/bitcoin-accumulation-institutions-net-buyers-again/,Bitcoin Accumulation: Data Shows Institutions Are Net Buyers Again,"0.613496932515338,1.6359918200409,1.02249488752556,2.65848670756646,27.4028629856851,0,463"
20260107060000,newsbtc.com,https://www.newsbtc.com/analysis/btc/bitcoin-price-signs-of-pullback-94k/,Bitcoin Price Shows Early Signs of a Pullback After Recent Run,"1.48936170212766,3.40425531914894,1.91489361702128,5.31914893617021,27.4468085106383,0,416"
20260107060000,newsbtc.com,https://www.newsbtc.com/analysis/eth/ethereum-price-upside-story-isnt-finished-3200/,"Ethereum Price Upside Story Isn't Finished Yet, Charts Suggest","1.31578947368421,3.50877192982456,2.19298245614035,5.70175438596491,28.2894736842105,0,410"
20260107060000,newsbtc.com,https://www.newsbtc.com/analysis/solana-sol-holds-support-136/,"Solana (SOL) Holds Support Post-Gains, Testing Bull Conviction","1.67064439140812,3.81861575178998,2.14797136038186,5.96658711217184,30.0715990453461,0.238663484486874,400"
20260107060000,newsbtc.com,https://www.newsbtc.com/analysis/xrp/xrp-price-moves-sideways-2-20/,"XRP Price Moves Sideways, Setting Up a Potential Dip-Buy Zone","0.814663951120163,3.05498981670061,2.24032586558045,5.29531568228106,28.1059063136456,0,457"
20260107070000,coindesk.com,https://www.coindesk.com/markets/2026/01/07/asia-morning-briefing-bitcoin-holds-steady-above-usd90k-as-fresh-money-returns-to-crypto,Asia Morning Briefing: Bitcoin holds steady above $90K as fresh money returns to crypto,"0,2.89855072463768,2.89855072463768,5.79710144927536,23.5104669887279,0.644122383252818,557"
20260107070000,coindesk.com,https://www.coindesk.com/markets/2026/01/07/bitcoin-miners-chase-ai-demand-as-nvidia-says-rubin-is-already-in-production,Bitcoin miners chase AI demand as Nvidia says Rubin is already in production,"1.63934426229508,2.81030444964871,1.17096018735363,3.98126463700234,22.0140515222482,0.702576112412178,393"
20260107070000,coindesk.com,https://www.coindesk.com/markets/2026/01/07/xrp-could-outperform-bitcoin-as-xrp-btc-chart-shows-rare-ichimoku-breakout-since-2018,XRP price prediction: Ripple vs bitcoin chart sets up rare breakout,"-0.891530460624071,2.22882615156018,3.12035661218425,5.34918276374443,25.111441307578,0.445765230312036,624"
20260103123000,newsbtc.com,https://www.newsbtc.com/news/bitcoin/bitcoin-price-crosses-90000-holiday-rally/,"Bitcoin Price Crosses $90,000 In Post-Holiday Rally &#x2014; But Don't Get Excited Yet","0,1.68067226890756,1.68067226890756,3.36134453781513,26.4705882352941,0,435"
20260103123000,newsbtc.com,https://www.newsbtc.com/news/bitcoin/bitcoin-bulls-to-reclaim-market-when-price-closes-above-this-level-analyst/,Bitcoin Bulls To Reclaim Market When Price Closes Above This Level,"1.11111111111111,2,0.888888888888889,2.88888888888889,21.1111111111111,0.888888888888889,408"
20260103163000,cointelegraph.com,https://cointelegraph.com/news/bitcoin-price-back-90k-is-the-bear-market-behind-us,Macro Fears Cap Bitcoin Upside Despite 3-Week High,"-3.14547837483617,2.75229357798165,5.89777195281782,8.65006553079948,22.0183486238532,1.17955439056356,685"
20260103170000,newsbtc.com,https://www.newsbtc.com/news/bitcoin/bitcoin-sharpe-ratio-flips-into-negative-territory/,Bitcoin Sharpe Ratio Flips Into Negative Territory&#x2014; Is The Recovery Back On?,"-0.992063492063492,2.77777777777778,3.76984126984127,6.54761904761905,24.2063492063492,0,471"
20260103173000,coindesk.com,https://www.coindesk.com/markets/2026/01/03/bitcoin-dips-but-quickly-recovers-as-venezuela-s-maduro-captured,"Bitcoin price news: BTC returns to $90,000 after brief dip on U.S. military action","-1.77514792899408,0.591715976331361,2.36686390532544,2.9585798816568,21.8934911242604,1.77514792899408,146"
20260129091500,newsbtc.com,https://www.newsbtc.com/bitcoin-news/bitcoin-supply-in-loss-begins-to-rise-raising-early-bear-market-concerns/,"Bitcoin Supply In Loss Begins To Rise, Raising Early Bear Market Concerns","-3.5472972972973,1.18243243243243,4.72972972972973,5.91216216216216,23.4797297297297,0.844594594594595,534"
20260129091500,newsbtc.com,https://www.newsbtc.com/analysis/doge/dogecoin-doge-slips-back-0-120/,Dogecoin (DOGE) Slips Back As Bears Regain The Upper Hand,"0.466200466200466,3.26340326340326,2.7972027972028,6.06060606060606,27.039627039627,0.233100233100233,365"
20260129091500,newsbtc.com,https://www.newsbtc.com/xrp-news/21shares-xrp-price-predictions-for-2026/,21Shares Drops XRP Price Predictions For 2026: What's The Upside?,"-2.95031055900621,1.5527950310559,4.50310559006211,6.05590062111801,20.1863354037267,0.62111801242236,569"
20260129091500,newsbtc.com,https://www.newsbtc.com/bitcoin-news/bitcoin-death-cross-last-preceded-66-drop-back/,Bitcoin Death Cross That Last Preceded A 66% Drop Is Back,"0.369685767097967,2.03327171903882,1.66358595194085,3.69685767097967,25.8780036968577,0,486"
20260129103000,cointelegraph.com,https://cointelegraph.com/news/cere-network-co-founder-board-face-100m-fraud-lawsuit,Cere Network Hit With Second Lawsuit Alleging Fraud,"-8.42105263157895,0.842105263157895,9.26315789473684,10.1052631578947,20.8421052631579,0,412"
20260129103000,cointelegraph.com,https://cointelegraph.com/news/swiss-bank-sygnum-raises-750-btc-market-neutral-fund,"Sygnum Posts 8.9% Returns In Market-Neutral Bitcoin Fund, Raises 750 BTC","2.40384615384615,4.56730769230769,2.16346153846154,6.73076923076923,27.1634615384615,0.240384615384615,365"
20260129103000,cointelegraph.com,https://cointelegraph.com/news/uae-first-central-bank-registered-usd-stablecoin-launches,UAE's First Central Bank&#x2011;Registered US Dollar Stablecoin Launches,"-0.501672240802675,1.67224080267559,2.17391304347826,3.84615384615385,17.3913043478261,1.00334448160535,547"
20260129103000,cointelegraph.com,https://cointelegraph.com/news/xrp-large-wallet-increase-price-crypto-analyst-santiment,XRP 'Millionaire' Wallets Ramp Up In An 'Encouraging Sign',"-0.433839479392625,2.16919739696312,2.60303687635575,4.77223427331887,25.8134490238612,0.216919739696312,416"
20260129103000,cointelegraph.com,https://cointelegraph.com/news/gold-adds-over-trillion-to-market-cap,Gold Almost Adds Bitcoin's Market Cap in a Day,"-2.41545893719807,3.14009661835749,5.55555555555556,8.69565217391304,26.5700483091787,0,369"
20260217080000,coindesk.com,https://www.coindesk.com/markets/2026/02/17/bofa-survey-shows-record-bearish-dollar-bets-here-s-what-it-means-for-bitcoin,Bitcoin (BTC) price forecast: Dollar bearish positioning hits highest since 2012.,"-4.28893905191874,1.12866817155756,5.4176072234763,6.54627539503386,24.1534988713318,0.90293453724605,404"
20260217080000,coindesk.com,https://www.coindesk.com/markets/2026/02/17/defi-protocol-zerolend-shuts-down-after-3-years-citing-inactive-chains-and-hacks,"DeFi protocol ZeroLend shuts down after 3 years, citing inactive chains and hacks","-1.76211453744493,3.30396475770925,5.06607929515418,8.37004405286344,26.8722466960352,1.54185022026432,417"
20260217084500,newsbtc.com,https://www.newsbtc.com/news/crypto-funds-bleed-173m-as-outflows-extend-to-fourth-week-report/,Crypto Funds Bleed $173M As Outflows Extend To Fourth Week,"-2.35294117647059,1.17647058823529,3.52941176470588,4.70588235294118,17.843137254902,1.37254901960784,450"
20260217084500,newsbtc.com,https://www.newsbtc.com/analysis/solana-sol-gears-up-for-92/,Solana (SOL) Gears Up For Another Rally Attempt &#x2014; Can Bulls Clear $92 Barrier?,"-0.248138957816377,2.97766749379653,3.2258064516129,6.20347394540943,28.7841191066998,0.248138957816377,384"
20260217084500,newsbtc.com,https://www.newsbtc.com/analysis/xrp/xrp-price-action-tightens-1-45/,XRP Price Action Tightens As Traders Watch For Breakout Or Breakdown,"-0.849256900212314,2.54777070063694,3.39702760084926,5.9447983014862,29.723991507431,0,424"
20260217084500,newsbtc.com,https://www.newsbtc.com/bitcoin-news/46-of-bitcoin-supply-loss-what-take-for-a-bottom/,46% Of Bitcoin Supply Now In Loss&#x2014;What It Could Take For A Bottom,"-2.04918032786885,1.22950819672131,3.27868852459016,4.50819672131148,26.2295081967213,0,464"
20260217084500,newsbtc.com,https://www.newsbtc.com/news/dogecoin/dogecoin-weekly-bearish-cross/,Dogecoin Sees Weekly Bearish Cross: Bottom Or Breakdown?,"-3.2590051457976,1.02915951972556,4.28816466552316,5.31732418524871,22.4699828473413,0.514579759862779,544"
20260217084500,newsbtc.com,https://www.newsbtc.com/xrp-news/xrp-vs-gold-hits-historic-zone/,XRP Vs Gold Hits Historic Zone As Sentiment Capitulates: Analyst,"-1.71606864274571,3.43213728549142,5.14820592823713,8.58034321372855,20.2808112324493,0.62402496099844,599"
20260217071500,cointelegraph.com,https://cointelegraph.com/news/crypto-protocol-zerolend-shuts-down-no-longer-sustainable,Zerolend Shutters as Founder Says It's 'No Longer Sustainable',"-2.69151138716356,1.86335403726708,4.55486542443064,6.41821946169772,22.5672877846791,0.41407867494824,440"
20260217071500,cointelegraph.com,https://cointelegraph.com/news/extreme-fear-sentiment-suggests-market-inflection-point-matrixport,Bitcoin Sentiment Hits Lows Amid Oversold Signals,"-4.91329479768786,1.44508670520231,6.35838150289017,7.80346820809249,24.8554913294798,0.578034682080925,301"
20260217071500,cointelegraph.com,https://cointelegraph.com/news/bvnk-survey-finds-growing-use-of-stablecoins-for-income-and-everyday-payments,BVNK Survey Finds 39% Receive Income in Stablecoins,"0.770416024653313,1.38674884437596,0.61633281972265,2.00308166409861,19.8767334360555,0.61633281972265,590"
20260116133000,cointelegraph.com,https://cointelegraph.com/news/bitcoin-traders-predict-strong-run-up-classic-chart-113k,"Bitcoin Recoils to $95K, But Classic Chart Pattern Projects 18% Gains","0.73394495412844,2.56880733944954,1.8348623853211,4.40366972477064,25.5045871559633,0.18348623853211,484"
20260116133000,cointelegraph.com,https://cointelegraph.com/news/moldova-legalize-crypto-2026-eu-mica-regulations,Moldova To Legalize Cryptocurrencies Aligned With EU MiCA Regulation,"-1.09409190371991,1.09409190371991,2.18818380743982,3.28227571115974,19.9124726477024,1.09409190371991,404"
20260116133000,cointelegraph.com,https://cointelegraph.com/news/kbc-bank-belgium-bitcoin-ether-trading-february,KBC Bank To Launch MiCA-Regulated Crypto Trading in Belgium,"-0.381679389312977,2.67175572519084,3.05343511450382,5.72519083969466,18.8931297709924,0.190839694656489,474"
20260116133000,cointelegraph.com,https://cointelegraph.com/news/trump-moves-fed-nft-paris-cancelled-italy-warns-fin-fluencers-global-express,"Trump Moves on Fed, NFT Paris Cancelled: Global Express","-2.88115246098439,1.32052821128451,4.20168067226891,5.52220888355342,23.0492196878752,1.08043217286915,755"
20260116133000,cointelegraph.com,https://cointelegraph.com/news/google-play-crypto-app-rules-south-korea-exchanges-risk,Google Play Policy Shift Threatens Crypto Exchange Access in South Korea,"-0.996677740863787,1.82724252491694,2.82392026578073,4.65116279069767,19.6013289036545,0.498338870431894,553"
20260116133000,cointelegraph.com,https://cointelegraph.com/news/efferies-greed-fear-strategist-cuts-bitcoin-allocation,Jefferies 'Greed & Fear' Strategist Drops Bitcoin on Quantum Risk,"-4.81695568400771,2.69749518304432,7.51445086705202,10.2119460500963,24.4701348747592,0,476"
20260116170000,bitcoinmagazine.com,https://bitcoinmagazine.com/news/west-virginia-propose-bitcoin-investments,West Virginia Lawmakers Want To Invest In Bitcoin,"2.49266862170088,4.10557184750733,1.61290322580645,5.71847507331378,23.1671554252199,0,626"
20260116170000,bitcoinmagazine.com,https://bitcoinmagazine.com/news/bitcoin-use-surging-in-iran-as-protests,Bitcoin Use Is Surging In Iran As Conflicts Intensify,"-4.76900149031297,1.19225037257824,5.96125186289121,7.15350223546945,16.8405365126677,0,583"
20260116170000,newsbtc.com,https://www.newsbtc.com/news/iranians-turn-to-crypto-as-economic-crisis-and-sanctions-deepen/,Iranians Turn to Crypto as Economic Crisis and Sanctions Deepen,"-2.89855072463768,1.99275362318841,4.89130434782609,6.88405797101449,17.2101449275362,0,485"
20260225023000,newsbtc.com,https://www.newsbtc.com/news/bitcoin/bitcoin-final-sell-off-coming/,Bitcoin Final Sell-Off Coming? Analyst Says It's Time To 'Buckle Up',"-6.09981515711645,1.1090573012939,7.20887245841035,8.31792975970425,21.6266173752311,0,489"
20260225023000,newsbtc.com,https://www.newsbtc.com/news/ethereum/ethereums-gains-clarity/,Ethereum's Legal Status Gains Clarity After SEC Leadership Signal,"-0.823045267489712,1.440329218107,2.26337448559671,3.7037037037037,20.1646090534979,0.411522633744856,438"
20260225023000,newsbtc.com,https://www.newsbtc.com/bitcoin-news/bitcoin-hashrate-recovery-signals-next-rally/,"Bitcoin Hashrate Recovery Signals Next Rally, Expert Says","-0.863557858376511,3.10880829015544,3.97236614853195,7.08117443868739,20.8981001727116,0,521"
20260225023000,newsbtc.com,https://www.newsbtc.com/breaking-news-ticker/bitcoin-may-be-in-a-price-slump-but-adoption-is-in-a-bull-market/,Bitcoin May Be In A Price Slump&#x2014;But Adoption Is In A Bull Market,"-0.34965034965035,2.0979020979021,2.44755244755245,4.54545454545455,19.0559440559441,0.524475524475524,510"
20260225023000,newsbtc.com,https://www.newsbtc.com/analysis/xrp/what-to-expect-for-ripples-xrp/,What To Expect For Ripple's XRP If A Retail Run Were To Happen,"0,1.17878192534381,1.17878192534381,2.35756385068762,27.7013752455796,0.589390962671906,464"
20260107190000,cointelegraph.com,https://cointelegraph.com/explained/bitcoin-vs-luxury-homes-how-china-s-wealthy-are-rethinking-stores-of-value,Bitcoin vs Luxury Real Estate: A New Wealth Debate in China,"-0.501002004008017,4.60921843687375,5.11022044088176,9.71943887775551,19.7394789579158,0.30060120240481,914"
20260107190000,cointelegraph.com,https://cointelegraph.com/news/sec-republican-pro-crypto-rulemaking-2026,All-Republican SEC 'Unusual' With Pro-Crypto Agenda Likely,"-1.07047279214987,2.85459411239964,3.92506690454951,6.77966101694915,23.1935771632471,0.356824264049955,1033"
20260107190000,cointelegraph.com,https://cointelegraph.com/news/bitcoin-price-falls-despite-bullish-msci-what-went-wrong,Bitcoin Price Falls Despite 'Really Bullish' MSCI Update: What Went Wrong?,"-1.85185185185185,2.77777777777778,4.62962962962963,7.40740740740741,25.3086419753086,0,297"
20260107190000,cointelegraph.com,https://cointelegraph.com/editorial-policy,Cointelegraph Bitcoin & Ethereum Blockchain News,"1.75252257036644,4.62028677642061,2.86776420605417,7.48805098247477,23.0483271375465,1.48698884758364,1646"
20260107190000,cointelegraph.com,https://cointelegraph.com/news/price-predictions-1-7-btc-eth-xrp-bnb-sol-doge-ada-bch-link-hype,"Bitcoin, Altcoins Open 2026 With A Bang: Are New Highs Next?","-0.46449900464499,2.38885202388852,2.85335102853351,5.24220305242203,25.0829462508295,0.06635700066357,1401"
20260107190000,cointelegraph.com,https://cointelegraph.com/news/bitcoin-not-likely-new-all-time-high-in-2026-new-research,"Bitcoin Bulls Face an $87,500 Retest and Long-Term Short Signals","-0.215982721382289,2.59179265658747,2.80777537796976,5.39956803455724,25.7019438444924,0,407"
20260107190000,cointelegraph.com,https://cointelegraph.com/news/tether-rumble-launch-non-custodial-crypto-wallet,Rumble and Tether Release Rumble Wallet for In-App Crypto Tips,"-3.58974358974359,2.05128205128205,5.64102564102564,7.69230769230769,23.5897435897436,0,341"
20260107190000,cointelegraph.com,https://cointelegraph.com/news/trust-wallet-s-7m-hack-shows-where-crypto-friendly-smes-may-be-vulnerable,Trust Wallet Hack Highlights Security Gaps Facing Crypto-Friendly SMEs,"-6.55737704918033,4.18032786885246,10.7377049180328,14.9180327868852,22.2950819672131,0.245901639344262,1117"
20260107190000,cointelegraph.com,https://cointelegraph.com/news/ripple-labs-private-president-ipo-plans,'We Still Plan to Remain Private' Says Ripple President on IPO Plans,"2.36686390532544,3.55029585798817,1.18343195266272,4.73372781065089,25.7396449704142,2.07100591715976,314"
20260107190000,cointelegraph.com,https://cointelegraph.com/news/bitcoin-miner-riot-platforms-sells-161-million-btc-december,Riot Platforms Sells $161M in Bitcoin in December as it Shifts Strategy,"0.210526315789473,3.36842105263158,3.15789473684211,6.52631578947368,21.6842105263158,0,431"
20260107190000,cointelegraph.com,https://cointelegraph.com/news/coinflip-payroll-crypto-investing-401k-retirement-trend,CoinFlip launches payroll-based crypto investing for workers,"2.89855072463768,3.76811594202899,0.869565217391304,4.63768115942029,19.4202898550725,0.869565217391304,323"
20260107154500,bitcoinmagazine.com,https://bitcoinmagazine.com/news/btc-inc-standardizes-bitcoin-operations-using-btcpay-server-across-events-payroll-and-treasury,"BTC Inc Standardizes Bitcoin Operations Using BTCPay Server Across Events, Payroll, And Treasury","0.519480519480519,2.72727272727273,2.20779220779221,4.93506493506494,20,0,668"
20260107154500,coindesk.com,https://www.coindesk.com/business/2026/01/07/former-brazil-central-bank-official-unveils-real-pegged-stablecoin-with-yield-sharing,"Tony Volpon, ex-Brazil central bank official, to introduce real-pegged stablecoin","0,1.93370165745856,1.93370165745856,3.86740331491713,23.2044198895028,0.828729281767956,333"
20260107154500,bitcoinmagazine.com,https://bitcoinmagazine.com/news/rumble-launches-crypto-wallet-with-tether,Rumble Launches Crypto Wallet For Creator Payments In BTC,"0.58252427184466,4.85436893203883,4.27184466019417,9.12621359223301,24.4660194174757,0.776699029126214,446"
20260107154500,newsbtc.com,https://www.newsbtc.com/news/bitcoin/like-a-lion-start-bitcoin-etfs-on-pace-for-explosive-600-growth-analyst/,Bitcoin ETFs On Pace For Explosive 600% Growth,"-0.186567164179105,1.49253731343284,1.67910447761194,3.17164179104478,23.6940298507463,0.373134328358209,481"
20260107154500,coindesk.com,https://www.coindesk.com/markets/2026/01/07/rumble-shares-jump-5-after-launching-crypto-wallet-with-tether,Tether news: Stablecoin issuer partners with Rumble on non-custodial crypto wallet,"0.602409638554217,3.91566265060241,3.31325301204819,7.2289156626506,23.7951807228916,0.903614457831325,300"
20260107154500,coindesk.com,https://www.coindesk.com/markets/2026/01/07/crypto-markets-today-bitcoin-slides-as-asia-led-sell-off-hits-altcoins,"Crypto Markets Today: Asia-session sell-off drags bitcoin, altcoins lower","-2.02578268876611,1.65745856353591,3.68324125230203,5.34069981583794,18.232044198895,0.552486187845304,474"
20260107154500,coindesk.com,https://www.coindesk.com/daybook-us/2026/01/07/start-of-the-year-recovery-rally-stalls-crypto-daybook-americas,Start-of-the-year recovery rally stalls: Crypto Daybook Americas,"-0.148809523809524,1.5625,1.71130952380952,3.27380952380952,16.889880952381,0.297619047619048,1166"
20260107154500,coindesk.com,https://www.coindesk.com/markets/2026/01/07/bitcoin-slides-toward-usd91-000-with-two-cme-pricing-gaps-coming-into-focus,"BTC Slides Toward $91,000 With Two Downside CME Gaps in Focus","-1.04166666666667,0.520833333333333,1.5625,2.08333333333333,27.34375,0.78125,362"
20260107154500,coindesk.com,https://www.coindesk.com/markets/2026/01/07/filecoin-declines-as-crypto-markets-retreat,Filecoin (FIL) declines as crypto markets retreat,"-2.61627906976744,3.48837209302326,6.1046511627907,9.59302325581395,21.2209302325581,1.45348837209302,316"
20260107154500,coindesk.com,https://www.coindesk.com/markets/2026/01/07/strategy-s-strc-perpetual-preferred-stock-returns-to-usd100-may-trigger-more-bitcoin-buying,"MSTR's perpetual preferred STRC returns to $100, allowing share issuance to buy more BTC","1.67364016736402,2.92887029288703,1.25523012552301,4.18410041841004,24.6861924686192,1.25523012552301,221"
20260107154500,coindesk.com,https://www.coindesk.com/business/2026/01/07/morgan-stanley-files-for-ether-trust-after-bitcoin-and-solana-etf-push,Morgan Stanley files for ether ETF after bitcoin and solana filings,"1.93548387096774,1.93548387096774,0,1.93548387096774,20.6451612903226,1.93548387096774,143"
20260107154500,coindesk.com,https://www.coindesk.com/business/2026/01/07/babylon-labs-raises-usd15-million-from-a16z-crypto-to-develop-bitcoin-collateral-infrastructure,Bitcoin (BTC) news: Babylon Labs raises $15 million for Trustless BTCVaults,"2.49307479224377,3.32409972299169,0.831024930747922,4.15512465373961,24.3767313019391,0.831024930747922,335"
20260127204500,cointelegraph.com,https://cointelegraph.com/news/privacy-blockchains-stablecoin-access-usdc-aleo,Privacy Blockchains Seek Stablecoin Access as USDC Expands,"0.246913580246913,2.46913580246914,2.22222222222222,4.69135802469136,20.4938271604938,0,357"
20260127204500,cointelegraph.com,https://cointelegraph.com/news/nomura-laser-digital-us-bank-charter-crypto-banking,Nomura-Backed Laser Digital Reportedly Applies for US Bank Charter,"2.99539170506912,4.3778801843318,1.38248847926267,5.76036866359447,26.036866359447,1.38248847926267,413"
20260127204500,cointelegraph.com,https://cointelegraph.com/news/south-dakota-bitcoin-reserve-bill,South Dakota Lawmaker Makes Another Run at Bitcoin Reserve Bill,"1.74927113702624,3.2069970845481,1.45772594752187,4.66472303206997,22.7405247813411,1.74927113702624,316"
20260127204500,cointelegraph.com,https://cointelegraph.com/news/why-traders-say-10k-ethereum-price-still-on-the-table,Is $10K ETH Price on the Table? Key Ethereum Metrics Hint at an Upside Move,"2.01238390092879,2.47678018575851,0.464396284829721,2.94117647058824,24.1486068111455,0.464396284829721,563"
20260127183000,newsbtc.com,https://www.newsbtc.com/xrp-news/what-davos-revealed-blackrock-ripple-xrp-pundits/,"What Davos Revealed About BlackRock, Ripple And XRP: Pundits","-0.440528634361234,1.3215859030837,1.76211453744493,3.08370044052863,23.201174743025,1.02790014684288,586"
20260127183000,newsbtc.com,https://www.newsbtc.com/news/bitcoin/bitcoin-confirms-bearish-structure/,"Bitcoin Confirms Bearish Structure After $98,000 Rejection &#x2014; Here's The Next Potential Target","-0.677200902934538,4.06320541760722,4.74040632054176,8.80361173814898,25.2821670428894,0,424"
20260220110000,cointelegraph.com,https://cointelegraph.com/news/south-korea-fsc-delay-bithumb-probe-bitcoin-error,South Korea Delays Bithumb Probe Over $43B Bitcoin Mishap,"-5,1.4,6.4,7.8,16,0,459"
20260220110000,cointelegraph.com,https://cointelegraph.com/news/metaplanet-ceo-denies-misleading-investors-bitcoin-disclosures,Metaplanet CEO Defends 'Transparent' Bitcoin Strategy,"-2.63653483992467,3.01318267419962,5.64971751412429,8.66290018832392,15.0659133709981,0.188323917137476,459"
20260220083000,newsbtc.com,https://www.newsbtc.com/news/bitcoin/ceo-confirms-bitcoin-exposure-says-bank-is-still-navigating/,"CEO Confirms Bitcoin Exposure, Says Bank Is Still Navigating","-1.0183299389002,1.42566191446029,2.44399185336049,3.86965376782077,24.4399185336049,0.203665987780041,452"
20260220083000,newsbtc.com,https://www.newsbtc.com/crypto/house-democrats-urge-treasury-probe-into-trump-familys-crypto-venture/,House Democrats Urge Treasury Probe Into Trump Family's Crypto Venture,"0.389105058365759,3.69649805447471,3.30739299610895,7.00389105058366,20.0389105058366,0.389105058365759,464"
20260220083000,newsbtc.com,https://www.newsbtc.com/analysis/xrp/xrp-price-downside-momentum-1-45/,XRP Price Downside Momentum Builds Amid Fading Recovery Hopes,"-1.91082802547771,1.69851380042463,3.60934182590234,5.30785562632696,28.6624203821656,0,416"
20260220083000,newsbtc.com,https://www.newsbtc.com/analysis/doge/dogecoin-doge-recovery-capped-0-1040/,Dogecoin (DOGE) Recovery Capped As Momentum Turns Bearish,"-0.209643605870021,2.72536687631027,2.93501048218029,5.66037735849057,27.8825995807128,0.209643605870021,407"
20260220091500,coindesk.com,https://www.coindesk.com/markets/2026/02/20/bitcoin-logs-worst-ever-start-to-a-year-through-first-50-days,BTC logs worst ever start to a year through first 50 days,"-1.38888888888889,1.38888888888889,2.77777777777778,4.16666666666667,23.1481481481481,1.38888888888889,192"
20260220091500,coindesk.com,https://www.coindesk.com/markets/2026/02/20/metaplanet-ceo-rebuts-critics-over-bitcoin-strategy-and-transparency,3350 CEO rebuts critics over BTC strategy and transparency,"-1.11856823266219,2.23713646532438,3.35570469798658,5.59284116331096,15.8836689038031,0.894854586129754,283"
20260220091500,coindesk.com,https://www.coindesk.com/markets/2026/02/20/bitcoin-difficulty-jumps-15-largest-increase-since-2021-despite-price-slump,"BTC difficulty jumps 15% largest increase since 2021, despite price slump","-3.10077519379845,2.84237726098191,5.94315245478036,8.78552971576227,21.7054263565891,0.775193798449612,364"
20260225053000,cointelegraph.com,https://cointelegraph.com/news/bitcoin-depot-mandatory-id-verification-crypto-atms,Bitcoin Depot Introduces ID for All Transactions,"-2.6634382566586,3.14769975786925,5.81113801452785,8.95883777239709,17.6755447941889,2.17917675544794,393"
20260225053000,cointelegraph.com,https://cointelegraph.com/news/bitcoin-captures-65k-after-us-stocks-rebound-from-ai-sell-off-will-it-hold,Bitcoin Rebound To $65K Holds As US Stocks Recover From AI Meltdown,"-1.66051660516605,2.02952029520295,3.690036900369,5.71955719557196,23.2472324723247,1.1070110701107,498"
20260225053000,cointelegraph.com,https://cointelegraph.com/news/south-korea-man-accused-poisoning-crypto-losses-reports,South Korean Man Accused of Poisoning Linked to Crypto Losses,"-7.59162303664921,1.04712041884817,8.63874345549738,9.68586387434555,19.3717277486911,0,346"
20260225073000,newsbtc.com,https://www.newsbtc.com/bitcoin-news/the-33-billion-drain-bitcoin-realized-cap-craters-as-capital-abandons-the-network-for-a-second-month/,The $33 Billion Drain: Bitcoin Realized Cap Craters as Capital Abandons the Network for a Second Month,"-3.79746835443038,1.54711673699015,5.34458509142053,6.89170182841069,21.8002812939522,0,655"
20260225073000,newsbtc.com,https://www.newsbtc.com/analysis/solana-sol-recovery-shows-strength-82/,Solana (SOL) Recovery Shows Strength After Breaking Initial Resistance Level,"1.99501246882793,3.99002493765586,1.99501246882793,5.98503740648379,28.927680798005,0.249376558603491,380"
20260225073000,newsbtc.com,https://www.newsbtc.com/analysis/xrp/xrp-price-recovery-stalls-1-40/,"XRP Price Recovery Stalls Near Resistance, Bears Eye Renewed Downside","0.881057268722467,2.86343612334802,1.98237885462555,4.84581497797357,28.8546255506608,0,402"
20260225073000,newsbtc.com,https://www.newsbtc.com/news/bitcoin/range-high-reclaim-or-weekly-lows-bitcoin-at-a-critical-crossroads/,Range High Reclaim Or Weekly Lows? Bitcoin At A Critical Crossroads,"-1.440329218107,2.46913580246914,3.90946502057613,6.37860082304527,26.5432098765432,0,458"
20260225073000,newsbtc.com,https://www.newsbtc.com/analysis/btc/bitcoin-price-attempts-comeback-67200/,"Bitcoin Price Attempts Comeback, but Technical Hurdles Challenge Bulls Ahead","0,3.45572354211663,3.45572354211663,6.91144708423326,27.645788336933,0,410"
20260225073000,newsbtc.com,https://www.newsbtc.com/analysis/eth/ethereum-price-rebound-pauses-at-1950/,"Ethereum Price Rebound Pauses at $1,950, Traders Eye Next Move","1.08932461873638,3.7037037037037,2.61437908496732,6.31808278867102,27.6688453159041,0,410"
20260225073000,newsbtc.com,https://www.newsbtc.com/bitcoin-news/bitcoin-death-cross-preceded-final-bear-legs/,Bitcoin Nears Death Cross That Preceded Final Bear Market Legs,"-2.76243093922652,0.920810313075507,3.68324125230203,4.60405156537753,22.4677716390424,0,479"
20260226090000,coindesk.com,https://www.coindesk.com/markets/2026/02/25/solo-bitcoin-miner-turns-usd75-of-rented-hashrate-into-a-usd200-000-block-reward,"Bitcoin news: $75 turns into $200,000 jackpot for lucky BTC miner","-2.22672064777328,3.23886639676113,5.46558704453441,8.70445344129555,23.6842105263158,0,450"
20260226090000,coindesk.com,https://www.coindesk.com/markets/2026/02/26/uniswap-s-uni-jumps-15-as-governance-vote-to-expand-fee-switch-gains-momentum,Uniswap's UNI jumps 15% as governance vote to expand fee switch gains momentum,"-1.00806451612903,1.81451612903226,2.82258064516129,4.63709677419355,21.5725806451613,0,446"
20260226090000,coindesk.com,https://www.coindesk.com/markets/2026/02/26/bitcoin-touches-usd70k-before-fading-as-altcoins-lead-the-strongest-bounce-in-weeks,"BTC, ETH, DOGE price news: Bitcoin at $68,000 as majors see strongest bounce in weeks","-1.53846153846154,3.33333333333333,4.87179487179487,8.2051282051282,21.5384615384615,0.512820512820513,356"
20260226064500,newsbtc.com,https://www.newsbtc.com/bitcoin-news/digital-gold-is-dead-the-institutional-architecture-binding-bitcoin-to-the-nasdaq-in-the-2026-downturn/,Digital Gold Is Dead: The Institutional Architecture Binding Bitcoin To The Nasdaq In The 2026 Downturn,"-3.37423312883436,2.76073619631902,6.13496932515337,8.89570552147239,22.8527607361963,0,617"
20260226064500,newsbtc.com,https://www.newsbtc.com/analysis/btc/bitcoin-price-explodes-higher-70k/,"Bitcoin Price Explodes Higher, $70K Level Faces Fresh Bullish Assault","0.686498855835241,2.97482837528604,2.2883295194508,5.26315789473684,28.3752860411899,0,391"
20260226064500,newsbtc.com,https://www.newsbtc.com/analysis/doge/dogecoin-doge-strengthens-0-10/,Dogecoin (DOGE) Strengthens as Altcoin Rally Signals Renewed Risk Appetite,"0,2.35546038543897,2.35546038543897,4.71092077087794,27.4089935760171,0.214132762312634,411"
20260226064500,newsbtc.com,https://www.newsbtc.com/analysis/xrp/xrp-price-rally-accelerates-1-50/,"XRP Price Rally Accelerates, $1.50 Resistance Could Decide Next Move","0.434782608695652,2.39130434782609,1.95652173913044,4.34782608695652,29.3478260869565,0,415"
20260226064500,newsbtc.com,https://www.newsbtc.com/analysis/eth/ethereum-price-rally-hits-wall-at-2150/,"Ethereum Price Rally Hits Wall at $2,150 After Explosive 15% Move","0.220750551876379,2.42825607064018,2.2075055187638,4.63576158940397,27.5938189845475,0,411"
20260226064500,newsbtc.com,https://www.newsbtc.com/bitcoin-news/bitcoin-yet-to-see-meaningful-capital-glassnode/,"Bitcoin Yet To See Meaningful Capital Return, Glassnode Says","-1.440329218107,1.02880658436214,2.46913580246914,3.49794238683128,30.0411522633745,0,462"
20260127050000,newsbtc.com,https://www.newsbtc.com/bitcoin-news/bitcoin-breaks-below-87k-as-political-risk-spikes-liquidations-reveal-the-real-driver/,Bitcoin Breaks Below $87K As Political Risk Spikes &#x2013; Liquidations Reveal The Real Driver,"-5.11440107671602,1.21130551816958,6.3257065948856,7.53701211305518,27.5908479138627,0,687"
20260127050000,newsbtc.com,https://www.newsbtc.com/bitcoin-news/blackrock-files-bitcoin-premium-income-etf/,BlackRock Files Bitcoin Premium Income ETF: What It Could Mean,"-1.46579804560261,2.28013029315961,3.74592833876222,6.02605863192182,22.3127035830619,0,561"
20260127050000,newsbtc.com,https://www.newsbtc.com/altcoin/trump-backed-wlfi-snaps-up-2868-eth-sells-8m-wbtc/,"Trump-Backed WLFI Snaps Up 2,868 ETH, Sells $8M WBTC","0.634249471458774,1.47991543340381,0.845665961945032,2.32558139534884,25.1585623678647,0.211416490486258,445"
20260127050000,newsbtc.com,https://www.newsbtc.com/analysis/btc/bitcoin-price-recovery-attempts-rise-88k/,"Bitcoin Price Recovery Attempts Rise, But Upside Remains Challenged","1.0989010989011,3.2967032967033,2.1978021978022,5.49450549450549,28.3516483516484,0,406"
20260127050000,newsbtc.com,https://www.newsbtc.com/analysis/eth/ethereum-price-rebounds-2880/,"Ethereum Price Rebounds, Yet $3K Remains A Brutal Resistance Test","0.427350427350428,2.99145299145299,2.56410256410256,5.55555555555556,27.3504273504274,0,426"
20260127050000,newsbtc.com,https://www.newsbtc.com/analysis/xrp/xrp-price-breaks-out-1-90/,"XRP Price Breaks Out, But Bulls Show Caution Above Resistance","0.217864923747277,2.61437908496732,2.39651416122004,5.01089324618736,27.8867102396514,0,427"
20260127064500,cointelegraph.com,https://cointelegraph.com/news/bitcoin-hashrate-low-us-winter-storm-miners-shutdown,Bitcoin Mining Slows in US During Winter Storm,"-2.14797136038186,1.43198090692124,3.5799522673031,5.01193317422434,22.673031026253,1.19331742243437,379"
20260127064500,cointelegraph.com,https://cointelegraph.com/news/bitcoin-jobs-grew-6-percent-2025,Bitcoin Jobs Grew 6% in 2025 With Non-Dev Roles Most-Posted,"-0.62111801242236,1.44927536231884,2.0703933747412,3.51966873706004,19.4616977225673,0.62111801242236,409"
20260127064500,cointelegraph.com,https://cointelegraph.com/news/ether-price-gained-200percent-the-last-time-this-global-liquidity-signal-flashed,Rare ETH Price Signal Hints At 226% Rally,"0,1.46750524109015,1.46750524109015,2.93501048218029,22.4318658280922,0.209643605870021,422"
20260127064500,cointelegraph.com,https://cointelegraph.com/news/metaplanet-raises-revenue-forecast-bitcoin-impairment,Metaplanet Raises 2026 Outlook as Bitcoin Paper Losses Drive Annual Loss,"-1.7283950617284,1.23456790123457,2.96296296296296,4.19753086419753,18.5185185185185,0,354"
20260125210000,cointelegraph.com,https://cointelegraph.com/news/bitcoin-sells-off-into-weekly-close-86k-btc-price-reckoning,"Bitcoin Gets the Macro Bug as $87,000 Comes Into Play","-3.55932203389831,1.52542372881356,5.08474576271187,6.61016949152542,24.406779661017,1.01694915254237,539"
20260125210000,cointelegraph.com,https://cointelegraph.com/news/tezos-tallinn-upgrade-blocks-6-seconds,"Tezos Upgrades to Tallinn, Block Times Fall to 6 Seconds","-1.24688279301746,2.49376558603491,3.74064837905237,6.23441396508728,19.9501246882793,0,368"
20260125210000,cointelegraph.com,https://cointelegraph.com/news/opportunists-protocol-change-btc-biggest-threat-saylor,Saylor Says 'Opportunists' Pushing for BTC Changes Are Its Biggest Threat,"-5.75916230366492,2.09424083769634,7.85340314136126,9.94764397905759,21.2041884816754,0.523560209424084,352"
20260125223000,coindesk.com,https://www.coindesk.com/markets/2026/01/25/bitcoin-slips-below-usd88-000-ahead-of-fed-week-and-big-tech-earnings,"Bitcoin price news: BTC under $88,000 ahead of Fed week and Big Tech earnings","-2.02205882352941,1.83823529411765,3.86029411764706,5.69852941176471,20.5882352941176,0.551470588235294,507"
20260125223000,coindesk.com,https://www.coindesk.com/markets/2026/01/25/strive-s-preferred-equity-blueprint-for-strategy-s-usd8-billion-convertible-debt-overhang,How Strive's new 'perpetual' stock trick could solve Michael Saylor's $8 billion debt problem,"0.481927710843373,2.89156626506024,2.40963855421687,5.30120481927711,25.0602409638554,0.72289156626506,383"
20260109230000,cointelegraph.com,https://cointelegraph.com/news/colombia-advances-crypto-tax-rules-global-reporting-standards-take-shape,Colombia Introduces Mandatory Crypto Reporting Rules for Exchanges,"-5.68475452196382,1.55038759689922,7.23514211886305,8.78552971576227,20.9302325581395,0,350"
20260109230000,cointelegraph.com,https://cointelegraph.com/news/wall-street-banks-crypto-etfs-tokenized-cash,Crypto Biz: Wall Street Moves Onchain as Banks Embrace Digital Assets,"1.68175937904269,3.36351875808538,1.68175937904269,5.04527813712807,22.3803363518758,1.03492884864166,708"
20260109230000,cointelegraph.com,https://cointelegraph.com/news/trading-bots-gain-traction-crypto-markets-move-sideways-htx-2025-recap,"Crypto Traders Turn to Bots in Sideways Markets, HTX Says","1.37931034482759,2.29885057471264,0.919540229885057,3.2183908045977,22.2988505747126,0,398"
20260109230000,cointelegraph.com,https://cointelegraph.com/news/bitcoin-tests-key-support-as-bulls-reset-to-prepare-for-futures-led-rally-to-dollar101-5k,"Bitcoin Bulls Rest, Prepping For Rally To $101.5K","-2.58620689655172,0.862068965517241,3.44827586206897,4.31034482758621,22.7011494252874,0,299"
20260109230000,cointelegraph.com,https://cointelegraph.com/news/nasdaq-cme-group-nasdaq-cme-crypto-index,Nasdaq and CME Team Up To Issue the Nasdaq-CME Crypto Index,"-1.42045454545455,0.852272727272727,2.27272727272727,3.125,24.1477272727273,0.852272727272727,330"
20260109230000,cointelegraph.com,https://cointelegraph.com/news/bitcoin-s-next-super-rally-could-depend-on-this-key-data-point,Bitcoin's Next Parabolic Rally Hinges On A Key Data Point,"-2.72988505747126,1.00574712643678,3.73563218390805,4.74137931034483,23.7068965517241,0,593"
20260109233000,bitcoinmagazine.com,https://bitcoinmagazine.com/news/bitcoin-whales-keep-buying-bitcoin,"Bitcoin Whales Keep Buying, 100+ BTC Holders Hit New Highs","-0.646551724137931,2.1551724137931,2.80172413793103,4.95689655172414,22.8448275862069,0,421"
20260109233000,newsbtc.com,https://www.newsbtc.com/shiba-inu/shiba-inu-sell-offs-incoming/,Shiba Inu Sell-Offs Incoming: 82 Trillion Deposits Threaten To Crash SHIB Price,"-1.42857142857143,0.612244897959184,2.04081632653061,2.6530612244898,22.4489795918367,0,461"
20260109233000,bitcoinmagazine.com,https://bitcoinmagazine.com/markets/bitcoin-price-holds-90000-tariff-delay,"Bitcoin Price Holds $90,000 After Trump Tariff Ruling Delay","-2.08643815201192,2.2354694485842,4.32190760059613,6.55737704918033,22.8017883755589,0,611"
20260224121500,newsbtc.com,https://www.newsbtc.com/news/bitcoin/bitcoin-more-pain-weekly-close-below-this-critical-level/,"Bitcoin Targets $30,000 Following Close Below This Critical Level","-0.909090909090909,1.81818181818182,2.72727272727273,4.54545454545455,20.4545454545455,0.151515151515152,573"
20260224121500,newsbtc.com,https://www.newsbtc.com/news/bitcoin/driving-bitcoin-price-600000/,"Here's What's Driving The Bitcoin Price Crash Toward $60,0000","-2.8436018957346,1.18483412322275,4.02843601895735,5.21327014218009,27.0142180094787,0,394"
20260224121500,newsbtc.com,https://www.newsbtc.com/bitcoin-news/bitcoin-capitulation-short-term-holders-48b-losses/,Bitcoin Capitulation Persists As Short-Term Holders Realize $0.48B Daily Losses,"-2.73722627737226,2.00729927007299,4.74452554744525,6.75182481751825,29.014598540146,0.182481751824818,512"
20260224133000,coindesk.com,https://www.coindesk.com/daybook-us/2026/02/24/bitcoin-teeters-near-usd63-000-as-pippin-s-rally-shows-froth-remains,"BTC price teeters near $63,000 as pippin's rally shows speculative froth remains: Crypto Daybook Americas","-1.83727034120735,1.50918635170604,3.34645669291339,4.85564304461942,19.2257217847769,0.590551181102362,1316"
20260224133000,coindesk.com,https://www.coindesk.com/markets/2026/02/24/cipher-digital-rebrands-as-it-pivots-from-bitcoin-mining-to-hpc-shares-slide,"Cipher Digital (CIFR) sinks premarket after revenue miss, bets big on hyperscale future","0.401606425702811,2.40963855421687,2.00803212851406,4.41767068273092,21.6867469879518,1.20481927710843,223"
20260224133000,coindesk.com,https://www.coindesk.com/business/2026/02/24/hong-kong-s-redotpay-said-to-plan-blockbuster-usd1-billion-ipo-in-new-york-bloomberg,RedotPay stablecoin payments firm said to consider $1 billion IPO in New York: Bloomberg,"0.404858299595142,1.21457489878543,0.809716599190283,2.02429149797571,18.6234817813765,1.21457489878543,218"
20260224133000,coindesk.com,https://www.coindesk.com/markets/2026/02/24/canaan-buys-cipher-s-49-of-west-texas-mining-venture-for-usd39-75-million-in-stock,Canaan expands U.S. mining operations with purchase of Cipher's Texas JV stake,"1.46520146520147,1.83150183150183,0.366300366300366,2.1978021978022,22.7106227106227,1.0989010989011,242"
20260224133000,coindesk.com,https://www.coindesk.com/markets/2026/02/24/crypto-markets-bleed-as-bitcoin-hovers-above-liquidation-zone,"Bitcoin drifts toward $60,000 as traders brace for potential washout: Crypto Markets Today","-5.05709624796085,1.46818923327896,6.5252854812398,7.99347471451876,22.5122349102773,0.489396411092985,531"
20260224133000,coindesk.com,https://www.coindesk.com/markets/2026/02/24/over-400-000-btc-bought-between-usd60k-and-usd70k-during-bitcoin-s-latest-downturn,"Over 400,000 BTC bought between $60k and $70k during BTC's latest downturn","-1.02739726027397,0.684931506849315,1.71232876712329,2.3972602739726,22.2602739726027,1.02739726027397,264"
20260224133000,coindesk.com,https://www.coindesk.com/markets/2026/02/24/the-ghost-of-the-iphone-why-michael-saylor-thinks-bitcoin-is-mirroring-apple-s-legendary-valley-of-despair,The ghost of the iPhone: Why Michael Saylor thinks bitcoin is mirroring Apple's legendary 'valley of despair',"-3.85288966725044,2.45183887915937,6.30472854640981,8.75656742556918,21.015761821366,0.875656742556918,514"
20260209081500,newsbtc.com,https://www.newsbtc.com/analysis/solana-sol-below-80-risks-downtrend/,Solana (SOL) Below $80 Risks Restarting A Brutal Downtrend,"1.50753768844221,3.51758793969849,2.01005025125628,5.52763819095477,29.6482412060301,0.251256281407035,377"
20260209081500,newsbtc.com,https://www.newsbtc.com/analysis/xrp/xrp-price-above-1-50-flip-sentiment/,XRP Price Above $1.50 Could Flip Sentiment And Fuel Recovery,"0.881057268722467,2.86343612334802,1.98237885462555,4.84581497797357,28.8546255506608,0,409"
20260209081500,newsbtc.com,https://www.newsbtc.com/news/quantum-threat-bitcoin-real-coinshares-subbd-ai-creator-economy/,Quantum Threat to Bitcoin Real Says CoinShares; SUBBD AI Disrupts Creators,"-1.3317191283293,4.11622276029056,5.44794188861985,9.56416464891041,20.4600484261501,0,769"
20260209083000,coindesk.com,https://www.coindesk.com/policy/2026/02/09/usd44b-bitcoin-blunder-puts-south-korea-regulators-on-alert-over-local-crypto-exchanges,Bitcoin news: $44B BTC blunder puts South Korea regulators on alert,"-7.46666666666667,1.33333333333333,8.8,10.1333333333333,23.4666666666667,0.8,349"
20260209083000,coindesk.com,https://www.coindesk.com/markets/2026/02/09/the-quantum-threat-to-bitcoin-is-smaller-than-people-think-coinshares,Here's why the quantum threat for bitcoin may be smaller than people fear,"-4.48275862068965,2.06896551724138,6.55172413793103,8.62068965517241,22.0689655172414,0.517241379310345,512"
20260209084500,cointelegraph.com,https://cointelegraph.com/news/btc-traders-wait-50k-bottom-five-things-bitcoin-this-week,"Bitcoin Price Forecasts Say $50,000 Is on the Way","-2.20959595959596,1.83080808080808,4.04040404040404,5.87121212121212,23.4217171717172,1.19949494949495,1443"
20260209084500,cointelegraph.com,https://cointelegraph.com/news/south-korea-fss-2026-crypto-price-manipulation-probes,South Korea Prepares Crypto Market Probes Under 2026 Policy Plan,"-7.57855822550832,1.29390018484288,8.8724584103512,10.1663585951941,24.7689463955638,0.184842883548983,503"
20260209084500,cointelegraph.com,https://cointelegraph.com/news/coinbase-backstreet-boys-karaoke-return-super-bowl-ad,Coinbase Returns to Super Bowl With Lo-Fi Karaoke Ad,"-0.522193211488251,2.61096605744125,3.1331592689295,5.74412532637076,20.6266318537859,1.0443864229765,352"
20260209084500,cointelegraph.com,https://cointelegraph.com/news/bitcoin-sharpe-ratio-falls-bear-market-bottom,Bitcoin Sharpe Ratio Hits Bear Market Lows At Negative 10,"-1.74563591022444,1.74563591022444,3.49127182044888,5.23690773067332,25.1870324189526,0.498753117206983,365"
20260102180000,newsbtc.com,https://www.newsbtc.com/news/bitcoin/bitcoins-150k-target-looks-unlikely-as-polymarket-odds-sink-to-23/,Bitcoin's $150K Target Looks Unlikely As Polymarket Odds Sink To 23%,"0.425531914893617,2.5531914893617,2.12765957446809,4.68085106382979,24.8936170212766,0.212765957446809,422"
20260102180000,newsbtc.com,https://www.newsbtc.com/xrp-news/xrp-price-if-it-overtakes-eth/,Here's How Much The XRP Price Will Be If It Overtakes Ethereum In Market Cap,"0,1.15830115830116,1.15830115830116,2.31660231660232,21.042471042471,0,469"
20260102171500,cointelegraph.com,https://cointelegraph.com/news/crypto-exchanges-okx-rwa-stablecoin-2026,What Major Exchanges Like OKX Are Planning for 2026,"0.784313725490196,2.64705882352941,1.86274509803922,4.50980392156863,20.3921568627451,0.980392156862745,907"
20260102171500,cointelegraph.com,https://cointelegraph.com/news/pepe-bonk-double-digit-gains-are-memecoins-back,Memecoins Surge: PEPE Soars 23% as Market Cap Hits Two-Week High,"0.78125,1.25,0.46875,1.71875,22.34375,0,550"
20260102171500,cointelegraph.com,https://cointelegraph.com/news/price-predictions-1-2-btc-eth-bnb-xrp-sol-doge-ada-bch-link-zec,"Price Predictions: BTC, ETH, BNB, XRP, SOL, DOGE, ADA, BCH, LINK, ZEC","-0.982961992136305,2.03145478374836,3.01441677588467,5.04587155963303,26.4089121887287,0.0655307994757536,1408"
20260102171500,cointelegraph.com,https://cointelegraph.com/news/bitcoin-bulls-charge-90k-traders-cme-gap-for-btc-price-dip,"Bitcoin Seeks $90,000 Resistance Flip Into 2026 Wall Street Open","-0.17825311942959,3.38680926916221,3.5650623885918,6.95187165775401,21.9251336898396,1.06951871657754,506"
20260102171500,cointelegraph.com,https://cointelegraph.com/news/bitfarms-latam-paraguay-sale,Bitfarms Exits Latam with $30M Facility Sale,"1.56739811912226,2.19435736677116,0.626959247648903,2.82131661442006,20.6896551724138,0.626959247648903,293"
20260102171500,cointelegraph.com,https://cointelegraph.com/news/russia-cracks-down-on-illegal-crypto-miners-india-lobbies-for-cbdcs-global-express,"Russia Cracks Down on Illegal Miners, India Pushes CBDCs","-1.0989010989011,2.3976023976024,3.4965034965035,5.89410589410589,22.5774225774226,0.2997002997003,918"
20260102173000,bitcoinmagazine.com,https://bitcoinmagazine.com/news/turkmenistan-legalizes-crypto-mining,Turkmenistan Legalizes Crypto Elements Under Tight Control,"-0.925925925925926,2.5462962962963,3.47222222222222,6.01851851851852,20.8333333333333,0,386"
20260102173000,coindesk.com,https://www.coindesk.com/business/2026/01/02/tom-lee-urges-bitmine-shareholders-to-approve-share-increase-ahead-of-jan-14-vote,BitMine Immersion (BMNR) news: Chairman Tom Lee makes case for major share count increase,"2.88461538461538,3.84615384615385,0.961538461538462,4.80769230769231,23.7179487179487,1.6025641025641,279"
20260102173000,coindesk.com,https://www.coindesk.com/business/2026/01/02/bitcoin-miner-bitfarms-to-exit-latin-america-with-usd30m-sale-of-paraguay-site,Bitfarms (BITF) leaving Latin America with sale of Paraguay site,"2.13675213675214,2.13675213675214,0,2.13675213675214,24.7863247863248,2.99145299145299,214"
20260102173000,coindesk.com,https://www.coindesk.com/business/2026/01/02/usd110-billion-in-crypto-left-south-korea-in-2025-owing-to-strict-trading-rules,$110B in crypto leaves South Korea in 2025 as trading rules lag global markets,"-2.35294117647059,0.882352941176471,3.23529411764706,4.11764705882353,21.7647058823529,0.882352941176471,306"
20260102173000,coindesk.com,https://www.coindesk.com/markets/2026/01/02/bitcoin-pushes-above-usd90-000-as-traders-eye-change-in-pattern,"Bitcoin price (BTC) news: Rare U.S. session gains have bitcoin trading above $90,000","1.99203187250996,1.99203187250996,0,1.99203187250996,17.9282868525896,1.19521912350598,216"
20260224083000,coindesk.com,https://www.coindesk.com/business/2026/02/23/tether-backed-crypto-exchange-is-ditching-the-retail-label-to-build-the-secret-plumbing-for-europe-s-biggest-banks,Tether-backed crypto exchange is ditching the 'retail' label to build the secret plumbing for Europe's biggest banks,"0.198807157057654,1.98807157057654,1.78926441351889,3.77733598409543,19.0854870775348,0.99403578528827,444"
20260224083000,coindesk.com,https://www.coindesk.com/markets/2026/02/24/bitcoin-s-price-discovery-is-moving-to-chicago,Bitcoin's price discovery is moving to Chicago,"-1.53846153846154,1.36752136752137,2.90598290598291,4.27350427350427,21.5384615384615,0.512820512820513,537"
20260224083000,coindesk.com,https://www.coindesk.com/markets/2026/02/24/bitcoin-dips-under-usd63-000-and-history-says-more-pain-ahead-before-bottom-forms,"Bitcoin (BTC) dips under $63,000 and history says more pain ahead before bottom forms","-1.13895216400911,1.82232346241458,2.96127562642369,4.78359908883827,24.6013667425968,1.13895216400911,388"
20260224083000,coindesk.com,https://www.coindesk.com/markets/2026/02/24/eth-sol-xrp-extend-losses-as-ai-scare-trade-unsettles-risk-markets,"BTC, ETH, SOL, XRP extend losses as AI scare trade unsettles risk markets","-5.26315789473684,1.31578947368421,6.57894736842105,7.89473684210526,22.5563909774436,0.56390977443609,493"
20260224083000,coindesk.com,https://www.coindesk.com/markets/2026/02/24/jane-street-faces-claims-of-insider-trading-that-sped-up-terraform-s-2022-collapse-ft,Jane Street faces claims of insider trading that sped up Terraform's 2022 collapse,"-4.41988950276243,2.20994475138122,6.62983425414365,8.83977900552486,21.3627992633518,0.736648250460405,491"
20260224101500,cointelegraph.com,https://magazine.cointelegraph.com/bitdeer-sells-all-bitcoin-metaplanet-rejects-misconduct-claims-asia-express/,"Bitdeer sells all Bitcoin, Metaplanet rejects misconduct claims: Asia Express","-2.16368767638758,1.9755409219191,4.13922859830668,6.11476952022578,19.755409219191,0.188146754468485,974"
20260224101500,cointelegraph.com,https://cointelegraph.com/news/trm-labs-finray-crypto-fiat-monitoring-mica-compliance,"TRM Labs, Finray Launch Crypto and Fiat Monitoring","-1.69902912621359,2.42718446601942,4.12621359223301,6.55339805825243,16.504854368932,0.485436893203883,356"
20260120161500,bitcoinmagazine.com,https://bitcoinmagazine.com/markets/bitcoin-price-slumps-6-in-two-days,"Bitcoin Price Slumps 6% In Two Days, Falls Below $90,000","-2.68256333830104,1.78837555886736,4.47093889716841,6.25931445603577,19.672131147541,0,582"
20260120161500,bitcoinmagazine.com,https://bitcoinmagazine.com/authors/juan-galt?mab_v3=49989,Juan Galt - Author Archives - Bitcoin Magazine,"-2.77777777777778,0,2.77777777777778,2.77777777777778,11.1111111111111,0,32"
20260120161500,bitcoinmagazine.com,https://bitcoinmagazine.com/news/strategy-mstr-spends-2-13-billion,"Strategy ($MSTR) Spends $2.13 Billion To Buy 22,305 Bitcoin","0,3.66598778004073,3.66598778004073,7.33197556008147,20.162932790224,0,432"
20260131000000,newsbtc.com,https://www.newsbtc.com/news/litecoin/why-litecoin-going-to-2000/,"Why Litecoin Price Going To $2,000 Is Not A Fantasy, But Market Cap Math","0.204498977505112,1.22699386503067,1.02249488752556,2.24948875255624,25.3578732106339,0,433"
20260131000000,newsbtc.com,https://www.newsbtc.com/bitcoin-news/bitcoin-could-find-next-bottom-near-50000-based-on-gold-ratio-expert-warns/,"Bitcoin Could Find Next Bottom Near $50,000 Based On Gold Ratio, Expert Warns","1.88087774294671,4.07523510971787,2.19435736677116,6.26959247648903,19.5924764890282,0,574"
20260131000000,newsbtc.com,https://www.newsbtc.com/bitcoin-news/bitcoin-miner-fees-remain-near-cycle-lows-what-does-this-signal/,Bitcoin Miner Fees Remain Near Cycle Lows: What Does This Signal?,"-4.23131170662905,1.69252468265162,5.92383638928068,7.6163610719323,23.6953455571227,0,667"
20260131001500,bitcoinmagazine.com,https://bitcoinmagazine.com/news/tennessee-strategic-bitcoin-reserve,Tennessee Lawmakers Weigh Strategic Bitcoin Reserve Bill,"1.42045454545455,3.69318181818182,2.27272727272727,5.96590909090909,27.5568181818182,0,645"
20260131001500,bitcoinmagazine.com,https://bitcoinmagazine.com/news/plan-b-network-cyphertank-bitcoin,Plan B Network Launches CypherTank Bitcoin Pitch Series,"4.54545454545454,6.06060606060606,1.51515151515152,7.57575757575758,23.6363636363636,0,290"
20260124103000,newsbtc.com,https://www.newsbtc.com/binance/binance-founder-cz-addresses-trump%E2%80%91related-controversy-in-latest-statement/,Binance Founder CZ Addresses Trump&#x2011;Related Controversy In Latest Statement,"-1.46103896103896,2.11038961038961,3.57142857142857,5.68181818181818,23.3766233766234,0.487012987012987,575"
20260124103000,newsbtc.com,https://www.newsbtc.com/xrp-news/expert-forecasts-5-xrp-price-as-exchange-balances-plummet-by-57/,Expert Forecasts $5 XRP Price As Exchange Balances Plummet By 57%,"-2.82258064516129,1.20967741935484,4.03225806451613,5.24193548387097,18.75,0,444"
20260124103000,newsbtc.com,https://www.newsbtc.com/news/dogecoin/dogecoin-wedge-breakout-could-powerful-analyst/,"Dogecoin Wedge Breakout Could Be ""Powerful,"" Analyst Says","1.4957264957265,2.13675213675214,0.641025641025641,2.77777777777778,28.4188034188034,0,443"
20260119171500,bitcoinmagazine.com,https://bitcoinmagazine.com/news/blockspace-acquires-bitcoin-layers,Blockspace Acquires Bitcoin Layers To Expand Intelligence,"0.952380952380952,1.42857142857143,0.476190476190476,1.9047619047619,20.4761904761905,0.952380952380952,363"
20260119174500,cointelegraph.com,https://cointelegraph.com/news/korea-busts-101m-remittance-ring-wechat-crypto-wallets,"Korea Customs $101M Remittance Ring WeChat, Crypto Wallets","-5.17711171662125,0.544959128065395,5.72207084468665,6.26702997275204,17.4386920980926,0.272479564032698,339"
20260119174500,cointelegraph.com,https://cointelegraph.com/news/xrp-slips-below-dollar2-despite-steady-etf-demand-and-high-network-activity,"XRP Below $2: Strong ETF Demand, High Transactions Fail to Lift Price","-0.77319587628866,2.06185567010309,2.83505154639175,4.89690721649485,21.2628865979381,0.257731958762887,679"
20260119174500,cointelegraph.com,https://cointelegraph.com/news/how-bitcoin-mining-heat-is-being-tested-to-warm-canadian-greenhouses,How Bitcoin Mining Waste Heat Is Being Used to Warm Canadian Greenhouses,"1.04417670682731,3.45381526104418,2.40963855421687,5.86345381526104,25.140562248996,0.321285140562249,1172"
20260119174500,cointelegraph.com,https://cointelegraph.com/news/us-bitcoin-traders-flip-bearish-is-btc-price-risk-losing-90k,Bitcoin Sell-Pressure Is Coming From US Traders: Can BTC Drop to $80K?,"-3.48258706467662,2.7363184079602,6.21890547263682,8.95522388059701,25.3731343283582,1.99004975124378,369"
20260119174500,cointelegraph.com,https://cointelegraph.com/news/what-btq-s-bitcoin-quantum-testnet-reveals-about-old-btc-risk,"BTQ's Bitcoin Quantum Testnet and ""Old BTC"" Risk, Explained","-3.07907627711686,1.39958012596221,4.47865640307908,5.87823652904129,23.8628411476557,0.209937018894332,1271"
20260119174500,cointelegraph.com,https://cointelegraph.com/press-releases/changelly-and-onto-wallet-bring-cross-chain-swaps-into-the-wallet-layer,Changelly and ONTO Wallet bring cross-chain swaps into the wallet layer,"2.67515923566879,3.05732484076433,0.382165605095541,3.43949044585987,21.7834394904459,0.254777070063694,699"
20260119174500,cointelegraph.com,https://cointelegraph.com/news/nyse-develops-blockchain-trading-platform-tokenized-stocks-etfs,NYSE Develops Tokenized Stocks Platform With 24-Hour Trading,"1.86915887850467,3.73831775700935,1.86915887850467,5.60747663551402,21.4953271028037,1.4018691588785,381"
20260119160000,newsbtc.com,https://www.newsbtc.com/analysis/xrp/xrp-could-surge-another-30/,XRP Price Could Surge Another 30% If This Trend Is Confirmed,"-3.29218106995885,1.64609053497942,4.93827160493827,6.5843621399177,25.7201646090535,0,455"
20260119160000,newsbtc.com,https://www.newsbtc.com/news/why-is-bitcoin-and-crypto-down-today-2/,Why Is Bitcoin And Crypto Down Today? Key Drivers Behind The Move,"-5.85197934595525,1.03270223752151,6.88468158347676,7.91738382099828,19.9655765920826,1.37693631669535,507"
20260121021500,newsbtc.com,https://www.newsbtc.com/breaking-news-ticker/trump-media-set-to-issue-non-transferable-crypto-tokens-cutoff-date-february-2/,"Trump Media Set to Issue Non-Transferable Crypto Tokens, Cutoff Date February 2","4.33526011560694,5.20231213872832,0.867052023121387,6.06936416184971,24.8554913294798,0.578034682080925,314"
20260121021500,newsbtc.com,https://www.newsbtc.com/bitcoin-news/bitcoin-bear-market-depths-a-closer-look-at-how-low-btc-could-go/,Bitcoin Bear Market Depths: A Closer Look At How Low BTC Could Go,"-3.39702760084926,1.69851380042463,5.09554140127389,6.79405520169851,22.9299363057325,0,434"
20260121021500,newsbtc.com,https://www.newsbtc.com/bitcoin-news/bitcoins-most-recent-moves/,Bitcoin's Most Recent Moves Are Happening Without Retail Participation,"-2.67175572519084,1.7175572519084,4.38931297709924,6.10687022900763,28.2442748091603,0,497"
20260121021500,newsbtc.com,https://www.newsbtc.com/bitcoin-news/bitcoin-whale-panic-fades-sell-pressure-binance/,Bitcoin Whale Panic Fades: Sell Pressure On Binance Falls Off A Cliff,"-3.37711069418387,0.375234521575985,3.75234521575985,4.12757973733583,25.891181988743,0.187617260787992,486"
20260121024500,cointelegraph.com,https://cointelegraph.com/news/bitcoin-delaware-life-retirement-annuity-portfolio,Bitcoin Enters Delaware Life's Retirement Annuity Portfolio,"-1.15740740740741,1.38888888888889,2.5462962962963,3.93518518518519,20.8333333333333,1.62037037037037,390"
20260121024500,cointelegraph.com,https://cointelegraph.com/news/crypto-market-crash-deepens-as-investors-digest-trump-tariff-threat,"Crypto Market Crumbles As Greenland Row, Trump Tariffs Spook Investors","-3.90143737166324,2.46406570841889,6.36550308008214,8.82956878850103,21.1498973305955,1.84804928131417,442"
20260121024500,cointelegraph.com,https://cointelegraph.com/news/fundstrat-lee-sees-tough-start-market-prices-2026,Fundstrat's Lee Sees Painful Market Decline to Start 2026,"-1.23152709359606,2.70935960591133,3.94088669950739,6.65024630541872,23.1527093596059,1.47783251231527,367"
20260121024500,cointelegraph.com,https://cointelegraph.com/news/bitcoin-whale-sharks-accumulate-conditions-breakout-santiment,Bitcoin Smart Money Loads Up Amid Retail Dump: Santiment,"-1.75879396984925,2.01005025125628,3.76884422110553,5.77889447236181,19.0954773869347,0.251256281407035,354"
20260129140000,newsbtc.com,https://www.newsbtc.com/analysis/xrp/xrp-not-a-crypto-question/,"Pundit Says XRP Price Is Not A 'Crypto' Question, But A Systemically Important Liquidity Asset","-1.33843212237094,1.1472275334608,2.48565965583174,3.63288718929254,22.5621414913958,0,480"
20260129114500,coindesk.com,https://www.coindesk.com/markets/2026/01/29/weaker-dollar-fails-to-spur-bitcoin-gains-but-there-s-a-reason-for-that-jpmorgan-says,"Weaker dollar fails to spur BTC price gains, here's the reason why","-1.13378684807256,2.26757369614512,3.40136054421769,5.66893424036281,23.1292517006803,0.90702947845805,397"
20260129114500,coindesk.com,https://www.coindesk.com/markets/2026/01/29/more-than-half-of-bitcoin-s-invested-supply-has-a-cost-basis-above-usd88-000,"More than half of BTC invested supply has a cost basis above $88,000","-0.301204819277109,1.80722891566265,2.10843373493976,3.91566265060241,22.8915662650602,0.903614457831325,309"
20260129114500,coindesk.com,https://www.coindesk.com/markets/2026/01/29/metaplanet-raises-up-to-usd137m-to-expand-bitcoin-holdings-and-reduce-debt,Metaplanet (3350) is raising $137 million to pay down debt and buy even more bitcoin,"-2.04081632653061,1.36054421768707,3.40136054421769,4.76190476190476,23.8095238095238,1.02040816326531,270"
20260129114500,coindesk.com,https://www.coindesk.com/markets/2026/01/29/number-of-wallets-with-1-million-xrp-is-rising-again,Ripple News: Number of wallets with 1 million XRP is rising again,"-1.24688279301746,1.49625935162095,2.7431421446384,4.23940149625935,21.6957605985037,0.748129675810474,349"
20260223144500,bitcoinmagazine.com,https://bitcoinmagazine.com/news/missouri-advances-state-bitcoin-reserve,Missouri Advances Legislation For A State Bitcoin Reserve,"1.73745173745174,4.44015444015444,2.7027027027027,7.14285714285714,25.2895752895753,0,463"
20260223144500,bitcoinmagazine.com,https://bitcoinmagazine.com/news/strategy-makes-100th-bitcoin-purchase,"Strategy (MSTR) Makes 100th Bitcoin Purchase, Adds 592 BTC","0.66079295154185,3.30396475770925,2.6431718061674,5.94713656387665,19.3832599118943,0.66079295154185,396"
20260223144500,bitcoinmagazine.com,https://store.bitcoinmagazine.com/pages/the-bitcoin-tao,The Bitcoin Tao,"2.40963855421687,2.40963855421687,0,2.40963855421687,13.2530120481928,0,73"
20260223144500,bitcoinmagazine.com,https://bitcoinmagazine.com/news/bitdeer-btdr-dumps-bitcoin-treasury,Bitdeer ($BTDR) Sells All Bitcoin After Eight-Week Drawdown,"-1.78571428571429,1.63690476190476,3.42261904761905,5.05952380952381,19.047619047619,0.148809523809524,609"
20260223154500,cointelegraph.com,https://cointelegraph.com/opinion/bitcoin-message-emancipation,Bitcoin's True Message Is Not decentralization; It's Emancipation,"1.15803814713897,4.29155313351499,3.13351498637602,7.42506811989101,21.5258855585831,1.36239782016349,1297"
20260223154500,cointelegraph.com,https://cointelegraph.com/news/bitcoin-treasury-selling-streak-btc-66-000,"Bitcoin Treasuries Log Rare Selling Streak as BTC Trades near $66,000","-1.04529616724739,3.48432055749129,4.52961672473868,8.01393728222996,24.390243902439,0.696864111498258,509"
20260223154500,cointelegraph.com,https://cointelegraph.com/news/socialfi-memecoins-ai-pushed-base-l2-ladder,"How Socialfi, Memecoins and AI Pushed Base to the Top of the L2 Ladder","0.52863436123348,2.11453744493392,1.58590308370044,3.70044052863436,20.5286343612335,0.176211453744493,1006"
20260223154500,cointelegraph.com,https://cointelegraph.com/sponsored/points-build-transactions-ownership-builds-loyalty-interview-with-sequra,"'Points build transactions, ownership builds loyalty' &#x2014; Interview with seQura","3.90070921985816,6.91489361702128,3.01418439716312,9.9290780141844,23.6702127659574,1.68439716312057,995"
20260223154500,cointelegraph.com,https://cointelegraph.com/news/austria-regulator-slaps-new-business-ban-kucoin-eu,Austria's Regulator Slaps New Business Ban on KuCoin EU,"-0.87912087912088,3.51648351648352,4.3956043956044,7.91208791208791,18.021978021978,0,415"
20260223154500,cointelegraph.com,https://cointelegraph.com/news/ex-revolut-employee-crypto-trader-extortion-doxxing,Revolut Confirms Ex-Employee Threatened to Leak KYC Data for Crypto Ransom,"-7.04960835509138,0.783289817232376,7.83289817232376,8.61618798955614,17.7545691906005,0.261096605744125,352"
20260223154500,cointelegraph.com,https://cointelegraph.com/news/how-many-people-actually-pay-with-bitcoin-real-use-cases-revealed,How Many People Actually Pay With Bitcoin? Real Use Cases Revealed,"-0.558312655086849,2.04714640198511,2.60545905707196,4.65260545905707,21.4019851116625,0.372208436724566,1510"
20260223154500,cointelegraph.com,https://cointelegraph.com/news/standard-chartered-2t-stablecoin-forecast-2028-t-bill-demand-trim,"Standard Chartered Reaffirms $2T Stablecoin Call, Trims T-Bill View","1.77664974619289,3.55329949238579,1.77664974619289,5.32994923857868,21.3197969543147,2.03045685279188,351"
20260223154500,cointelegraph.com,https://cointelegraph.com/news/bitcoin-traders-diverge-over-btc-price-strength-with-60k-in-sight,"Bitcoin Teases 'First Steps' To Rebound as $65,000 Holds","-1.33333333333333,2.5,3.83333333333333,6.33333333333333,24.3333333333333,1.33333333333333,558"
20260223154500,cointelegraph.com,https://cointelegraph.com/news/strategy-100th-bitcoin-purchase-592-btc,Strategy Acquires 592 BTC in 100th Bitcoin Purchase,"2.98913043478261,3.53260869565217,0.543478260869565,4.07608695652174,19.5652173913043,0.271739130434783,321"
20260223154500,cointelegraph.com,https://cointelegraph.com/news/crypto-etp-five-week-exit-fresh-288-million-outflows,Bitcoin Funds Lead Weekly Outflows As Short-BTC Inflows Rise,"-2.66990291262136,0.728155339805825,3.39805825242718,4.12621359223301,14.8058252427184,1.21359223300971,373"
20260223154500,cointelegraph.com,https://cointelegraph.com/news/bitmine-shareholders-8-8b-paper-loss-downturn-ether,"Bitmine Faces $8.8B Paper Loss, Threatening 'Cyclical Downturn' for Ether","-0.924214417744917,2.77264325323475,3.69685767097967,6.46950092421442,21.996303142329,0,483"
20260223154500,cointelegraph.com,https://cointelegraph.com/news/fictional-2028-ai-memo-mass-layoffs-stablecoin-adoption,"AI Kills Jobs, Crypto Eats Payments: Citrini Research's 2028 Scenario","-0.539568345323741,4.31654676258993,4.85611510791367,9.1726618705036,20.3237410071942,0.179856115107914,495"
20260223154500,cointelegraph.com,https://cointelegraph.com/news/tether-flashes-bitcoin-bottom-signal-can-btc-100-percent-rally,Bitcoin Bottom at $60k? The Answer Might Be in Tether's Market Cap Chart,"-1.14068441064639,1.33079847908745,2.47148288973384,3.80228136882129,25.8555133079848,0,455"
20260223161500,newsbtc.com,https://www.newsbtc.com/bitcoin-news/bitcoin-buying-spree-nears-century-mark-saylor-hints/,"Bitcoin Buying Spree Nears Century Mark, Saylor Hints","0.829875518672199,2.69709543568465,1.86721991701245,4.5643153526971,30.9128630705394,0,451"
20260223161500,newsbtc.com,https://www.newsbtc.com/xrp-news/xrp-short-term-risk-whale-inflows-binance/,XRP Faces Short-Term Risk As Whale Inflows Hit Binance,"-1.5025041736227,1.0016694490818,2.50417362270451,3.50584307178631,23.5392320534224,0,539"
20260223161500,newsbtc.com,https://www.newsbtc.com/news/bitcoin/bitcoin-mirrors-software-stocks/,Bitcoin Mirrors Software Stocks More Than Any Other Market &#x2014; Here's Why,"2.06611570247934,3.92561983471074,1.8595041322314,5.78512396694215,25.6198347107438,0,452"
20260223140000,coindesk.com,https://www.coindesk.com/daybook-us/2026/02/23/tariff-travails-resurface-bitcoin-holders-prepare-for-declines,"Tariff travails resurface, bitcoin holders prepare for declines: Crypto Daybook Americas","-0.918727915194346,1.90812720848057,2.82685512367491,4.73498233215548,18.7985865724382,0.282685512367491,1226"
20260223140000,coindesk.com,https://www.coindesk.com/markets/2026/02/23/circle-internet-crypto-miners-report-earnings-crypto-week-ahead,"Circle Internet, crypto miners report earnings: Crypto Week Ahead","0.864864864864865,1.40540540540541,0.540540540540541,1.94594594594595,19.3513513513514,0.324324324324324,630"
20260223140000,coindesk.com,https://www.coindesk.com/markets/2026/02/23/pre-market-trading-stabilizes-as-bitcoin-reclaims-usd66-000-saylor-eyes-100th-btc-purchase,"Pre-market trading stabilizes as bitcoin (BTC) reclaims $66,000","-1.74216027874564,3.13588850174216,4.8780487804878,8.01393728222996,22.9965156794425,1.39372822299652,268"
20260223140000,coindesk.com,https://www.coindesk.com/business/2026/02/23/u-s-treasury-may-boost-t-bill-issuance-as-stablecoins-eye-usd2-trillion-market-cap-stanchart,U.S. Treasury may boost T-Bill issuance as stablecoins eye $2 trillion market cap: StanChart,"0,2.98210735586481,2.98210735586481,5.96421471172962,24.4532803180915,0.596421471172962,433"
20260223140000,coindesk.com,https://www.coindesk.com/markets/2026/02/23/overnight-crypto-rout-reverses-bitcoin-rebounds-to-usd66-300,"Bitcoin (BTC) price hit by swift Asia-hours selloff, stages partial recovery","-3.35463258785942,2.07667731629393,5.43130990415335,7.50798722044728,19.8083067092652,0.479233226837061,546"
20260223140000,coindesk.com,https://www.coindesk.com/markets/2026/02/23/bitdeer-empties-bitcoin-treasury-as-miners-accelerate-industry-wide-ai-pivot,Bitdeer sold all its bitcoin (BTC) to fund its move into AI data centers,"0.239808153477218,1.91846522781775,1.67865707434053,3.59712230215827,23.021582733813,0.719424460431655,381"
20260223140000,coindesk.com,https://www.coindesk.com/markets/2026/02/23/mexican-billionaire-ricardo-salinas-remains-bullish-on-bitcoin-after-plunge,Mexican billionaire Ricardo Salinas remains bullish on bitcoin after plunge,"0.448430493273543,3.58744394618834,3.1390134529148,6.72645739910314,23.3183856502242,1.79372197309417,204"
20260223140000,coindesk.com,https://www.coindesk.com/markets/2026/02/23/bitcoin-balances-on-binance-hit-highest-since-november-2024-here-s-what-it-means,Bitcoin (BTC) balances on Binance hit highest since November 2024: here's what it means,"0,1.61290322580645,1.61290322580645,3.2258064516129,20.9677419354839,1.20967741935484,231"
20260223140000,coindesk.com,https://www.coindesk.com/markets/2026/02/23/strategy-logs-100th-bitcoin-purchase-announcement-adding-592-coins-last-week-for-usd39-8-million,Strategy news: MSTR acquired 592 BTC last week,"1.02040816326531,2.04081632653061,1.02040816326531,3.06122448979592,20.4081632653061,1.53061224489796,176"
20260113081500,cointelegraph.com,https://cointelegraph.com/news/bitwise-bitcoin-401k-ban-ridiculous-warren-sec,"Bitwise CIO Argues for Bitcoin in 401(k)s, as Senator Warren Questions SEC","-2.10696920583468,2.26904376012966,4.37601296596434,6.645056726094,19.2868719611021,1.29659643435981,565"
20260113081500,cointelegraph.com,https://cointelegraph.com/news/clearer-fiscal-and-monetary-signals-risk-on-outlook-q1-vaneck,VanEck Predicts Risk-On Q1 2026 With Improved Fiscal Clarity,"-1.54559505409583,1.85471406491499,3.40030911901082,5.25502318392581,21.7928902627512,0.772797527047913,572"
20260113081500,newsbtc.com,https://www.newsbtc.com/analysis/doge/dogecoin-doge-edges-lower-0-140/,"Dogecoin (DOGE) Edges Into a Decisive Zone, Traders on High Alert","-0.656455142231947,2.62582056892779,3.28227571115974,5.90809628008753,27.7899343544858,0.218818380743982,397"
20260113081500,newsbtc.com,https://www.newsbtc.com/analysis/xrp/xrp-price-weakness-deepens-2-020/,"XRP Price Weakness Deepens, Opening the Door to a Sharper Drop","-0.833333333333333,2.08333333333333,2.91666666666667,5,29.7916666666667,0,454"
20260113081500,newsbtc.com,https://www.newsbtc.com/bitcoin-news/bitcoin-hodler-selloff-ending-lth-outflows-decline/,Bitcoin HODLer Selloff Ending? LTH Outflows Decline,"-0.75187969924812,1.69172932330827,2.44360902255639,4.13533834586466,29.8872180451128,0,500"
20260114123000,newsbtc.com,https://www.newsbtc.com/news/bitcoin/bitcoins-new-power-buyers-companies-bought-3-times-what-miners-produced/,Bitcoin Buyers: Companies Bought 3 Times What Miners Produced,"0.407331975560081,2.24032586558045,1.83299389002037,4.07331975560081,25.4582484725051,0.407331975560081,430"
20260114124500,cointelegraph.com,https://cointelegraph.com/news/bankinter-30m-bit2me-investment-eu-fintech-expansion,Bankinter Takes Stake In Bit2Me Alongside Tether And BBVA,"3.0952380952381,3.33333333333333,0.238095238095238,3.57142857142857,17.8571428571429,0.714285714285714,376"
20260114124500,cointelegraph.com,https://cointelegraph.com/news/french-regulator-flags-90-crypto-firms-not-licensed-under-mica-report,France Flags Unlicensed Crypto Firms Ahead Of MiCA Deadline,"-3.6697247706422,1.37614678899083,5.04587155963303,6.42201834862385,20.1834862385321,0,404"
20260114124500,cointelegraph.com,https://cointelegraph.com/news/bitcoin-rests-96-5k-high-analysis-us-tariff-ruling-priced-in,"Bitcoin Eyes $100,000 Target as Analysis Shrugs Off Risk-Asset Bear Threats","-2.60756192959583,2.47718383311604,5.08474576271187,7.5619295958279,22.6857887874837,0.91264667535854,698"
20260114124500,cointelegraph.com,https://cointelegraph.com/news/backpack-exchange-launches-beta-testing-of-prediction-market-platform,Backpack Exchange Launches Unified Prediction Market Beta,"-1.34048257372654,2.41286863270777,3.75335120643432,6.16621983914209,24.1286863270777,0.268096514745308,346"
20260226140000,coindesk.com,https://www.coindesk.com/markets/2026/02/26/bitcoin-stalls-near-usd70-000-while-dot-uni-lead-altcoin-surge,Bitcoin holds range as leverage builds in ether and cardano: Crypto Markets Today,"-1.57790927021696,1.9723865877712,3.55029585798817,5.52268244575937,22.4852071005917,0,451"
20260226140000,coindesk.com,https://www.coindesk.com/daybook-us/2026/02/26/bitcoin-s-bounce-fails-to-convince-options-traders,BTC's price bounce fails to convince options traders: Crypto Daybook Americas,"0.213068181818182,1.98863636363636,1.77556818181818,3.76420454545455,17.6846590909091,0.0710227272727273,1169"
20260226140000,coindesk.com,https://www.coindesk.com/markets/2026/02/26/three-companies-add-strategy-s-strc-to-treasury-as-shares-return-to-par,Three companies add MSTR's STRC to treasury as shares return to par,"3.38983050847458,4.23728813559322,0.847457627118644,5.08474576271187,21.1864406779661,0,225"
20260226140000,coindesk.com,https://www.coindesk.com/markets/2026/02/26/why-crypto-x-thinks-jane-street-crashed-bitcoin-and-what-s-actually-behind-the-10-am-slam,Was Jane Street behind the bitcoin crash? A deep dive into why that theory may not not hold,"-3.30578512396694,1.5702479338843,4.87603305785124,6.44628099173554,23.801652892562,0,1094"
20260226140000,coindesk.com,https://www.coindesk.com/tech/2026/02/26/ethereum-foundation-drops-most-ambitious-roadmap-in-years-targets-finality-in-seconds-by-2029,"Ethereum news: Devs targets finality in seconds by 2029, boosting ether (ETH) bull case","0.656167979002625,2.6246719160105,1.96850393700787,4.59317585301837,20.8661417322835,0.26246719160105,695"
20260226140000,coindesk.com,https://www.coindesk.com/policy/2026/02/26/indiana-joins-seven-other-u-s-states-in-passing-bills-allowing-crypto-in-public-pensions,Indiana prepares to put bitcoin (BTC) in its public retirement plans,"-3.78548895899054,1.26182965299685,5.04731861198738,6.30914826498423,14.8264984227129,0,289"
20260226140000,coindesk.com,https://www.coindesk.com/business/2026/02/26/sts-digital-raises-usd30-million-to-expand-crypto-options-platform,STS Digital raises $30 million to expand crypto options platform,"0,1.9047619047619,1.9047619047619,3.80952380952381,22.3809523809524,1.9047619047619,187"
20260226140000,coindesk.com,https://www.coindesk.com/business/2026/02/26/trump-family-linked-american-bitcoin-posts-usd59-million-q4-loss-as-bitcoin-price-slides,Trump-linked bitcoin mining company lost $153 million last year,"-0.940438871473354,2.50783699059561,3.44827586206897,5.95611285266458,23.1974921630094,0,290"
20260226141500,cointelegraph.com,https://cointelegraph.com/news/how-does-trump-influence-bitcoin-price,How Does Trump Influence the Price of Bitcoin?,"-0.235404896421846,2.73069679849341,2.96610169491525,5.69679849340866,21.2806026365348,1.27118644067797,1900"
20260226141500,cointelegraph.com,https://cointelegraph.com/news/bitcoin-etf-rise-507-million-inflows-btc-reclaims-68k,Bitcoin ETFs Gain Momentum as BlackRock Leads Inflows,"-2.3454157782516,2.13219616204691,4.47761194029851,6.60980810234542,17.4840085287846,0.852878464818763,416"
20260226141500,cointelegraph.com,https://cointelegraph.com/news/indiana-crypto-rights-bill-governor-signature,Indiana Crypto Rights Bill Heads for Governor's Signature,"-0.674157303370787,2.92134831460674,3.59550561797753,6.51685393258427,20.6741573033708,0.224719101123596,387"
20260226141500,cointelegraph.com,https://magazine.cointelegraph.com/clarity-act-micas-defi-mistake-lawyer-warns/,"Clarity Act risks repeat of Europe's mistakes, crypto lawyer warns","-0.287631831255992,2.97219558964525,3.25982742090125,6.2320230105465,21.6682646212848,2.20517737296261,960"
20260226141500,cointelegraph.com,https://cointelegraph.com/news/telegram-ton-wallet-vaults-earn-btc-eth-usdt,"Wallet in Telegram Adds DeFi ""Vaults"" to Earn on BTC, ETH and USDt","2.87206266318538,4.17754569190601,1.30548302872063,5.48302872062663,16.9712793733681,0.261096605744125,352"
20260226141500,cointelegraph.com,https://cointelegraph.com/news/bitcoin-traders-explain-why-80k-next-target-for-bulls,"Bitcoin Price Eyes $80,000 Liquidity Grab as ETFs Resume Buying BTC","0.190114068441065,1.90114068441065,1.71102661596958,3.61216730038023,23.574144486692,0.190114068441065,472"
20260226141500,cointelegraph.com,https://cointelegraph.com/news/rising-middle-east-tensions-safe-haven-demand-gold-investors-flee-equities-bitcoin,"Middle East Tensions Drive Flight to Gold as Investors Exit Equities, BTC","0.547445255474452,4.74452554744525,4.1970802919708,8.94160583941606,18.2481751824818,0.72992700729927,483"
20260226143000,bitcoinmagazine.com,https://bitcoinmagazine.com/culture/growing-creative-literacy-in-the-age-of-bitcoin-a-conversation-with-bruce-barone-jr-of-brainsprout,Growing Creative Literacy In The Age Of Bitcoin: A Conversation With Bruce Barone Jr. Of BrainSprout,"2.88248337028825,4.54545454545455,1.6629711751663,6.20842572062084,20.2882483370288,1.99556541019956,797"
20260226143000,bitcoinmagazine.com,https://bitcoinmagazine.com/culture/discord-wants-your-face-heres-why-you-should-say-no,"Discord Wants Your Face, Here's Why You Should Say No","-2.17054263565892,2.01550387596899,4.18604651162791,6.2015503875969,20.4651162790698,3.25581395348837,544"
20260226161500,newsbtc.com,https://www.newsbtc.com/news/bitcoin/bitcoin-price-lows-doomed/,Bitcoin Price Lows: Analyst Says We're Doomed If This Happen,"-0.24330900243309,2.18978102189781,2.4330900243309,4.62287104622871,30.4136253041363,0,385"
20260226161500,newsbtc.com,https://www.newsbtc.com/bitcoin-news/bitcoin-breaks-past-69000-as-wall-street-steadies-and-etf-money-returns/,"Bitcoin Breaks Past $69K As Wall Street Steadies, ETF Money Returns","-0.638297872340425,2.12765957446809,2.76595744680851,4.8936170212766,23.4042553191489,0.638297872340425,443"
20260226161500,newsbtc.com,https://www.newsbtc.com/bitcoin-news/jane-street-bitcoin-expert-debunks-myth/,Is Jane Street Why Bitcoin Isn't At $150K? Expert Debunks The Myth,"-2.25479143179256,2.14205186020293,4.39684329199549,6.53889515219842,27.6211950394589,0.225479143179256,811"
20260130023000,coindesk.com,https://www.coindesk.com/markets/2026/01/29/crypto-hit-hardest-in-market-selloff-with-analysts-seeing-bitcoin-in-deeper-pullback-to-usd70-000,"Bitcoin price outlook: $70,000 could be in play for BTC, say analysts","-1.32827324478178,3.60531309297913,4.93358633776091,8.53889943074004,21.0626185958254,0.759013282732448,471"
20260130023000,coindesk.com,https://www.coindesk.com/policy/2026/01/29/el-salvador-s-central-bank-buys-usd50-million-of-gold-as-government-keeps-adding-bitcoin,Nayib Bukele and El Salvador buying dips in bitcoin and gold,"2.7027027027027,3.78378378378378,1.08108108108108,4.86486486486486,18.9189189189189,2.16216216216216,166"
20260130023000,coindesk.com,https://www.coindesk.com/markets/2026/01/29/bitcoin-pulls-back-to-usd81-000-as-horrendous-day-continues,Bitcoin price news: BTC hits fresh 2026 low as day's plunge continues,"-1.16279069767442,0.872093023255814,2.03488372093023,2.90697674418605,19.7674418604651,0.872093023255814,309"
20260130004500,cointelegraph.com,https://cointelegraph.com/news/bitfinex-bitcoin-longs-hit-2-year-high-is-a-rally-to-100k-possible,Bitcoin Longs Reach 2-Year High At Bitfinex: Bullish Or Bearish?,"-2.16962524654832,2.9585798816568,5.12820512820513,8.08678500986193,19.1321499013807,0.394477317554241,464"
20260130004500,cointelegraph.com,https://cointelegraph.com/news/crypto-custodian-copper-ipo-institutional-demand,Copper Explores IPO as Crypto Custody Draws Wall Street Interest,"-2.0460358056266,0.51150895140665,2.55754475703325,3.0690537084399,22.7621483375959,0.51150895140665,363"
20260113131500,cointelegraph.com,https://cointelegraph.com/news/kraken-spac-krakacquisition-250-million-ipo-infrastructure,Kraken Backs SPAC Filing For US Crypto Infrastructure IPO,"2.84237726098191,3.35917312661499,0.516795865633075,3.87596899224806,22.4806201550388,2.0671834625323,352"
20260113131500,cointelegraph.com,https://cointelegraph.com/news/nigeria-crypto-tax-ids-identity-reporting,Nigeria Uses Tax IDs to Trace Crypto Activity Without Onchain Monitoring,"-5.60538116591928,1.34529147982063,6.95067264573991,8.29596412556054,19.7309417040359,0,402"
20260113131500,cointelegraph.com,https://cointelegraph.com/news/italy-consob-esma-crypto-finfluencers-advertising-rules,Italy's CONSOB Warns Finfluencers on ESMA Crypto Risk Rules,"-3.82409177820268,2.86806883365201,6.69216061185468,9.56022944550669,18.1644359464627,0,463"
20260113131500,cointelegraph.com,https://cointelegraph.com/news/21shares-bold-etp-bitcoin-and-gold-exposure,21Shares Lists Bitcoin And Gold ETP On London Stock Exchange,"2.78422273781903,3.7122969837587,0.928074245939675,4.64037122969838,14.15313225058,0.232018561484919,396"
20260113131500,cointelegraph.com,https://cointelegraph.com/news/commerce-platforms-can-turn-loyalty-into-a-portable-asset-class-here-s-how,Commerce platforms can turn loyalty into a portable asset class: Here's how,"5.07131537242472,6.65610142630745,1.58478605388273,8.24088748019017,23.9302694136292,0,544"
20260113131500,cointelegraph.com,https://cointelegraph.com/news/26m-truebit-hack-smart-contract-vulnerability,$26M Truebit Hack Was Smart Contract Exploit: Analysis,"-7.31261425959781,2.74223034734918,10.054844606947,12.7970749542962,22.6691042047532,0,495"
20260113130000,newsbtc.com,https://www.newsbtc.com/xrp-news/xrp-to-new-all-time-highs/,Top Bullish Predictions That Put XRP Price At New All-Time Highs Above $3.8,"0.72992700729927,2.37226277372263,1.64233576642336,4.01459854014599,21.8978102189781,0,505"
20260113130000,newsbtc.com,https://www.newsbtc.com/news/ethereum/standard-chartered-ethereum-40000-by-2030/,"Standard Chartered: Ethereum At $40,000 By 2030, Cuts 2026 Target","-1.45833333333333,1.66666666666667,3.125,4.79166666666667,22.2916666666667,0.833333333333333,420"
20260113130000,newsbtc.com,https://www.newsbtc.com/bitcoin-news/bitcoin-could-be-entering-a-supercycle-fidelity/,"Bitcoin Could Be Entering A Supercycle, Fidelity Warns","-0.656814449917898,2.95566502463054,3.61247947454844,6.56814449917898,23.6453201970443,1.47783251231527,536"
20260301081500,cointelegraph.com,https://cointelegraph.com/news/bitcoin-recovers-to-68k-following-reported-death-of-iranian-supreme-leader,Bitcoin Recovers to $68K After Iran Supreme Leader Killed,"-2.8169014084507,2.8169014084507,5.63380281690141,8.45070422535211,14.3192488262911,0.938967136150235,369"
20260301071500,coindesk.com,https://www.coindesk.com/markets/2026/03/01/iran-war-becomes-usd50-million-betting-frenzy-on-polymarket,U.S.-Iran war updates: Polymarket racks up $50M bets as tensions rage on,"-1.37741046831956,1.65289256198347,3.03030303030303,4.6831955922865,18.4573002754821,0.275482093663912,644"
20260301071500,coindesk.com,https://www.coindesk.com/markets/2026/03/01/bitcoin-tops-usd68-000-after-iran-confirms-leader-killed-in-u-s-israel-airstrikes,"Bitcoin price news: What next as BTC tops $68,000 after Iran confirms Khamenei death","-6.34920634920635,1.58730158730159,7.93650793650794,9.52380952380952,20,0,284"
20260201183000,newsbtc.com,https://www.newsbtc.com/news/ethereum/ethereum-price-slip-below-2500-next-support-level/,"Ethereum Price Slips Below $2,500 &#x2014; Here Are The Next Support Levels","0.630252100840336,3.15126050420168,2.52100840336134,5.67226890756303,24.7899159663866,0,430"
20260201183000,newsbtc.com,https://www.newsbtc.com/altcoin/xrp-must-hold-this-level-to-avoid-transition-to-macro-bear-structure/,XRP Must Hold This Level To Avoid Transition To Macro Bear Structure,"-1.82186234817814,1.61943319838057,3.4412955465587,5.06072874493927,23.4817813765182,0,457"
20260201153000,coindesk.com,https://www.coindesk.com/business/2026/02/01/the-era-of-suitcase-money-is-over-why-your-offshore-crypto-is-no-longer-safe-from-the-taxman,The era of 'suitcase money' is over: Why your offshore crypto is no longer safe from the taxman,"-2.95434198746643,1.16383169203223,4.11817367949866,5.28200537153089,22.3813786929275,1.07430617726052,1008"
20260201153000,coindesk.com,https://www.coindesk.com/markets/2026/02/01/strategy-raises-strc-dividend-as-the-preferred-stock-s-price-drifts-below-par,Strategy (MSTR) lifts STRC dividend as shares drift below par,"2.45098039215686,3.43137254901961,0.980392156862745,4.41176470588235,22.5490196078431,1.47058823529412,191"
20260201153000,coindesk.com,https://www.coindesk.com/markets/2026/02/01/michael-saylor-signals-another-bitcoin-buy-as-btc-price-slumps-to-usd78-000,Michael Saylor hints at another bitcoin purchase despite market turmoil,"0.444444444444444,1.77777777777778,1.33333333333333,3.11111111111111,24.8888888888889,1.33333333333333,212"
20260201161500,cointelegraph.com,https://cointelegraph.com/news/bitcoin-price-forecasts-sub-50k-levels-btc-copies-old-bear-markets,Bitcoin Adds to Bear Market Worries as $49K Becomes a Target,"-1.88356164383562,1.54109589041096,3.42465753424658,4.96575342465753,24.486301369863,0.513698630136986,503"
20260224164500,newsbtc.com,https://www.newsbtc.com/news/dogecoin-doge-faces-50-day-ema-test-as-traders-watch-for-reversal-or-deeper-pullback/,Dogecoin (DOGE) Faces 50-Day EMA Test as Traders Watch for Reversal or Deeper Pullback,"-4.25531914893617,1.93423597678917,6.18955512572534,8.12379110251451,26.1121856866538,0,475"
20260224164500,newsbtc.com,https://www.newsbtc.com/news/bitcoin/bullish-signal-coinbase-bitcoin-premium-turns-positive-after-months-in-red/,Coinbase Bitcoin Premium Turns Positive After Months In Red,"-0.99403578528827,1.19284294234592,2.18687872763419,3.37972166998012,25.2485089463221,0.596421471172962,460"
20260224151500,cointelegraph.com,https://cointelegraph.com/news/solo-bitcoin-miner-rare-btc-jackpot-rented-hashrate,Solo Bitcoin Miner Hits Rare 3.125 BTC Jackpot With Rented Hashrate,"-0.783289817232375,3.91644908616188,4.69973890339426,8.61618798955614,24.5430809399478,0.522193211488251,354"
20260224151500,cointelegraph.com,https://cointelegraph.com/news/smarter-web-30m-bitcoin-facility-coinbase,Smarter Web Secures $30M Bitcoin Credit from Coinbase,"3.73831775700935,6.30841121495327,2.57009345794392,8.8785046728972,21.0280373831776,0,391"
20260224151500,cointelegraph.com,https://cointelegraph.com/news/bitcoin-market-enters-full-capitulation-price-dips-below-63k,Bitcoin Dips Under $63K as Market Enters Full Capitulation Phase,"-4.70347648261759,1.6359918200409,6.33946830265849,7.97546012269939,27.4028629856851,0.204498977505113,433"
20260224151500,cointelegraph.com,https://cointelegraph.com/news/stablecoin-supply-falls-crypto-liquidity-headwind-gold-rotation-xaut,CryptoQuant Says Bitcoin Is In A 'Not Digital Gold' Period,"-1.63934426229508,3.09653916211293,4.73588342440801,7.83242258652095,20.7650273224044,0.364298724954463,479"
20260224151500,cointelegraph.com,https://cointelegraph.com/news/ethereum-foundation-starts-staking-eth,"Ethereum Foundation Starts Staking ETH, Spotlights Client Diversity","2.6,4,1.4,5.4,22,0,446"
20260224151500,cointelegraph.com,https://cointelegraph.com/news/bitcoin-scarcity-dead-crypto-execs-push-viral,'Bitcoin Scarcity Is Dead': Crypto Execs Push Back on Viral Claim,"-3.28282828282828,2.18855218855219,5.47138047138047,7.65993265993266,25.6734006734007,0,1060"
20260224151500,cointelegraph.com,https://cointelegraph.com/news/bitcoin-2026-etf-sell-off-purification-btc-bull-case-analysis,"Bitcoin Investment Thesis Still Intact Despite ETF Exit, Analysis Says.","-0.572519083969465,1.7175572519084,2.29007633587786,4.00763358778626,20.2290076335878,0.381679389312977,475"
20260224151500,cointelegraph.com,https://cointelegraph.com/news/bitcoin-traders-excess-loss-realization-may-push-btc-price-below-44k,Bitcoin Price Below $63K: What Past Cycles Say Happens Before the Bottom,"-7.10059171597633,1.4792899408284,8.57988165680473,10.0591715976331,25.1479289940828,0,297"
20260224151500,cointelegraph.com,https://cointelegraph.com/news/vitalik-buterin-reduces-eth-balance-17k-after-45m-privacy-pledge,Vitalik Buterin Cuts ETH Holdings by 17K after $45M Privacy Pledge,"0,1.67064439140811,1.67064439140811,3.34128878281623,20.5250596658711,0.715990453460621,370"
20260209221500,newsbtc.com,https://www.newsbtc.com/analysis/xrp/xrps-1500-path-to-24/,"XRP's 1,500% Path To $24: Analyst Warns Investors To Be Prepared For When The Correction Resolves","-0.203665987780041,1.42566191446029,1.62932790224033,3.05498981670061,22.4032586558045,0,464"
20260209233000,cointelegraph.com,https://cointelegraph.com/news/bitcoin-holders-sell-245k-btc-in-tight-macro-conditions-did-the-market-bottom,"Cointelegraph: Bitcoin, Ethereum, Crypto News & Price Indexes","-2.61194029850746,1.11940298507463,3.73134328358209,4.85074626865672,27.2388059701493,0.559701492537313,475"
20260209233000,cointelegraph.com,https://cointelegraph.com/news/israel-crypto,"Cointelegraph: Bitcoin, Ethereum, Crypto News & Price Indexes","-0.467289719626168,2.9595015576324,3.42679127725857,6.38629283489097,20.5607476635514,0.311526479750779,580"
20260209233000,cointelegraph.com,https://cointelegraph.com/news/how-client-side-validation-complicates-wallet-sdk-architecture-rgb-wdk-integration-analysis,"Cointelegraph: Bitcoin, Ethereum, Crypto News & Price Indexes","1.98473282442748,3.96946564885496,1.98473282442748,5.95419847328244,18.9312977099237,0,590"
20260209233000,cointelegraph.com,https://cointelegraph.com/news/ripple-expands-institutional-custody-stack-with-staking-and-security-integrations,"Cointelegraph: Bitcoin, Ethereum, Crypto News & Price Indexes","1.70316301703163,2.91970802919708,1.21654501216545,4.13625304136253,26.5206812652068,0.24330900243309,367"
20260209233000,cointelegraph.com,https://cointelegraph.com/magazine/hk-bitcoin-etf-bithumbs-phantom-btc-asia-express/,Did a Hong Kong fund kill Bitcoin? Bithumb's 'phantom' BTC: Asia Express,"-2.40770465489567,1.20385232744783,3.6115569823435,4.81540930979133,24.3980738362761,0.240770465489567,1151"
20260209233000,cointelegraph.com,https://cointelegraph.com/news/bitcoin-bottom-60k-answer-might-be-tether-dominance,"Cointelegraph: Bitcoin, Ethereum, Crypto News & Price Indexes","-0.68649885583524,1.37299771167048,2.05949656750572,3.4324942791762,19.908466819222,0,397"
20260109174500,newsbtc.com,https://www.newsbtc.com/news/bitcoin/wall-street-bullish-on-bitcoin/,"Wall Street Analyst Is Still Bullish On Bitcoin, Predicts Price Recovery","-0.561797752808988,2.24719101123596,2.80898876404494,5.0561797752809,23.9700374531835,0,485"
20260109174500,newsbtc.com,https://www.newsbtc.com/news/bitcoin/why-the-bitcoin-price-could-crash-another-20-to-76000-soon/,"Why The Bitcoin Price Could Crash Another 20% To $76,000 Soon","-2.55402750491159,2.16110019646365,4.71512770137525,6.8762278978389,27.5049115913556,0,470"
20260109174500,newsbtc.com,https://www.newsbtc.com/analysis/xrp/more-money-with-xrp-than-btc/,Analyst Breaks Down Why Investors will Make More Money With XRP Than Bitcoin,"1.65289256198347,3.30578512396694,1.65289256198347,4.95867768595041,18.1818181818182,0,456"
20260109174500,newsbtc.com,https://www.newsbtc.com/bitcoin-news/bitcoin-indicator-with-84-hit-rate-flashes-again/,Bitcoin Indicator With 84% Hit Rate Flashes: Is A Price Rally Next?,"-0.424929178470255,1.69971671388102,2.12464589235127,3.82436260623229,24.6458923512748,0.28328611898017,626"
20260109174500,newsbtc.com,https://www.newsbtc.com/bitcoin-news/cathie-wood-trump-buy-bitcoin-ahead-of-midterms/,Cathie Wood: Trump May Buy Bitcoin Ahead Of Midterms,"-2.36087689713322,1.68634064080944,4.04721753794266,5.73355817875211,26.9814502529511,2.86677908937605,534"
20260226190000,cointelegraph.com,https://cointelegraph.com/news/mastercard-metamask-us-crypto-card-new-york-debut,"Mastercard, MetaMask Launch Self-Custody Crypto Card in US","1.05263157894737,1.89473684210526,0.842105263157895,2.73684210526316,22.1052631578947,1.05263157894737,432"
20260226190000,cointelegraph.com,https://cointelegraph.com/news/rex-launches-income-etf-bundling-leveraged-covered-call-exposure-to-coinbase-strategy-and-other-growth-stocks,REX Shares Launches New ETF with Exposure to Coinbase and Strategy,"3.11804008908686,4.23162583518931,1.11358574610245,5.34521158129176,17.5946547884187,0.44543429844098,399"
20260226190000,cointelegraph.com,https://cointelegraph.com/news/bitcoin-bear-market-not-over-already-price-rejects-68k-trend-line,"Bitcoin Support Reclaim Fails as BTC Price Sinks Below $68,000","-2.42290748898678,1.98237885462555,4.40528634361234,6.38766519823788,24.0088105726872,0.220264317180617,401"
20260226190000,cointelegraph.com,https://cointelegraph.com/news/bitcoin-10am-dump-theory-jane-street-ibit-13f-terraform-lawsuit,Jane Street 10 AM Bitcoin Dump Claims Split Analysts,"-3.47322720694645,1.30246020260492,4.77568740955137,6.0781476121563,24.7467438494935,0.723589001447178,629"
20260226190000,cointelegraph.com,https://cointelegraph.com/news/coin-bureau-ceo-on-bitcoin-in-2026-cycles-liquidity-and-a-divided-market,"Coin Bureau CEO on Bitcoin in 2026: Cycles, Liquidity and a Divided Market","-4.0650406504065,1.21951219512195,5.28455284552846,6.50406504065041,20.3252032520325,0,217"
20260226190000,cointelegraph.com,https://cointelegraph.com/news/american-bitcoin-trump-nets-59m-quarterly-loss,American Bitcoin's Trump&#x2011;Backed Mining Bet Nets $59M Q4 Loss,"-1.43626570915619,1.97486535008977,3.41113105924596,5.38599640933573,22.6211849192101,0,502"
20260226190000,cointelegraph.com,https://cointelegraph.com/news/ai-bitcoin-miners-high-yield-bonds-data-centers,"AI, Bitcoin Mining Firms Tap High-Yield Bonds for Data Centers","-0.738916256157636,1.72413793103448,2.46305418719212,4.1871921182266,22.1674876847291,0.246305418719212,347"
20260226193000,bitcoinmagazine.com,https://bitcoinmagazine.com/news/trump-linked-american-bitcoin-abtc,American Bitcoin (ABTC) Posts $59M Q4 Loss Amid Bitcoin Slump,"0.72463768115942,3.07971014492754,2.35507246376812,5.43478260869565,20.2898550724638,0,491"
20260226193000,bitcoinmagazine.com,https://bitcoinmagazine.com/news/indiana-approves-bitcoin-investments,Indiana Approves Bitcoin Investments In Retirement Plans,"-3.83747178329571,1.8058690744921,5.64334085778781,7.44920993227991,16.7042889390519,0,393"
20260226193000,bitcoinmagazine.com,https://bitcoinmagazine.com/news/citi-to-integrate-bitcoin-with-finance,Citi Wants To Bring Bitcoin Into Traditional Finance,"2.01005025125628,3.01507537688442,1.00502512562814,4.02010050251256,21.105527638191,0.50251256281407,355"
20260226193000,bitcoinmagazine.com,https://bitcoinmagazine.com/news/bitcoin-etfs-post-half-a-billion-inflows,Bitcoin ETFs Post $506.5M In Inflows As BTC Rebounds,"0,2.12765957446809,2.12765957446809,4.25531914893617,17.4940898345154,0.236406619385343,359"
20260226181500,coindesk.com,https://www.coindesk.com/tech/2026/02/26/the-protocol-blockchain-sleuth-zachxbt-alleges-axiom-employee-conducted-insider-trading,The Protocol: Blockchain sleuth ZachXBT alleges Axiom employee conducted insider trading,"0.362844702467344,2.75761973875181,2.39477503628447,5.15239477503628,22.4963715529753,0.145137880986938,1252"
20260226181500,coindesk.com,https://www.coindesk.com/policy/2026/02/26/uk-investors-only-have-until-april-to-add-crypto-etns-to-their-isas-ft,UK investors only have until April to add crypto ETNs to their ISAs: FT,"-0.464037122969838,3.24825986078886,3.7122969837587,6.96055684454756,22.0417633410673,0.232018561484919,391"
20260226181500,coindesk.com,https://www.coindesk.com/business/2026/02/26/florida-man-charged-with-running-usd328-million-crypto-ponzi-scheme,Florida man arrested in alleged $328M crypto ponzi scheme,"-6.25,2,8.25,10.25,17.5,0,363"
20260226181500,coindesk.com,https://www.coindesk.com/coindesk-indices/2026/02/25/crypto-for-advisors-crypto-s-fixture-in-401-k-plans,"Modernizing the nest egg: the past, present, and future of crypto in 401(k) plans","-1.83044315992293,1.63776493256262,3.46820809248555,5.10597302504817,22.1579961464355,0.192678227360308,935"
20260226181500,coindesk.com,https://www.coindesk.com/markets/2026/02/26/bitcoin-falls-back-below-usd67-000-rapidly-giving-back-wednesday-s-gains,Bitcoin price news: BTC's advance appearing to be a one-day event,"0,3.64583333333333,3.64583333333333,7.29166666666667,17.7083333333333,0,175"
20260226181500,coindesk.com,https://www.coindesk.com/markets/2026/02/26/bitcoin-briefly-crashes-below-usd48-000-on-upstart-exchange-despite-crypto-rally,"Bitcoin (BTC) price tumbles below $48,000 on Lighter as $67 million sell order triggers flash crash","-4.14201183431953,1.18343195266272,5.32544378698225,6.50887573964497,25.1479289940828,0,311"
20260122184500,bitcoinmagazine.com,https://bitcoinmagazine.com/news/thailand-finalizes-rules-for-bitcoin-etfs,Thailand Finalizes Rules For Bitcoin ETFs In Early-2026 Push,"0.600000000000001,2.8,2.2,5,21.2,0,454"
20260122201500,newsbtc.com,https://www.newsbtc.com/bitcoin-news/this-bitcoin-price-level-must-hold-or-its-mid-50000s/,"This Bitcoin Price Level Must Hold Or It's Mid-$50,000s: Veteran","-1.97461212976023,1.41043723554302,3.38504936530324,4.79548660084626,21.4386459802539,0.705218617771509,625"
20260122204500,cointelegraph.com,https://cointelegraph.com/news/bitwise-bitcoin-gold-currency-debasement-etf,Bitwise Launches ETF Pairing Bitcoin and Gold,"-2.23325062034739,3.97022332506203,6.20347394540943,10.1736972704715,20.3473945409429,0.496277915632754,383"
20260122204500,cointelegraph.com,https://cointelegraph.com/news/tennessee-kingston-ordinance-crypto-mining-data-center,Tennessee City Board Passes Ordinance to Allow Future Crypto Mining,"1.22549019607843,2.94117647058824,1.7156862745098,4.65686274509804,20.343137254902,0.490196078431373,395"
20260122204500,cointelegraph.com,https://cointelegraph.com/news/changpeng-zhao-governments-tokenization-davos,Ex-Binance CEO 'Talking with Probably a Dozen Governments' on Tokenization,"-1.74418604651163,0.872093023255814,2.61627906976744,3.48837209302326,14.2441860465116,1.16279069767442,314"
20260122204500,cointelegraph.com,https://cointelegraph.com/news/coinbase-board-quantum-computing-risks-blockchain,Coinbase Forms Advisory Board to Study Quantum Computing and Blockchain,"-3.40356564019449,1.94489465153971,5.3484602917342,7.29335494327391,26.2560777957861,0.486223662884927,545"
20260122204500,cointelegraph.com,https://cointelegraph.com/news/solana-depin-project-self-driving-camera,Valeo and Natix Build Open AI Model for Autonomous Vehicles,"3.93700787401575,5.11811023622047,1.18110236220472,6.2992125984252,18.3070866141732,0,448"
20260122204500,cointelegraph.com,https://cointelegraph.com/news/17k-bitcoin-inflow-to-exchanges-raises-alarm-will-btc-s-sell-off-deepen,17K BTC Inflows Anomaly Puts Bitcoin Recovery at Risk,"-1.58311345646438,0.527704485488127,2.11081794195251,2.63852242744063,26.3852242744063,0,320"
20260128070000,newsbtc.com,https://www.newsbtc.com/bitcoin-news/bitcoin-derivatives-pressure-hits-30-day-extreme-price-refuses-to-break/,"Bitcoin Derivatives Pressure Hits 30-Day Extreme, Price Refuses To Break","-6.31868131868132,1.78571428571429,8.1043956043956,9.89010989010989,27.4725274725275,0,669"
20260128070000,newsbtc.com,https://www.newsbtc.com/news/bitcoin/record-pain-bitcoin-investors-suffer-4-5b-loss-most-in-3-years/,"Record Pain: Bitcoin Investors Suffer $4.5B Loss, Most In 3 Years","-5.34521158129176,0.89086859688196,6.23608017817372,7.12694877505568,26.0579064587973,0.22271714922049,412"
20260128070000,newsbtc.com,https://www.newsbtc.com/bitcoin-news/bitcoin-social-fades-retail-chases-gold-silver-hype/,"Bitcoin Social Interest Fades As Retail Chases Gold, Silver Hype","0.984251968503937,1.5748031496063,0.590551181102362,2.16535433070866,26.3779527559055,0.196850393700787,477"
20260128070000,newsbtc.com,https://www.newsbtc.com/analysis/btc/bitcoin-price-marches-upward-90k/,"Bitcoin Price Marches Upward, But $90K Could Decide The Next Act","1.78970917225951,3.57941834451902,1.78970917225951,5.36912751677852,27.0693512304251,0,397"
20260128070000,newsbtc.com,https://www.newsbtc.com/analysis/eth/ethereum-price-breaks-to-3k/,Ethereum Price Breaks Back To $3K As Traders Question Follow-Through,"2.18818380743982,3.93873085339168,1.75054704595186,5.68927789934355,28.2275711159737,0,411"
20260128070000,newsbtc.com,https://www.newsbtc.com/analysis/solana-sol-recovery-reaches-130/,Solana (SOL) Recovery Reaches A Level That Changes Everything,"1.98511166253102,3.72208436724566,1.73697270471464,5.4590570719603,29.5285359801489,0.248138957816377,383"
20260128070000,newsbtc.com,https://www.newsbtc.com/analysis/xrp/xrp-price-stuck-under-2-00/,XRP Price Stuck Under $2.00 As Markets Brace For Another Slide,"-1.78571428571429,2.45535714285714,4.24107142857143,6.69642857142857,29.4642857142857,0,417"
20260128063000,cointelegraph.com,https://cointelegraph.com/news/steak-n-shake-bitcoin-accumulation-strategic-reserve-btc-payments,Steak 'N Shake Adds $5M To Strategic Bitcoin Reserve,"2.46085011185682,3.35570469798658,0.894854586129754,4.25055928411633,22.8187919463087,1.11856823266219,393"
20260128063000,cointelegraph.com,https://cointelegraph.com/news/retail-traders-shift-crypto-to-silver-hype,Retail Traders Rotating to Whatever is Pumping: Santiment,"0,1.41129032258065,1.41129032258065,2.82258064516129,22.1774193548387,0,434"
20260128063000,cointelegraph.com,https://cointelegraph.com/news/10-8b-in-bitcoin-options-expire-this-week-will-bulls-chase-95k-after-expiry,Bitcoin Bears Hold Advantage In Friday's $10.8B Options Expiry,"1.44694533762058,3.37620578778135,1.92926045016077,5.30546623794212,21.5434083601286,0.160771704180064,537"
20260128063000,cointelegraph.com,https://cointelegraph.com/news/uk-bans-coinbase-ads-trivialized-crypto-risks-report,UK Bans Coinbase Ads For Trivializing Crypto Risks: Report,"-6.63811563169165,1.49892933618844,8.13704496788009,9.63597430406852,19.0578158458244,0.642398286937901,433"
20260128063000,cointelegraph.com,https://cointelegraph.com/news/coinbase-closer-toward-launching-custom-stablecoins,Coinbase Inches Closer Toward Launching Custom Stablecoins,"2.17983651226158,3.81471389645777,1.63487738419619,5.44959128065395,17.983651226158,0.544959128065395,313"
20260128063000,cointelegraph.com,https://cointelegraph.com/news/fed-money-printing-to-save-japan-bond-market-is-good-for-bitcoin-hayes,Fed Money Printing For Japan Good For Bitcoin: Arthur Hayes,"-2.4896265560166,2.69709543568465,5.18672199170125,7.88381742738589,23.6514522821577,1.6597510373444,423"
20260128063000,cointelegraph.com,https://cointelegraph.com/news/4-in-10-us-merchants-accept-crypto-paypal,4 in 10 US Merchants Now Accept Crypto: PayPal,"4.34782608695652,4.85933503836317,0.51150895140665,5.37084398976982,19.1815856777494,1.53452685421995,355"
20260226001500,bitcoinmagazine.com,https://bitcoinmagazine.com/news/morgan-stanley-plans-for-bitcoin-trading,Morgan Stanley: We Want To Have Bitcoin Trading And Custody,"1.48148148148148,1.97530864197531,0.493827160493827,2.46913580246914,25.9259259259259,0.987654320987654,366"
20260226020000,newsbtc.com,https://www.newsbtc.com/xrp-news/how-high-xrp-can-actually-go/,The Uncomfortable Truth About XRP That Shows How High Price Can Actually Go,"-1.16731517509728,1.55642023346304,2.72373540856031,4.28015564202335,27.431906614786,0,481"
20260226020000,newsbtc.com,https://www.newsbtc.com/news/bitcoin/bitcoin-in-emirates-investment-plans/,Bitcoin Emerges As Strategic Asset In Emirates NBD Investment Plans,"0.607287449392713,2.22672064777328,1.61943319838057,3.84615384615385,20.0404858299595,0,457"
20260226020000,newsbtc.com,https://www.newsbtc.com/bitcoin-news/bitcoin-crash-in-final-move/,"Elliot Wave Analyst Predicts Bitcoin Price Will Crash In Final Move, What's The Target?","-1.42857142857143,2.04081632653061,3.46938775510204,5.51020408163265,25.7142857142857,0,453"
20260225234500,coindesk.com,https://www.coindesk.com/markets/2026/02/25/nvidia-rises-after-earnings-beat-wall-street-s-expectations-lifting-ai-related-crypto-stocks,Nvidia (NVDA) news: Jensen Huang says AI is only getting better as Nvidia's data center business grows 13x since ChatGPT,"1.51187904967603,1.72786177105832,0.215982721382289,1.9438444924406,20.0863930885529,0.431965442764579,422"
20260225234500,coindesk.com,https://www.coindesk.com/markets/2026/02/25/bitcoin-snaps-back-near-usd69-000-but-analysts-warn-the-market-may-not-be-out-of-the-woods-yet,"Why crypto is up today: Bitcoin is facing a major hurdle around $70,000 that will decide if this rally is built to last","-3.04114490161002,3.39892665474061,6.44007155635063,9.83899821109124,25.4025044722719,0,512"
20260226000000,cointelegraph.com,https://cointelegraph.com/news/hut-8-swings-to-248m-loss-as-7b-ai-data-center-lease-anchors-pivot-from-bitcoin-mining,"Hut 8 Posts Q4 Loss, Signs $7B AI Data Center Lease","0.17921146953405,1.97132616487455,1.7921146953405,3.76344086021505,18.8172043010753,0,485"
20260226000000,cointelegraph.com,https://cointelegraph.com/news/kraken-launches-flexline-crypto-backed-loans-as-exchanges-revive-lending-market,Kraken Launches Flexline Crypto-Backed Loans with 10&#x2013;25% APR,"1.00200400801603,2.40480961923848,1.40280561122244,3.80761523046092,20.2404809619238,0.801603206412826,434"
20260226000000,cointelegraph.com,https://cointelegraph.com/news/gd-culture-board-bitcoin-treasury-sales,GDC Board Gives Company Greenlight to Sell BTC for Share Buyback,"1.49253731343284,3.23383084577114,1.74129353233831,4.97512437810945,20.6467661691542,0,358"
20260226000000,cointelegraph.com,https://cointelegraph.com/news/bitcoin-s-upcoming-10-5b-options-expiry-may-end-bear-market-here-s-how,$10.5B Bitcoin Options Expiry May Reset Market Expectations,"0.458715596330275,3.36391437308868,2.90519877675841,6.26911314984709,23.0886850152905,0.305810397553517,583"
20260128100000,newsbtc.com,https://www.newsbtc.com/news/paypal-survey-4-in-10-us-merchants-now-accept-crypto/,PayPal Survey: 4 In 10 US Merchants Now Accept Crypto,"0.900900900900901,2.92792792792793,2.02702702702703,4.95495495495495,21.8468468468468,0.45045045045045,401"
20260128100000,newsbtc.com,https://www.newsbtc.com/bitcoin-news/bitcoin-price-braces-for-fomc-volatility-as-history-shows-major-post%E2%80%91fed-sell%E2%80%91offs/,Bitcoin Price Braces For FOMC Volatility As History Shows Major Post&#x2011;Fed Sell&#x2011;Offs,"-3.27868852459016,1.14754098360656,4.42622950819672,5.57377049180328,25.9016393442623,0,578"
20260128100000,newsbtc.com,https://www.newsbtc.com/news/ethereum/ethereum-move-hinges-level-glassnode-analyst/,"Next Ethereum Move Hinges On This Level, Says Glassnode Analyst","0,1.22699386503067,1.22699386503067,2.45398773006135,27.8118609406953,0.204498977505113,458"
20260128071500,coindesk.com,https://www.coindesk.com/markets/2026/01/28/china-adapts-to-u-s-tariffs-while-bitcoin-shrugs-off-macro-shock,Here's how China's tariff dodge silently rocks bitcoin,"-1.83028286189684,3.16139767054908,4.99168053244592,8.15307820299501,19.9667221297837,0.499168053244592,541"
20260128071500,coindesk.com,https://www.coindesk.com/markets/2026/01/28/btc-eth-sol-move-higher-as-markets-eye-fed-mag-7-earnings-and-weaker-dollar,"BTC, ETH, SOL price news: Cryptos inch higher ahead of Fed, Mag 7 earnings and weaker dollar","-0.24390243902439,3.65853658536585,3.90243902439024,7.5609756097561,20,0.731707317073171,379"
20260210131500,cointelegraph.com,https://cointelegraph.com/news/south-korea-probes-bithumb-paper-bitcoin-error,"Cointelegraph: Bitcoin, Ethereum, Crypto News & Price Indexes","-4.51866404715128,1.96463654223969,6.48330058939096,8.44793713163065,16.1100196463654,0.196463654223969,466"
20260210131500,cointelegraph.com,https://cointelegraph.com/news/crypto-pig-butchering-scam-20-year-sentence,"Cointelegraph: Bitcoin, Ethereum, Crypto News & Price Indexes","-10.4212860310421,0.886917960088692,11.3082039911308,12.1951219512195,19.7339246119734,1.55210643015521,401"
20260210131500,cointelegraph.com,https://cointelegraph.com/press-releases/gomining-introduces-simple-earn-feature-for-automated-yield-on-supported-crypto-assets,GoMining introduces Simple Earn feature for automated yield on supported crypto assets,"5.37897310513447,7.09046454767726,1.71149144254279,8.80195599022005,22.0048899755501,0.244498777506112,369"
20260210123000,newsbtc.com,https://www.newsbtc.com/news/waller-claims-crypto-hype-is-fading-investors-pivot-toward-bmic/,Waller Claims Crypto Hype Fading: Investors Move to $BMIC,"-0.757575757575758,3.66161616161616,4.41919191919192,8.08080808080808,23.3585858585859,0,734"
20260210123000,newsbtc.com,https://www.newsbtc.com/news/bitcoin/bitcoin-new-drop-60000-despite-bounce-level-defend/,"Bitcoin Could See New Drop To $60,000 Despite Bounce","0.166389351081531,2.1630615640599,1.99667221297837,4.15973377703827,22.7953410981697,0,560"
20260210123000,newsbtc.com,https://www.newsbtc.com/xrp-news/glassnode-xrp-2021-2022-playbook-sopr-sub-1/,Glassnode: XRP Mirrors 2021&#x2013;2022 Setup As SOPR Turns Sub 1,"-6.02409638554217,1.60642570281124,7.63052208835341,9.23694779116466,23.4939759036145,0,440"
20260210123000,newsbtc.com,https://www.newsbtc.com/news/ethereum/ethereum-drops-mvrv-band-marked-last-3-bottoms/,Ethereum Drops Under MVRV Band That Marked Last 3 Bottoms,"0.36764705882353,1.83823529411765,1.47058823529412,3.30882352941176,27.7573529411765,0.183823529411765,526"
20260210123000,newsbtc.com,https://www.newsbtc.com/bitcoin-news/bernstein-calls-bitcoin-crash-a-crisis-of-confidence-maintains-150000-target/,"Bernstein Calls Bitcoin Crash A 'Crisis Of Confidence,' Maintains $150,000 Target","-5.46875,2.1484375,7.6171875,9.765625,21.875,0.1953125,475"
20260210134500,coindesk.com,https://www.coindesk.com/daybook-us/2026/02/10/ai-mania-is-helping-cap-crypto-s-upside-wintermute-says,"AI mania is helping cap crypto's upside, Wintermute says: Crypto Daybook Americas","-0.204918032786885,1.57103825136612,1.77595628415301,3.34699453551913,17.1448087431694,0.341530054644809,1232"
20260210134500,coindesk.com,https://www.coindesk.com/markets/2026/02/10/memecoins-lead-crypto-market-gains-as-biggest-tokens-languish,"Memecoins lead crypto market gains as prices of major tokens BTC, ETH languish: Crypto Markets Today","-2.89855072463768,1.81159420289855,4.71014492753623,6.52173913043478,23.0072463768116,0.543478260869565,492"
20260210134500,coindesk.com,https://www.coindesk.com/business/2026/02/10/fugitive-foreigner-sentenced-in-the-u-s-to-20-years-for-usd73-million-crypto-scam,Fugitive Daren Li sentenced to 20 years in the U.S. for $73M international crypto scam,"-8.83838383838384,1.51515151515152,10.3535353535354,11.8686868686869,17.4242424242424,0.757575757575758,339"
20260210134500,coindesk.com,https://www.coindesk.com/business/2026/02/10/jump-trading-to-take-small-stakes-in-polymarket-kalshi-bloomberg,"Jump Trading to take small stakes in prediction markets Polymarket, Kalshi: Bloomberg","1.43540669856459,1.43540669856459,0,1.43540669856459,25.8373205741627,1.43540669856459,196"
20260210134500,coindesk.com,https://www.coindesk.com/markets/2026/02/10/i-m-not-confident-we-hit-a-true-capitulation-in-bitcoin-derivatives-expert-says,"I'm not confident we hit a true capitulation in bitcoin, derivatives expert says","-2.70935960591133,1.72413793103448,4.43349753694581,6.1576354679803,25.615763546798,1.23152709359606,373"
20260210134500,coindesk.com,https://www.coindesk.com/markets/2026/02/10/bitcoin-a-tech-trade-for-now-not-digital-gold-says-grayscale,Bitcoin price analysis: BTC trading like a tech stock with failing growth,"-0.348432055749129,3.48432055749129,3.83275261324042,7.31707317073171,26.3066202090592,0.696864111498258,529"
20260120064500,newsbtc.com,https://www.newsbtc.com/crypto/trade-war-headlines-trigger-800m-in-liquidations-overnight-longs-get-wiped-out-across-crypto-markets/,Trade War Headlines Trigger $800M In Liquidations Overnight: Longs Get Wiped Out Across Crypto Markets,"-6.91729323308271,1.65413533834586,8.57142857142857,10.2255639097744,24.3609022556391,0.150375939849624,629"
20260120064500,newsbtc.com,https://www.newsbtc.com/news/bitcoin/bitcoin-senses-risk-as-trump-balks-at-europe-with-major-tariffs/,Bitcoin Senses Risk As Trump Balks At Europe With Major Tariffs,"-4.45859872611465,2.33545647558386,6.79405520169851,9.12951167728238,23.3545647558386,1.27388535031847,434"
20260120064500,newsbtc.com,https://www.newsbtc.com/analysis/solana-sol-loses-its-footing-135/,"Solana (SOL) Loses Its Footing, Setting the Stage for Another Dive","0.245098039215686,3.67647058823529,3.43137254901961,7.1078431372549,30.1470588235294,0.245098039215686,385"
20260120064500,newsbtc.com,https://www.newsbtc.com/news/ethereum/ethereum-poised-for-4000-breakout-expert-pinpoints-on-chain-triggers-for-potential-rally/,"Ethereum Poised For $4,000 Breakout? Expert Pinpoints On-Chain Triggers For Potential Rally","0.403225806451613,2.62096774193548,2.21774193548387,4.83870967741935,20.9677419354839,0,449"
20260120064500,newsbtc.com,https://www.newsbtc.com/analysis/eth/ethereum-price-trapped-under-3250/,"Ethereum Price Trapped Under $3,250, Momentum Tilts Lower","-1.79372197309417,2.69058295964126,4.48430493273543,7.17488789237668,28.47533632287,0,402"
20260120064500,newsbtc.com,https://www.newsbtc.com/analysis/xrp/xrp-price-hits-resistance-2-020/,"XRP Price Hits Resistance on Recovery, Bulls Lose Momentum","0.213675213675214,2.35042735042735,2.13675213675214,4.48717948717949,27.5641025641026,0,440"
20260120064500,newsbtc.com,https://www.newsbtc.com/analysis/btc/bitcoin-price-action-turns-red-93k/,"Bitcoin Price Action Turns Unsteady, Downside Threat Grow","-0.854700854700855,2.99145299145299,3.84615384615385,6.83760683760684,27.991452991453,0,412"
20260120064500,newsbtc.com,https://www.newsbtc.com/altcoin/etp-frenzy-crypto-funds-attract-over-2-billion-this-week/,ETP Frenzy: Crypto Funds Attract Over $2 Billion This Week,"1.8716577540107,3.20855614973262,1.33689839572193,4.54545454545455,24.331550802139,0,347"
20260120074500,cointelegraph.com,https://cointelegraph.com/news/bitcoin-institutional-demand-remains-strong-cryptoquant-ceo,Institutions Add $53 Billion In Bitcoin As Retail Stays Fearful,"-3.37078651685393,0.842696629213483,4.21348314606742,5.0561797752809,19.9438202247191,0.280898876404494,315"
20260216203000,bitcoinmagazine.com,https://bitcoinmagazine.com/news/metaplanet-reports-619-million-loss,Metaplanet Reports $619 Million Loss As Bitcoin Holdings Take Hit,"-1.48514851485149,1.73267326732673,3.21782178217822,4.95049504950495,18.5643564356436,0,352"
20260216203000,bitcoinmagazine.com,https://bitcoinmagazine.com/markets/bitcoin-bears-dominate-failure-to-break-71800-keeps-downside-risk-alive,"Bitcoin Bears Dominate: Failure To Break $71,800 Keeps Downside Risk Alive","-1.46842878120411,2.93685756240822,4.40528634361234,7.34214390602056,24.3759177679883,1.02790014684288,629"
20260216203000,bitcoinmagazine.com,https://bitcoinmagazine.com/news/american-bitcoin-keeps-stacking-bitcoin,"American Bitcoin, Backed By Trump Family, Holds Over 6,000 Bitcoin","0.704225352112676,3.28638497652582,2.58215962441315,5.86854460093897,18.075117370892,0,380"
20260216203000,bitcoinmagazine.com,https://bitcoinmagazine.com/business/payjoin-foundation-gains-501c3-status-enabling-tax-deductible-donations-for-bitcoin-privacy-development,"Payjoin Foundation Gains 501(c)(3) Status, Enabling Tax-Deductible Donations For Bitcoin Privacy Development","2.83018867924528,4.95283018867925,2.12264150943396,7.07547169811321,15.5660377358491,0.235849056603774,380"
20260216213000,cointelegraph.com,https://cointelegraph.com/news/bitcoin-weekly-rsi-echoes-mid-2022-bear-market-as-btc-plays-liquidity-games,Bitcoin 'Fakeouts And Shakeouts' Liquidate Traders This US Bank Holiday,"-1.64319248826291,1.17370892018779,2.8169014084507,3.9906103286385,23.2394366197183,0.704225352112676,381"
20260216213000,cointelegraph.com,https://cointelegraph.com/news/victory-fintech-hong-kong-regulatory-approval,Fintech Company Secures Regulatory Approval in HK,"0.341296928327645,3.07167235494881,2.73037542662116,5.80204778156997,17.7474402730375,0,272"
20260216213000,cointelegraph.com,https://cointelegraph.com/news/tokenized-rwas-climb-despite-crypto-market-rout,Tokenized RWAs Rise 13% as Crypto Market Loses $1T,"0.884955752212389,2.3598820058997,1.47492625368732,3.83480825958702,20.353982300885,0.589970501474926,302"
20260216213000,cointelegraph.com,https://cointelegraph.com/news/harvard-stake-blackrock-bitcoin-etf-ether-investments,"Harvard Endowment Reduces Stake in Bitcoin ETF, Adds Ether Exposure","1.67130919220056,3.06406685236769,1.39275766016713,4.45682451253482,15.3203342618384,0.278551532033426,312"
20260216213000,cointelegraph.com,https://cointelegraph.com/news/price-predictions-2-16-spx-dxy-btc-eth-bnb-xrp-sol-doge-ada-bch,"Bitcoin Holds Key Level, Altcoins Aim To Follow: Will Bears Relent?","-0.48951048951049,2.37762237762238,2.86713286713287,5.24475524475525,27.1328671328671,0.13986013986014,1310"
20260216213000,cointelegraph.com,https://cointelegraph.com/news/paradigm-bitcoin-mining-ai-data-centers-grid-demand,Paradigm Challenges Bitcoin Mining Narrative Amid AI Data Center Boom,"-2.35546038543897,3.21199143468951,5.56745182012848,8.77944325481799,19.9143468950749,0.428265524625268,428"
20260216213000,cointelegraph.com,https://cointelegraph.com/news/bitcoin-accumulation-wave-puts-dollar80k-back-in-play-analyst,Bitcoin Targets $84K CME Gap After Rising Accumulation in BTC,"-0.88339222614841,1.23674911660777,2.12014134275618,3.35689045936396,25.9717314487633,0,494"
20260227220000,coindesk.com,https://www.coindesk.com/markets/2026/02/27/bitcoin-rebound-cancelled-as-u-s-stocks-fall-gold-surges-amid-mounting-macro-risks,"Bitcoin price news: BTC back below $65,500, MSTR, COIN, CRCL fall amid macro risks","-2.36559139784946,1.93548387096774,4.3010752688172,6.23655913978495,19.7849462365591,0,427"
20260227220000,coindesk.com,https://www.coindesk.com/business/2026/02/27/citi-and-morgan-stanley-expand-bitcoin-and-crypto-custody-trading-and-tokenization-efforts,Citi wants to make bitcoin bankable as Wall Street builds native crypto infrastructure,"0.865800865800866,2.02020202020202,1.15440115440115,3.17460317460317,21.5007215007215,1.2987012987013,613"
20260227230000,cointelegraph.com,https://cointelegraph.com/news/analysts-reject-jane-street-dump-claims-bitcoin-etf-inflows-finance-redefined,"Analysts Reject Jane Street Bitcoin Manipulation, Bitcoin ETF Demand Rises","-2.06117021276596,1.39627659574468,3.45744680851064,4.85372340425532,20.8776595744681,0.398936170212766,1352"
20260227230000,cointelegraph.com,https://cointelegraph.com/news/3-solana-data-points-highlight-resilience-but-is-sol-undervalued,"Solana ETF Flow, DEX Activity, Fee Revenue Rise: Is SOL discounted?","0,0.626959247648903,0.626959247648903,1.25391849529781,21.0031347962382,0,541"
20260227230000,cointelegraph.com,https://cointelegraph.com/news/us-justice-department-seized-crypto-china,US DOJ Seized $580M in Crypto from 'Chinese Transnational Criminals',"-9.76331360946746,1.4792899408284,11.2426035502959,12.7218934911243,20.414201183432,2.07100591715976,302"
20260227230000,cointelegraph.com,https://cointelegraph.com/news/price-predictions-2-27-btc-eth-xrp-bnb-sol-doge-bch-ada-hype-link,Bitcoin Rally Stalls Near $70K: Will Altcoins Keep Going?,"-0.066445182724252,2.39202657807309,2.45847176079734,4.85049833887043,25.6478405315615,0,1372"
20260227230000,cointelegraph.com,https://cointelegraph.com/news/bitcoin-price-slump-versus-gold-s-gains-highlights-evolving-crypto-market,"Traders' Move Off Bitcoin, Shift Capital Flows To Gold, AI And Tech Stocks","0.531914893617022,3.54609929078014,3.01418439716312,6.56028368794326,18.6170212765957,0,469"
20260227230000,cointelegraph.com,https://cointelegraph.com/news/traders-may-rotate-into-bitcoin-if-ubs-bearish-us-stocks-view-comes-true,UBS Downgrades US Stocks: Will Bitcoin Boom Or Bust?,"-1.72413793103448,4.13793103448276,5.86206896551724,10,18.7931034482759,2.58620689655172,548"
20260227204500,newsbtc.com,https://www.newsbtc.com/altcoin/xrp-emerging-as-safe-haven-ceo-points-to-steady-inflows-as-btc-eth-struggle/,"XRP Emerging As Safe Haven? CEO Points To Steady Inflows As BTC, ETH Struggle","0,2.39410681399632,2.39410681399632,4.78821362799263,20.6261510128913,0,486"
20260227204500,newsbtc.com,https://www.newsbtc.com/news/bitcoin/bitcoin-nears-major-milestone/,Bitcoin Nears Major Milestone As 100 BTC Wallets Approach Record Levels,"1.18110236220472,3.54330708661417,2.36220472440945,5.90551181102362,24.0157480314961,0,474"
20260227204500,newsbtc.com,https://www.newsbtc.com/news/solana/solana-50-crash-to-30/,Crypto Trader Predicts Solana 50% Price Crash To $30 If This Level Breaks,"-2.94117647058824,1.76470588235294,4.70588235294118,6.47058823529412,27.2549019607843,0,472"
20260120121500,cointelegraph.com,https://cointelegraph.com/news/bitcoin-30-day-realized-losses-gold-record-high,Bitcoin Holders See First 30-Day Realized Losses Since Late 2023,"-2.0501138952164,4.78359908883827,6.83371298405467,11.6173120728929,23.4624145785877,0.911161731207289,399"
20260120121500,cointelegraph.com,https://cointelegraph.com/news/satoshi-era-bitcoin-wallet-2013-moves-85m-after-13-years,A Dormant BTC Wallet Just Moved After 13 Years,"-2.2883295194508,1.60183066361556,3.89016018306636,5.49199084668192,21.9679633867277,0,396"
20260120121500,cointelegraph.com,https://cointelegraph.com/news/bitcoin-price-targets-extend-58k-btc-prints-death-cross,"Bitcoin's ""Failed"" Breakout Sees $58,000 Target Return","-3.61290322580645,0.645161290322581,4.25806451612903,4.90322580645161,22.5806451612903,1.41935483870968,688"
20260120121500,cointelegraph.com,https://cointelegraph.com/news/bitcoin-shows-signs-potential-rally-90k-becomes-key,BTC Bulls Defend $90K as Hash Ribbons Signal Long-Term Buy Opportunity,"-1.67427701674277,1.67427701674277,3.34855403348554,5.02283105022831,27.8538812785388,0,583"
20260120113000,newsbtc.com,https://www.newsbtc.com/bitcoin-news/bitcoin-shows-signs-of-internal-strength-as-analysts-turn-more-optimistic/,Bitcoin Shows Signs Of Strength As Analysts Turn More Optimistic,"-0.400801603206413,3.40681362725451,3.80761523046092,7.21442885771543,27.0541082164329,0.200400801603206,460"
20260213163000,bitcoinmagazine.com,https://bitcoinmagazine.com/news/congress-needs-to-pass-crypto-legislation,U.S. Treasury: Congress Must Pass Crypto Law This Spring,"-2.37068965517241,3.66379310344828,6.03448275862069,9.69827586206897,20.2586206896552,0.646551724137931,423"
20260213163000,bitcoinmagazine.com,https://bitcoinmagazine.com/news/binance-france-ceo-targeted-in-invasion,Binance France CEO Targeted In Failed Home Invasion,"-9.46882217090069,0.23094688221709,9.69976905311778,9.93071593533487,21.0161662817552,0,390"
20260213160000,cointelegraph.com,https://cointelegraph.com/magazine/bitcoin-price-prediction-peter-brandt-arthur-hayes-ethereum-trade-secrets/,"Brandt says Bitcoin yet to bottom, Polymarket sees hope: Trade Secrets","-1.02564102564103,1.64102564102564,2.66666666666667,4.30769230769231,22.2564102564103,0.307692307692308,886"
20260213160000,cointelegraph.com,https://cointelegraph.com/news/bitcoin-passes-68k-on-slower-us-cpi-print-but-fed-rate-cut-odds-stay-low,Bitcoin Gains 4% As Soft US CPI Boosts March Rate-Cut Odds,"0.65359477124183,2.12418300653595,1.47058823529412,3.59477124183007,21.8954248366013,1.63398692810458,557"
20260213160000,cointelegraph.com,https://cointelegraph.com/news/pgi-ceo-20-year-sentence-200m-crypto-scheme,PGI CEO Gets 20 Years Over $200M Crypto Investment Scheme,"-5,2.8,7.8,10.6,17.4,1,436"
20260213160000,cointelegraph.com,https://cointelegraph.com/news/binance-france-exec-home-invasion-arrests-report,Three Arrested After Binance France Employee Home Break-In,"-6.30252100840336,1.26050420168067,7.56302521008403,8.82352941176471,18.4873949579832,1.26050420168067,431"
20260213160000,cointelegraph.com,https://cointelegraph.com/news/quantum-proof-bitcoin-wallets-insurance-fear-tax,Are Quantum-Proof Bitcoin Wallets Insurance or a Fear Tax?,"-2.41448692152917,3.52112676056338,5.93561368209255,9.45674044265593,23.6418511066398,0.402414486921529,888"
20260213151500,newsbtc.com,https://www.newsbtc.com/binance-smart-chain/bnb-chain-expands-with-1b-fund-access-while-bnb-price-nears-critical-support/,BNB Chain Expands With $1B Fund Access While BNB Price Nears Critical Support,"0,2.38611713665944,2.38611713665944,4.77223427331887,22.7765726681128,0,405"
20260213151500,newsbtc.com,https://www.newsbtc.com/bitcoin-news/bitcoin-on-chain-heatmap-major-metrics-red/,Bitcoin On-Chain Heatmap Shows All Major Metrics In The Red,"-0.756143667296786,1.32325141776938,2.07939508506616,3.40264650283554,29.8676748582231,0,490"
20260213151500,newsbtc.com,https://www.newsbtc.com/news/ethereum-1900-next-major-move-eth-new-lows/,"Ethereum $1,900 Retest To Decide Next Move &#x2013; New Lows Next?","-0.169779286926995,2.37691001697793,2.54668930390492,4.92359932088285,24.7877758913413,0,534"
20260210091500,coindesk.com,https://www.coindesk.com/markets/2026/02/10/u-s-bitcoin-etfs-register-back-to-back-inflows-for-first-time-in-a-month,U.S. BTC ETFs register back-to-back inflows for first time in a month,"1.38888888888889,2.31481481481481,0.925925925925926,3.24074074074074,17.5925925925926,1.38888888888889,190"
20260210084500,cointelegraph.com,https://cointelegraph.com/news/chainlink-sergey-nazarov-bear-market-feels-different,"Cointelegraph: Bitcoin, Ethereum, Crypto News & Price Indexes","-3.48623853211009,1.10091743119266,4.58715596330275,5.68807339449541,25.3211009174312,0.55045871559633,475"
20260210084500,cointelegraph.com,https://cointelegraph.com/news/bitcoin-etf-rebound-145-million-inflows,"Cointelegraph: Bitcoin, Ethereum, Crypto News & Price Indexes","-2.09643605870021,1.46750524109015,3.56394129979036,5.0314465408805,20.125786163522,0.419287211740042,433"
20260115183000,cointelegraph.com,https://cointelegraph.com/news/bitcoin-renewed-push-100k-fresh-institutional-demand,Bitcoin Price Rallies in January as ETF inflows signal demand shift,"-1,1.5,2.5,4,24.75,0.5,364"
20260115183000,cointelegraph.com,https://cointelegraph.com/press-releases/tron-integrated-into-metamask-wallet-bringing-high-performance-blockchain-infrastructure-to-global-users,"TRON integrated into MetaMask wallet, bringing high-performance blockchain infrastructure to global users","2.72873194221509,3.85232744783307,1.12359550561798,4.97592295345104,14.6067415730337,0.481540930979133,537"
20260115183000,cointelegraph.com,https://cointelegraph.com/news/bitcoin-must-hold-94k-trader-btc-price-dips-us-open,"Bitcoin Cools Its Comeback With a Dip to $95,500","0,3.34821428571429,3.34821428571429,6.69642857142857,25.4464285714286,0.446428571428571,403"
20260115183000,cointelegraph.com,https://cointelegraph.com/news/cme-group-plans-launch-of-cardano-chainlink-and-stellar-futures,CME Expands US Crypto Futures Lineup with New Altcoin Contracts,"0.419287211740042,1.67714884696017,1.25786163522013,2.93501048218029,19.916142557652,1.25786163522013,421"
20260115163000,bitcoinmagazine.com,https://bitcoinmagazine.com/press-releases/saturn-raises-800k-from-yzi-labs-and-sora-ventures-to-build-usdat-a-11-yield-bearing-stablecoin-protocol-backed-by-strategys-digital-credit,"Saturn Raises $800k From YZi Labs And Sora Ventures To Build USDat, A 11%+ Yield-bearing Stablecoin Protocol Backed By Strategy's Digital Credit","5.11182108626198,6.38977635782748,1.2779552715655,7.66773162939297,23.3226837060703,1.91693290734824,276"
20260115163000,bitcoinmagazine.com,https://bitcoinmagazine.com/markets/bitcoin-price-climbs-97000-on-etf-surge,"Bitcoin Price Climbs To $97,000 As Billions Flow Into ETFs","-1.63934426229508,2.25409836065574,3.89344262295082,6.14754098360656,17.827868852459,0,424"
20260115170000,newsbtc.com,https://www.newsbtc.com/analysis/xrp/xrp-price-key-decision-zone/,"XRP Price Is Approaching A Key Decision Zone, But Structure Is Still Firmly Bullish","0.194552529182879,2.91828793774319,2.72373540856031,5.6420233463035,25.6809338521401,0,479"
20260115170000,newsbtc.com,https://www.newsbtc.com/analysis/xrp/xrp-just-entered-neutral-state/,Analyst Says XRP Price Just Entered Neutral State,"-1.34357005758157,0.959692898272553,2.30326295585413,3.26295585412668,24.9520153550864,0,487"
20260115170000,newsbtc.com,https://www.newsbtc.com/bitcoin-news/glassnode-bitcoin-back-96k-hitting-the-same-sell-ceiling/,"Glassnode: Bitcoin Is Back At $96K, Hitting The Same Sell Ceiling Again","-4.22832980972516,1.69133192389006,5.91966173361522,7.61099365750529,28.646934460888,0,876"
20260220203000,bitcoinmagazine.com,https://bitcoinmagazine.com/print/the-core-issue-cluster-mempool-problems-are-easier-in-chunks,"The Core Issue: Cluster Mempool, Problems Are Easier In Chunks","0,2.43142144638404,2.43142144638404,4.86284289276808,22.2568578553616,0.374064837905237,1441"
20260220203000,bitcoinmagazine.com,https://bitcoinmagazine.com/news/bitcoin-pops-after-supreme-court,Bitcoin Pops After Supreme Court Strikes Down Trump Tariffs,"-4.46428571428571,1.63690476190476,6.10119047619048,7.73809523809524,22.3214285714286,0,623"
20260220204500,cointelegraph.com,https://cointelegraph.com/news/wall-street-boosts-bitmine-stakes-defi-lenders-buckle-liquidity-finance-redefined,Wall Street Adds BMNR Stock; DeFi Lenders Are Pressured by Illiquidity,"-1.23152709359606,0.90311986863711,2.13464696223317,3.03776683087028,20.7717569786535,0.492610837438424,1093"
20260220204500,cointelegraph.com,https://cointelegraph.com/news/bitcoin-difficulty-rebounds-15-as-us-miners-recover-from-winter-outages,Bitcoin Mining difficulty Jumps 15% after US Storm Disruption,"-4.01002506265664,2.75689223057644,6.76691729323308,9.52380952380952,21.8045112781955,2.00501253132832,363"
20260220204500,cointelegraph.com,https://cointelegraph.com/news/scotus-strikes-trump-tariffs-alternative-plan,Supreme Court Rules Against Trump Tariffs Under IEEPA Law,"-4.18250950570342,1.90114068441065,6.08365019011407,7.98479087452472,21.4828897338403,1.33079847908745,486"
20260220204500,cointelegraph.com,https://cointelegraph.com/news/trump-10-global-tariff-scotus-ruling,"Trump Fires Back After SCOTUS Ruling, Announces 10% Global Tariff","-2.99251870324189,3.74064837905237,6.73316708229426,10.4738154613466,23.9401496259352,1.99501246882793,364"
20260220204500,cointelegraph.com,https://cointelegraph.com/news/bitcoin-bears-at-risk-of-600m-liquidation-raising-chance-for-rally-to-70k,Bitcoin Rally To $70K Possible As Bears At Risk Of $600M Liquidation,"-3.80517503805175,3.34855403348554,7.15372907153729,10.5022831050228,20.3957382039574,0.60882800608828,599"
20260220204500,cointelegraph.com,https://cointelegraph.com/news/crypto-biz-crypto-slides-tokenized-rwa-vc-push-ahead,"Crypto Biz Newsletter: Crypto slides, but Tokenized RWAs and VC Push Ahead","0.478468899521531,2.39234449760766,1.91387559808612,4.30622009569378,21.0526315789474,0.159489633173844,563"
20260220204500,cointelegraph.com,https://cointelegraph.com/news/btc-treasury-reform-1250-percent-risk-basel,Crypto Treasury Execs Say Basel Risk Weights for Crypto Need Updating,"-2.87769784172662,1.67865707434053,4.55635491606715,6.23501199040767,17.0263788968825,0.239808153477218,387"
20260220204500,cointelegraph.com,https://cointelegraph.com/news/price-predictions-2-20-btc-eth-xrp-bnb-sol-doge-bch-ada-hype-xmr,"Bitcoin, Altcoin Gains Hold But Top Sellers Enforce The Range Ceiling","-0.851342501637197,2.22658808120498,3.07793058284217,5.30451866404715,28.7491814014407,0.0654878847413229,1416"
20260220204500,cointelegraph.com,https://cointelegraph.com/news/bitcoin-ignores-us-supreme-court-trump-tariff-strike-amid-talk-of-150b-refund,"US Supreme Court Tariff Ruling Steals The Show As Bitcoin Sticks To $67,000","-2.02492211838006,1.86915887850467,3.89408099688473,5.76323987538941,24.7663551401869,1.09034267912773,605"
20260220190000,coindesk.com,https://www.coindesk.com/markets/2026/02/20/bitcoin-pops-then-drops-as-supreme-court-strikes-down-trump-tariffs,"Bitcoin price news: BTC gains, but quickly retreats as Trump tariffs ruled illegal by Supreme Court","-0.671140939597316,2.3489932885906,3.02013422818792,5.36912751677852,18.1208053691275,1.00671140939597,267"
20260302121500,coindesk.com,https://www.coindesk.com/markets/2026/03/02/riot-platforms-core-scientific-earnings-u-s-jobs-report-crypto-week-ahead,"Riot, Core earnings, U.S. jobs report: Crypto Week Ahead","-1.79775280898876,1.23595505617978,3.03370786516854,4.26966292134831,23.3707865168539,0,639"
20260302121500,coindesk.com,https://www.coindesk.com/markets/2026/03/02/u-s-equity-futures-fall-in-pre-market-trading-as-oil-gold-retreat-from-highs,Oil and gold pull back from peaks while equity futures remain under pressure,"-2.96296296296296,1.11111111111111,4.07407407407407,5.18518518518519,21.1111111111111,0,240"
20260302121500,coindesk.com,https://www.coindesk.com/tech/2026/03/02/hong-kong-links-up-with-shanghai-trade-authorities-to-put-cargo-data-on-blockchain,Hong Kong links up with Shanghai trade authorities to put cargo data on blockchain,"1.66666666666667,3,1.33333333333333,4.33333333333333,22.6666666666667,0,278"
20260302121500,coindesk.com,https://www.coindesk.com/markets/2026/03/02/bitcoin-outperforms-equities-in-risk-off-session-as-iran-conflict-enters-third-day,"Bitcoin holds up after Iran strike, outpacing equities in risk-off session: Crypto Markets Today","-3.63951473136915,2.25303292894281,5.89254766031196,8.14558058925477,23.050259965338,0,510"
20260302121500,coindesk.com,https://www.coindesk.com/markets/2026/03/02/bitcoin-u-s-stock-futures-give-up-early-gains-as-iran-conflict-intensifies,"Bitcoin, U.S. stock futures give up early gains as Iran conflict intensifies","-4.6875,1.25,5.9375,7.1875,19.6875,0,294"
20260302103000,newsbtc.com,https://www.newsbtc.com/news/bitcoin/bitcoin-fear-low-2-times-history/,"Bitcoin Fear Has Been This Low Only 2 Times In History, Here's What Follows Each Time","-4.75161987041037,0.431965442764579,5.18358531317495,5.61555075593953,29.1576673866091,0.215982721382289,428"
20260302103000,newsbtc.com,https://www.newsbtc.com/crypto/cryptos-quietest-month-in-nearly-a-year-but-hackers-havent-gone-away/,Crypto's Quietest Month In Nearly A Year &#x2014; But Hackers Haven't Gone Away,"-7.67888307155323,1.91972076788831,9.59860383944154,11.5183246073298,21.8150087260035,0,510"
20260302103000,newsbtc.com,https://www.newsbtc.com/analysis/doge/dogecoin-doge-slips-critical-support-0-0920/,"Dogecoin (DOGE) Slips Toward Critical Support, Breakdown Threat Emerges","1.33630289532294,3.34075723830735,2.00445434298441,5.34521158129176,26.5033407572383,0.22271714922049,381"
20260302111500,cointelegraph.com,https://cointelegraph.com/news/this-is-not-world-war-three-five-things-bitcoin-this-week,Bitcoin Traders Warn of New Lows as BTC Weathers Iran Storm,"-3.96284829721362,1.23839009287926,5.20123839009288,6.43962848297214,25.1393188854489,1.05263157894737,1488"
20260131200000,coindesk.com,https://www.coindesk.com/markets/2026/01/31/bitcoin-plunges-under-usd80-000-as-u-s-iran-attacks-deepen,"Bitcoin price news: What next as BTC plunges under $78,000","-5.89123867069486,1.3595166163142,7.25075528700906,8.61027190332326,20.9969788519637,0.755287009063444,617"
20260131183000,newsbtc.com,https://www.newsbtc.com/news/bitcoin/crypto-funds-bleed-1-80-billion-as-metals-rally-heats-up/,Crypto Funds Bleed $1.80 Billion As Metals Rally Heats Up,"-0.246913580246914,1.97530864197531,2.22222222222222,4.19753086419753,25.1851851851852,0.493827160493827,365"
20260131183000,newsbtc.com,https://www.newsbtc.com/news/bitcoin/bitcoin-historical-performance/,Bitcoin Historical Performance Shows How Low The Price Will Go Before A Bottom,"-0.607287449392713,0.607287449392713,1.21457489878543,1.82186234817814,25.1012145748988,0,442"
20260131183000,newsbtc.com,https://www.newsbtc.com/news/bitcoin/bitcoin-adjusted-sopr-shows-market-at-pivotal-junction-whats-next/,Bitcoin Adjusted SOPR Shows Market At Pivotal Junction &#x2014; What's Next?,"-2.02702702702703,3.15315315315315,5.18018018018018,8.33333333333333,25.9009009009009,0,418"
20260131210000,coindesk.com,https://www.coindesk.com/markets/2026/01/31/bitcoin-breakdown-opens-path-to-usd80-000-true-market-mean-glassnode-says,Bitcoin breaks key support level as Glassnode warns of further price breakdown,"-3.55648535564854,2.51046025104602,6.06694560669456,8.57740585774059,28.0334728033473,0.627615062761506,447"
20260131210000,cointelegraph.com,https://cointelegraph.com/news/bitcoin-crashes-76k-strategy-cost-basis-2b-liquidation,"Strategy's BTC Holdings Flip Red as Bitcoin Crashes to as Low as $75,500","-0.797872340425531,4.25531914893617,5.0531914893617,9.30851063829787,23.1382978723404,0,337"
20260131210000,cointelegraph.com,https://cointelegraph.com/news/bitmine-immersion-technologies-ether-losses-crypto-liquidation,BitMine Faces $6B Unrealized Ether Loss as Crypto Sell-Off Deepens,"-2.41286863270777,2.68096514745308,5.09383378016086,7.77479892761394,23.0563002680965,0,336"
20260131210000,cointelegraph.com,https://cointelegraph.com/news/crypto-mining-ai-data-centers-coreweave-infrastructure-shift,From Crypto Mining to AI: How CoreWeave and Miners Pivoted,"-0.5420054200542,0.813008130081301,1.3550135501355,2.1680216802168,21.680216802168,0,334"
20260131210000,coindesk.com,https://www.coindesk.com/markets/2026/01/31/bitcoin-falls-out-of-global-top-10-assets-by-market-capitalization-after-price-dumps-below-usd80-000,"Bitcoin falls out of global top 10 assets by market capitalization, below Elon Musk's Tesla","-1.81818181818182,1.36363636363636,3.18181818181818,4.54545454545455,20.4545454545455,0.681818181818182,392"
20260131210000,coindesk.com,https://www.coindesk.com/tech/2026/01/30/bitcoin-hashrate-drops-12-in-worst-drawdown-since-china-mining-ban-cryptoquant,Bitcoin news: BTC hashrate drops 12% in worst drawdown since China mining ban,"-4.3859649122807,1.97368421052632,6.35964912280702,8.33333333333333,20.1754385964912,0.87719298245614,417"
20260131210000,coindesk.com,https://www.coindesk.com/markets/2026/01/31/xrp-slides-7-as-liquidation-cascade-breaks-major-usd1-79-support,XRP price news: Ripple-linked token falls 7% as bitcoin tumbles,"-7.00636942675159,2.86624203821656,9.87261146496815,12.7388535031847,22.9299363057325,0,294"
20260122161500,bitcoinmagazine.com,https://bitcoinmagazine.com/news/crypto-bill-delayed-several-months,Crypto Bill Delayed As Senate Pivots To Housing Initiatives,"-3.7122969837587,3.01624129930394,6.72853828306264,9.74477958236659,21.5777262180974,0,405"
20260122160000,newsbtc.com,https://www.newsbtc.com/news/bitcoin/coinbase-bitcoin-central-banks/,Coinbase Exec Points Out The Big Difference Between Bitcoin And Central Banks,"-2.50965250965251,2.31660231660232,4.82625482625483,7.14285714285714,18.3397683397683,0,486"
20260122160000,newsbtc.com,https://www.newsbtc.com/shiba-inu/the-shiba-inu-price-crashing/,Why Is The Shiba Inu Price Crashing? The Billion-Dollar Move You Should Know About,"-2.62172284644195,0.749063670411985,3.37078651685393,4.11985018726592,19.2883895131086,0,479"
20260122160000,cointelegraph.com,https://cointelegraph.com/news/bitcoin-offers-no-haven-trump-greenland,Bitcoin Offers 'No Haven' From Trump's Greenland Dreams,"-3.13390313390313,1.99430199430199,5.12820512820513,7.12250712250712,24.6913580246914,1.329534662868,957"
20260122160000,newsbtc.com,https://www.newsbtc.com/analysis/xrp/why-xrp-price-is-still-weak/,"Here's Why The XRP Price Is Still Weak, And Could Crash Further","-4.55486542443064,1.44927536231884,6.00414078674948,7.45341614906832,21.7391304347826,0,434"
20260122160000,cointelegraph.com,https://cointelegraph.com/news/bitcoin-20-quantum-threat,Bitcoin Doesn't Have 20 Years,"-4.75675675675676,3.24324324324324,8,11.2432432432432,23.2432432432432,0.216216216216216,840"
20260122160000,cointelegraph.com,https://cointelegraph.com/news/bitcoin-diamond-hand-btc-selling-not-repeat-2017-2021-research,Bitcoin Old Hands Sold BTC Like Never Before This Bull Market,"-0.894854586129754,1.78970917225951,2.68456375838926,4.47427293064877,27.5167785234899,0,387"
20260122160000,cointelegraph.com,https://cointelegraph.com/news/laser-digital-yield-bearing-bitcoin-fund,Nomura's Laser Digital Launches Yield-Bearing Bitcoin Fund,"0.277008310249308,3.04709141274238,2.77008310249307,5.81717451523546,27.4238227146814,0.277008310249307,336"
20260122160000,cointelegraph.com,https://cointelegraph.com/magazine/critical-reason-never-ask-chatgpt-legal-advice/,The critical reason you should never ask ChatGPT for legal advice,"-0.632339656729901,3.3423667570009,3.9747064137308,7.31707317073171,23.486901535682,1.0840108401084,1012"
20260122160000,newsbtc.com,https://www.newsbtc.com/xrp-news/xrp-is-building-the-financial-rails/,Here's How XRP Is Building The Financial Rails For Trillions In Global Value,"0.205761316872428,2.26337448559671,2.05761316872428,4.32098765432099,24.4855967078189,0,450"
20260122160000,cointelegraph.com,https://cointelegraph.com/authors/youssef-el-maddarsi,Youssef El Maddarsi's articles on Cointelegraph,"-15,0,15,15,10,0,16"
20260108140000,newsbtc.com,https://www.newsbtc.com/bitcoin-news/morgan-stanley-bitcoin-etfmost-bullish-thing-ever/,Why Morgan Stanley's Bitcoin ETF Is The 'Most Bullish Thing Ever',"-1.07398568019093,2.50596658711217,3.5799522673031,6.08591885441527,20.763723150358,0.119331742243437,769"
20260108140000,newsbtc.com,https://www.newsbtc.com/bitcoin-news/bitcoin-wave-3-toward-104000/,"Bitcoin Absorbs The Flush: Quantum Structure Signals Wave (3) Toward $104,000","-0.428265524625267,4.06852248394004,4.49678800856531,8.56531049250535,29.5503211991435,0,435"
20260108140000,newsbtc.com,https://www.newsbtc.com/analysis/doge/dogecoin-doge-consolidates-strength-0-14/,"Dogecoin (DOGE) Consolidates Strength, Calm Before Another Move?","0.218818380743983,2.40700218818381,2.18818380743982,4.59518599562363,26.2582056892779,0.218818380743982,406"
20260108140000,newsbtc.com,https://www.newsbtc.com/bitcoin-news/bitcoin-tests-key-resistance-while-4-7b-in-sell-side-liquidity-builds/,Bitcoin Tests Key Resistance While $4.7B In Sell-Side Liquidity Builds,"-2.76679841897233,2.37154150197628,5.13833992094862,7.5098814229249,25.9552042160738,0,698"
20260108140000,newsbtc.com,https://www.newsbtc.com/bitcoin-news/bitcoin-bounce-bull-trap-2022-style-bear-flag/,Bitcoin Bounce A Bull Trap? Analyst Sees 2022-Style Bear Flag,"-1.19284294234592,0.397614314115308,1.59045725646123,1.98807157057654,28.2306163021869,0,471"
20260108133000,cointelegraph.com,https://cointelegraph.com/news/xrp-etfs-first-outflow-day-crypto-etf-selloff,XRP ETFs See $40.8M Exit in First Outflow Day,"0.56390977443609,2.25563909774436,1.69172932330827,3.94736842105263,14.6616541353383,0.18796992481203,467"
20260108133000,cointelegraph.com,https://cointelegraph.com/news/india-crypto-risks-taxes-regulatory-uncertainty,India Flags Crypto Risks For Tax Enforcement,"-6.91823899371069,2.20125786163522,9.11949685534591,11.3207547169811,16.9811320754717,0.314465408805031,293"
20260108133000,cointelegraph.com,https://cointelegraph.com/news/bitcoin-price-bottom-88k-next-cycle-last-cme-gap-open,"Bitcoin Targets Futures Gaps as it Dips Under $90,000","0,1.06157112526539,1.06157112526539,2.12314225053079,24.8407643312102,0.212314225053079,417"
20260108133000,cointelegraph.com,https://cointelegraph.com/news/binance-gold-silver-perps-usdt-tradfi-settlement-layer,"Binance Debuts Gold, Silver Perps, USDT TradFi Settlement Stablecoin","2.9940119760479,4.19161676646707,1.19760479041916,5.38922155688623,18.1636726546906,0.199600798403194,453"
20260108133000,cointelegraph.com,https://cointelegraph.com/news/bitmine-buys-105m-eth-2026-915m-cash,"BitMine Buys $105M ETH to Start 2026, Holds $915M Cash","1.00401606425703,3.01204819277108,2.00803212851406,5.02008032128514,19.6787148594378,0.200803212851406,448"
20260204194500,cointelegraph.com,https://cointelegraph.com/news/what-dubai-s-ban-on-monero-and-zcash-signals-for-regulated-crypto,What Dubai's Ban on Monero and Zcash Signals for Regulated Crypto,"-1.7798286090969,2.7686222808174,4.5484508899143,7.31707317073171,21.2920237310481,0.4614370468029,1420"
20260204194500,cointelegraph.com,https://cointelegraph.com/news/us-treasury-bessent-wont-bail-out-bitcoin,Scott Bessent: US Treasury Has No Authority To 'Bail Out' Bitcoin,"0.253807106598985,2.79187817258883,2.53807106598985,5.32994923857868,23.3502538071066,2.53807106598985,369"
20260204194500,cointelegraph.com,https://cointelegraph.com/press-releases/evervalue-announces-burn-vault-boost-upgrade-to-its-on-chain-backing-mechanism,EverValue announces Burn Vault Boost upgrade to its on-chain backing mechanism,"-0.675675675675676,3.82882882882883,4.5045045045045,8.33333333333333,33.5585585585586,0,412"
20260204194500,cointelegraph.com,https://cointelegraph.com/news/price-predictions-2-4-btc-eth-bnb-xrp-sol-doge-ada-bch-hype-xmr,"Bitcoin Falls To New 2026 Low, Altcoins Crumble: Is $56K BTC Next?","-0.888585099111415,2.05058099794942,2.93916609706083,4.98974709501025,26.5892002734108,0,1355"
20260204194500,cointelegraph.com,https://cointelegraph.com/news/fireblocks-stacks-institutional-bitcoin-defi,Stacks and Fireblocks Partner To Bring Bitcoin-Based DeFi to Institutions,"-1.34048257372654,0.804289544235925,2.14477211796247,2.94906166219839,21.1796246648794,0,341"
20260204194500,cointelegraph.com,https://cointelegraph.com/news/bitcoin-native-usdt-protocol-joins-ctdg-dev-hub,Bitcoin-native USDT protocol joins CTDG Dev Hub,"0.305810397553517,2.75229357798165,2.44648318042813,5.19877675840979,20.4892966360856,0,582"
20260204194500,cointelegraph.com,https://cointelegraph.com/news/bitcoin-price-new-15-month-low-under-73k-crypto-liquidates-800m,"Bitcoin Price Action Makes Lower Lows After Failed $76,000 Relief Bounce","-2.1505376344086,2.1505376344086,4.3010752688172,6.45161290322581,24.7311827956989,1.93548387096774,414"
20260204194500,cointelegraph.com,https://cointelegraph.com/news/xrp-price-slips-below-1-60-how-low-can-it-go-february,XRP Risks Another 23% Drop as Price Slides Below $1.60,"-1.69491525423729,1.86440677966102,3.55932203389831,5.42372881355932,25.4237288135593,0.169491525423729,516"
20260204194500,cointelegraph.com,https://cointelegraph.com/sponsored/exploring-how-cashback-based-models-aim-to-reduce-trading-fees-in-defi,Exploring how cashback-based models aim to reduce trading fees in DeFi,"2.16836734693878,3.57142857142857,1.4030612244898,4.97448979591837,22.5765306122449,0,702"
20260204223000,bitcoinmagazine.com,https://bitcoinmagazine.com/markets/mstr-shares-sink-as-bitcoin-hits-72000,Strategy ($MSTR) Shares Fall 20% As Bitcoin Drops To $72k,"-1.73745173745174,2.8957528957529,4.63320463320463,7.52895752895753,19.6911196911197,0,466"
20260204223000,bitcoinmagazine.com,https://bitcoinmagazine.com/news/alleged-bitcoin-ransom-nancy-guthrie,Alleged Bitcoin Ransom Deepens Nancy Guthrie Abduction,"-5.83941605839416,2.18978102189781,8.02919708029197,10.2189781021898,27.2506082725061,0,373"
20260204193000,coindesk.com,https://www.coindesk.com/business/2026/02/04/wall-street-giant-cme-group-is-eyeing-its-own-cme-coin-ceo-says,"Wall Street giant CME Group is eyeing its own 'CME Coin,' CEO says","0.476190476190476,1.19047619047619,0.714285714285714,1.9047619047619,26.6666666666667,2.61904761904762,393"
20260204193000,coindesk.com,https://www.coindesk.com/tech/2026/02/04/the-protocol-vitalik-buterin-s-stark-warning-on-layer-2-roadmap,The Protocol: Vitalik Buterin's stark warning on layer-2 roadmap,"-1.28893662728249,1.61117078410312,2.90010741138561,4.51127819548872,23.0397422126745,0.322234156820623,1675"
20260204193000,coindesk.com,https://www.coindesk.com/markets/2026/02/04/mature-indian-investors-are-buying-the-bitcoin-price-dip-coindcx-says,"Crypto news: Indian investors have matured, buying BTC in shift from speculative tokens","-0.216450216450216,3.67965367965368,3.8961038961039,7.57575757575758,20.3463203463203,1.2987012987013,406"
20260204193000,coindesk.com,https://www.coindesk.com/business/2026/02/04/nomura-defends-crypto-strategy-as-it-limits-short-term-volatility-at-laser-digital,Nomura pushes back on crypto retreat concerns as it tightens risk controls,"-3.2967032967033,2.63736263736264,5.93406593406593,8.57142857142857,23.0769230769231,1.75824175824176,411"
20260204193000,coindesk.com,https://www.coindesk.com/markets/2026/02/04/bitcoin-s-correlation-with-troubled-software-stock-sector-is-growing,"Bitcoin price analysis: BTC might just be another software name, and that's bad news","-0.625,1.875,2.5,4.375,22.1875,0.9375,295"
20260204193000,coindesk.com,https://www.coindesk.com/markets/2026/02/04/bitcoin-falls-back-to-usd74-000-remaining-on-defense-as-ai-jitters-shake-tech-sector,Bitcoin price news: BTC under pressure as U.S. tech sector stumbles,"-3.62537764350453,0.906344410876133,4.53172205438066,5.4380664652568,17.8247734138973,0.906344410876133,300"
20260204193000,coindesk.com,https://www.coindesk.com/markets/2026/02/04/this-bullish-analyst-on-michael-saylor-s-strategy-just-threw-in-the-towel,Strategy (MSTR) news: Canaccord slashes price target as stock tumbles to multi-year low,"-1.60857908847185,3.2171581769437,4.82573726541555,8.04289544235925,25.201072386059,0.804289544235925,337"
20260204203000,bitcoinmagazine.com,https://bitcoinmagazine.com/markets/bhutan-continues-bitcoin-sales,"Bhutan Continues Bitcoin Selling As Price Hits $72,000","-3.7037037037037,0.987654320987654,4.69135802469136,5.67901234567901,21.7283950617284,0,344"
20260202204500,cointelegraph.com,https://cointelegraph.com/news/4-reasons-why-75k-may-have-been-bitcoin-s-2026-price-bottom,Was The Bitcoin Bottom $75K?: Here's 4 Supporting Data Points,"-3.18021201413428,2.47349823321555,5.65371024734982,8.12720848056537,20.4946996466431,1.59010600706714,509"
20260202204500,cointelegraph.com,https://cointelegraph.com/news/bed-bath-beyond-tokens-com-tokenized-real-estate,"Bed Bath & Beyond to Acquire Tokens.com, Expand into Tokenized Assets","0.411522633744856,2.05761316872428,1.64609053497942,3.7037037037037,24.0740740740741,0.411522633744856,435"
20260202204500,cointelegraph.com,https://cointelegraph.com/news/wrench-attacks-increased-losses-certik,"Wrench Attacks Increased by 75% in 2025, Resulting in $41M Losses: CertiK","-10.0271002710027,0.5420054200542,10.5691056910569,11.1111111111111,21.1382113821138,0.5420054200542,325"
20260202234500,newsbtc.com,https://www.newsbtc.com/news/solana/solana-price-forecast-turns-bearish-after-100-breakdown-can-next-support-stop-the-slide/,"Solana Price Forecast Turns Bearish After $100 Breakdown, Can Next Support Stop the Slide?","-2.67175572519084,2.09923664122137,4.77099236641221,6.87022900763359,26.7175572519084,0,483"
20260202224500,bitcoinmagazine.com,https://bitcoinmagazine.com/authors/juan-galt?mab_v3=50263,Juan Galt - Author Archives - Bitcoin Magazine,"-2.77777777777778,0,2.77777777777778,2.77777777777778,11.1111111111111,0,32"
20260202224500,bitcoinmagazine.com,https://bitcoinmagazine.com/markets/manufacturing-data-positive-as-bitcoin,U.S. Manufacturing Rebounds As Bitcoin Hunts For A Bottom,"-0.740740740740741,3.33333333333333,4.07407407407407,7.40740740740741,19.2592592592593,0,482"
20260202224500,bitcoinmagazine.com,https://bitcoinmagazine.com/news/u-s-takes-control-of-400m-in-bitcoin,"US Seizes $400M In Bitcoin, Assets Tied To Helix Mixer","-5.27472527472528,0.879120879120879,6.15384615384615,7.03296703296703,19.3406593406593,0,396"
20260202224500,bitcoinmagazine.com,https://bitcoinmagazine.com/markets/bitcoin-breaks-84k-support-drops-13-weekly-to-confirm-bear-market-below-100-week-sma,"Bitcoin Bear Control Solidifies: $84K Support Broken, Price Eyes $68K&#x2013;$60K Zone","0.317460317460318,3.06878306878307,2.75132275132275,5.82010582010582,28.2539682539683,0.952380952380952,872"
20260202224500,bitcoinmagazine.com,https://store.bitcoinmagazine.com/collections/drop-001,The Core Issue - Drop 001,"2.01342281879195,2.01342281879195,0,2.01342281879195,32.8859060402685,1.34228187919463,130"
20260302194500,newsbtc.com,https://www.newsbtc.com/analysis/xrp/xrp-if-it-follows-amazon-trend/,What Happens To The XRP Price If It Follows The Amazon Trend And Begins Parabola,"0.389863547758285,1.75438596491228,1.364522417154,3.11890838206628,20.0779727095517,0,475"
20260302171500,cointelegraph.com,https://cointelegraph.com/news/procap-boosts-bitcoin-holdings-to-5-457-btc-aims-to-narrow-nav-discount,"ProCap Buys 450 BTC, Repurchases Shares Below NAV","0.710900473933649,2.8436018957346,2.13270142180095,4.97630331753555,22.7488151658768,0,394"
20260302171500,cointelegraph.com,https://cointelegraph.com/news/crypto-etp-rebound-1-billion-inflows-5-week-slump,Crypto ETPs Post $1B Inflows as Bitcoin Leads Gains,"-1.96629213483146,0.561797752808989,2.52808988764045,3.08988764044944,14.6067415730337,1.12359550561798,300"
20260302171500,cointelegraph.com,https://cointelegraph.com/news/will-bitcoin-crash-if-oil-prices-100-dollars-per-barrel,Oil Price Hits 15-Month High Amid Iran Conflict: What Does It Mean For BTC?,"-3.90977443609023,1.20300751879699,5.11278195488722,6.31578947368421,20.7518796992481,0,603"
20260302171500,cointelegraph.com,https://cointelegraph.com/news/bitcoin-nears-70k-pmi-boost-btc-price-leave-iran-woes,"Bitcoin Shrugs Off Iran as Wall Street Return Sparks $70,000 Run","-2.33722871452421,1.5025041736227,3.83973288814691,5.34223706176962,25.8764607679466,1.5025041736227,554"
20260302171500,cointelegraph.com,https://cointelegraph.com/opinion/bitcoin-structural-weaknesses-banks,Bitcoin Exposes The Structural Weaknesses That Banks Refuse To Admit,"-3.55594102341717,2.25498699045967,5.81092801387684,8.06591500433651,24.7181266261925,0,1054"
20260302171500,cointelegraph.com,https://cointelegraph.com/news/energym-ai-spoof-block-layoffs-job-openings-citrini-scenario,Energym Ad's Dystopian AI Future Collides with Real-World Layoffs,"-1.99637023593466,1.81488203266788,3.81125226860254,5.62613430127042,21.9600725952813,0.544464609800363,503"
20260302171500,cointelegraph.com,https://cointelegraph.com/news/strategy-michael-saylor-3k-bitcoin-buy-101-purchase,"Strategy Adds 3,015 Bitcoin as Holdings Top 720,737 BTC","2.44565217391304,2.44565217391304,0,2.44565217391304,21.4673913043478,0.271739130434783,334"
20260302171500,cointelegraph.com,https://cointelegraph.com/news/white-hat-hacker-recovers-2-26m-foom-cash-exploit,White Hat Hacker Recovers 80% of $2.26M Stolen in Foom Cash Exploit,"-6.25,3.26086956521739,9.51086956521739,12.7717391304348,24.4565217391304,0.271739130434783,340"
20260302183000,bitcoinmagazine.com,https://bitcoinmagazine.com/business/cake-wallet-launches-bitcoin-lightning-network-support-with-full-self-custody-and-privacy-defaults,Cake Wallet Launches Bitcoin Lightning Network Support With Full Self-Custody And Privacy Defaults,"-0.429184549356223,3.43347639484979,3.86266094420601,7.29613733905579,22.7467811158798,0.214592274678112,432"
20260302183000,bitcoinmagazine.com,https://bitcoinmagazine.com/news/procap-financial-brr-buys-450-bitcoin,"ProCap Buys 450 Bitcoin, Expands NAV-Accretive Strategy","-0.219298245614035,2.41228070175439,2.63157894736842,5.04385964912281,23.4649122807018,1.31578947368421,406"
20260302183000,bitcoinmagazine.com,https://bitcoinmagazine.com/news/citrea-launches-foundation-bitcoins,Citrea Launches Foundation To Advance Bitcoin's Programmable Future,"2.86975717439294,4.41501103752759,1.54525386313466,5.96026490066225,19.205298013245,0,393"
20260302183000,bitcoinmagazine.com,https://bitcoinmagazine.com/news/strategy-mstr-buys-204-million-in-bitcoin,Strategy ($MSTR) Buys $204 Million In Bitcoin,"2.21327967806841,3.01810865191147,0.804828973843058,3.82293762575453,21.5291750503018,0,436"
20260302183000,bitcoinmagazine.com,https://bitcoinmagazine.com/news/st-cloud-financial-union-digital-asset,St. Cloud Financial Credit Union Rolls Out Core-Integrated Digital Asset Platform For Members,"6.51260504201681,7.35294117647059,0.840336134453782,8.19327731092437,23.5294117647059,0,417"
20260302183000,bitcoinmagazine.com,https://bitcoinmagazine.com/markets/bitcoin-price-pumps-to-over-7000,"Bitcoin Price Pumps 7% To $70,000 In Early Trading","-3.84615384615385,0.904977375565611,4.75113122171946,5.65610859728507,20.1357466063348,0,390"
20260219204500,cointelegraph.com,https://cointelegraph.com/news/bitcoin-price-forecast-sees-new-breakdown-as-crypto-liquidates-200m,"Crypto Liquidations Steal The Show With Bitcoin Stuck Below $70,000","-1.73160173160173,1.51515151515152,3.24675324675325,4.76190476190476,20.995670995671,1.2987012987013,417"
20260219204500,cointelegraph.com,https://cointelegraph.com/news/ripple-ceo-white-house-meeting-crypto-banking-clarity,"Ripple CEO Confirms White House Meeting between Crypto, Banking Reps","-0.418410041841004,2.09205020920502,2.51046025104602,4.60251046025105,21.9665271966527,1.25523012552301,451"
20260219204500,cointelegraph.com,https://cointelegraph.com/news/bitcoin-miners-chase-30gw-ai-capacity-to-offset-hashprice-pressure,Bitcoin Miners Plan 30GW AI Capacity Amid Margin Pressure,"-0.515463917525773,3.35051546391753,3.8659793814433,7.21649484536082,18.8144329896907,0.257731958762887,357"
20260219204500,cointelegraph.com,https://cointelegraph.com/news/bitcoin-roadmap-to-bottom-says-58-7k-binance-cost-basis-now-crucial,"Four Sub-$60,000 BTC Price Levels Form Bitcoin Bottom 'Roadmap'","-1.26353790613718,1.44404332129964,2.70758122743682,4.15162454873646,26.7148014440433,0,510"
20260219204500,cointelegraph.com,https://cointelegraph.com/news/bitcoin-etfs-53b-net-inflows-after-selloff,Bitcoin ETFs Retain $53B in Net Inflows After Sell-Off,"-0.954653937947494,2.14797136038186,3.10262529832936,5.25059665871122,21.7183770883055,0.715990453460621,375"
20260219204500,cointelegraph.com,https://cointelegraph.com/news/resilient-bitcoin-holders-defend-btc-but-bear-floor-sits-20-lower-glassnode,Bitcoin Holders Defend Range as $55K Floor Looms: Glassnode,"-0.643086816720257,1.60771704180064,2.2508038585209,3.85852090032154,28.7781350482315,0.160771704180064,559"
20260219204500,cointelegraph.com,https://cointelegraph.com/news/tightening-bitcoin-bollinger-bands-forecast-explosive-price-move-but-which-way,Tight Bitcoin Bollinger Bands Signal Big Move: Analyst,"-2.2108843537415,1.53061224489796,3.74149659863946,5.27210884353742,24.6598639455782,0,519"
20260219204500,cointelegraph.com,https://cointelegraph.com/news/proshares-launches-treasury-etf-structured-to-qualify-for-stablecoin-reserves-under-genius-act,ProShares Launches Treasury ETF for GENIUS Stablecoin Reserves,"0.736648250460405,3.49907918968692,2.76243093922652,6.26151012891344,20.073664825046,1.10497237569061,494"
20260219204500,cointelegraph.com,https://cointelegraph.com/news/cme-may-24-7-crypto-derivative-trading,CME Group Announces Upcoming 24/7 Crypto Futures and Options Trading,"0.795755968169761,1.3262599469496,0.530503978779841,1.85676392572944,23.6074270557029,0.530503978779841,320"
20260219211500,bitcoinmagazine.com,https://bitcoinmagazine.com/news/bitcoins-lightning-network-surpasses,Bitcoin's Lightning Network Passes $1 Billion In Monthly Volume,"-1.95121951219512,1.95121951219512,3.90243902439024,5.85365853658537,18.0487804878049,0.24390243902439,367"
20260219211500,bitcoinmagazine.com,https://bitcoinmagazine.com/news/bitdeer-stock-btdr-crashes-18,Bitdeer (BTDR) Crashes 18% On Convertible Note Offering,"-1.9271948608137,1.2847965738758,3.21199143468951,4.49678800856531,24.6252676659529,0,429"
20260219211500,bitcoinmagazine.com,https://bitcoinmagazine.com/news/senator-warren-not-to-bail-out-crypto,"Warren To U.S. Government: ""No Bailouts For Crypto""","-1.76600441501104,4.19426048565121,5.96026490066225,10.1545253863135,20.7505518763797,0,408"
20260219203000,newsbtc.com,https://www.newsbtc.com/breaking-news-ticker/sell-bitcoin-now-peter-schiff-warns-predicts-20000-target-on-breakdown/,"'Sell Bitcoin Now,' Peter Schiff Warns, Predicts $20,000 Target On Breakdown","-4.6448087431694,2.18579234972678,6.83060109289618,9.01639344262295,21.8579234972678,0,333"
20260219203000,newsbtc.com,https://www.newsbtc.com/news/bitcoin/trump-backed-american-bitcoin-secures-spot-in-elite-corporate-crypto-circle/,Trump-Backed American Bitcoin Secures Spot In Elite Crypto Circle,"-1.19760479041916,1.99600798403194,3.1936127744511,5.18962075848303,21.5568862275449,0.598802395209581,459"
20260219193000,coindesk.com,https://www.coindesk.com/markets/2026/02/19/uae-sits-on-usd344-million-unrealized-profit-from-its-bitcoin-mining-operations,"Bitcoin news: UAE sits on $344 million in BTC mining profits, Arkham says","-1.69491525423729,1.69491525423729,3.38983050847458,5.08474576271187,17.7966101694915,0.847457627118644,317"
20260219193000,coindesk.com,https://www.coindesk.com/coindesk-indices/2026/02/18/crypto-for-advisors-crypto-vaults-explained,Understanding vaults: what happens beyond the yield,"-0.15255530129672,2.97482837528604,3.12738367658276,6.1022120518688,27.3073989321129,1.75438596491228,1202"
20260219193000,coindesk.com,https://www.coindesk.com/business/2026/02/19/susquehanna-backed-blockfills-up-for-sale-after-usd75-million-lending-loss,Crypto M&A: Susquehanna-backed Blockfills seek sale after millions in lending losses,"-4.37017994858612,1.02827763496144,5.39845758354756,6.426735218509,21.0796915167095,0.77120822622108,343"
20260219193000,coindesk.com,https://www.coindesk.com/markets/2026/02/19/eric-trump-double-downs-on-usd1-million-bitcoin-prediction-during-world-financial-forum,Eric Trump reitrates claim bitcoin (BTC) is just getting started on its road to $1 million,"1.49253731343284,3.28358208955224,1.7910447761194,5.07462686567164,21.4925373134328,1.19402985074627,286"
20260219193000,coindesk.com,https://www.coindesk.com/markets/2026/02/19/mike-mcglone-softens-bitcoin-downside-target-to-usd28-000-after-backlash-over-usd10-000-call,"McGlone shifts bitcoin forecast to $28,000 after critics blast $10,000 call as 'nonsense'","-7.05596107055961,0.72992700729927,7.78588807785888,8.51581508515815,26.2773722627737,1.21654501216545,381"
20260219193000,coindesk.com,https://www.coindesk.com/policy/2026/02/19/fed-s-neel-kashkari-calls-crypto-utterly-useless-dismisses-stablecoins-as-buzzword-salad,Bitcoin (BTC) news: Fed's Kashkari says crypto is 'utterly useless',"-0.274725274725274,3.2967032967033,3.57142857142857,6.86813186813187,22.5274725274725,1.0989010989011,321"
20260303100000,newsbtc.com,https://www.newsbtc.com/news/bitcoin/final-bitcoin-flush-is-coming/,"Seasoned Trader Says Final Bitcoin Flush Is Coming, Here's The Target","0.707547169811321,1.88679245283019,1.17924528301887,3.06603773584906,28.5377358490566,0,412"
20260303071500,cointelegraph.com,https://cointelegraph.com/news/bitcoin-forming-bottom-vaneck-ceo,BTC Price Bottom is Forming as Four-Year Halving Cycle Ends Says VanEck CEO,"-1.6548463356974,0.945626477541371,2.60047281323877,3.54609929078014,24.113475177305,1.89125295508274,369"
20260303071500,cointelegraph.com,https://cointelegraph.com/news/core-scientific-shares-lower-q4-earnings-miss-estimates,Core Scientific Q4 Earnings Miss Moves Shares Lower,"-0.491400491400491,2.21130221130221,2.7027027027027,4.91400491400491,19.4103194103194,0.491400491400491,365"
20260303071500,cointelegraph.com,https://cointelegraph.com/news/bitcoin-downside-momentum-fading-but-no-confirmed-trend-reversal-analysts,Bitcoin Rebound Tactical Not Structural Bear Market: Analysts,"-4.149377593361,2.4896265560166,6.63900414937759,9.12863070539419,25.7261410788382,0.4149377593361,435"
20260303071500,cointelegraph.com,https://cointelegraph.com/news/uniswap-beats-class-action-alleging-helped-crypto-rug-pulls,Judge Hands Win to Uniswap in Class Action Over Scams,"-4.78723404255319,3.72340425531915,8.51063829787234,12.2340425531915,24.2021276595745,0.531914893617021,349"
20260106194500,cointelegraph.com,https://cointelegraph.com/press-releases/buck-launches-the-world-s-first-savingscoin-with-7-annual-rewards,Buck launches the world's first SavingsCoin with 7% annual rewards,"2.72952853598015,4.46650124069479,1.73697270471464,6.20347394540943,26.0545905707196,0.248138957816377,368"
20260106194500,cointelegraph.com,https://cointelegraph.com/press-releases/coinhub-exchange-brings-a-bank-like-crypto-experience-to-las-vegas-and-phoenix,Coinhub Exchange brings a bank-like crypto experience to Las Vegas and Phoenix,"5.23012552301255,5.43933054393306,0.209205020920502,5.64853556485356,24.4769874476987,0.418410041841004,416"
20260106194500,cointelegraph.com,https://cointelegraph.com/news/bitcoin-faces-big-boy-sell-wall-95k-btc-price-struggles-gold,"Will $95,000 Sellers Derail Bitcoin's Comeback?","-1.84842883548983,2.40295748613678,4.25138632162662,6.6543438077634,23.4750462107209,0.184842883548983,483"
20260106194500,cointelegraph.com,https://cointelegraph.com/news/tether-scudo-fractional-gold-onchain,Tether Launches Scudo to Simplify Fractional Gold Ownership Onchain,"2.8328611898017,5.94900849858357,3.11614730878187,9.06515580736544,18.9801699716714,0.28328611898017,328"
20260106194500,cointelegraph.com,https://cointelegraph.com/news/us-crypto-market-structure-bill-delayed,US Crypto Market Structure Bill could be Delayed until 2027: Report,"-0.23094688221709,2.77136258660508,3.00230946882217,5.77367205542725,23.7875288683603,0.69284064665127,409"
20260106194500,cointelegraph.com,https://cointelegraph.com/explained/why-crypto-treasury-stocks-fall-faster-than-the-assets-they-hold,Why Crypto-Treasury Stocks Fall Faster Than the Assets They Hold,"-2.78745644599303,3.48432055749129,6.27177700348432,9.75609756097561,22.6480836236934,0.261324041811847,1078"
20260106194500,cointelegraph.com,https://cointelegraph.com/news/iran-s-currency-collapse-shows-why-bitcoin-is-seen-as-an-exit-option,Iran's Currency Collapse Shows Why Bitcoin Is Seen as an Exit Option,"-7.17703349282296,1.8341307814992,9.01116427432217,10.8452950558214,18.8995215311005,0.558213716108453,1158"
20260106194500,cointelegraph.com,https://cointelegraph.com/news/the-no-lockup-crypto-staking-model-most-users-miss,The 'no-lockup' crypto staking model most users misspost.title.seo-tail,"4.02476780185759,5.10835913312694,1.08359133126935,6.19195046439629,26.3157894736842,0,591"
20260106194500,cointelegraph.com,https://cointelegraph.com/advertising-disclosure,Cointelegraph Bitcoin & Ethereum Blockchain News,"1.48883374689826,3.2258064516129,1.73697270471464,4.96277915632754,21.5880893300248,4.71464019851117,359"
20260106211500,bitcoinmagazine.com,https://bitcoinmagazine.com/markets/bitcoin-holds-92000-analysts-say-bottom,"Bitcoin Holds $92,000 As Analysts See Market Bottom","-0.857142857142857,3.28571428571429,4.14285714285714,7.42857142857143,22.1428571428571,0.571428571428571,640"
20260106211500,bitcoinmagazine.com,https://bitcoinmagazine.com/news/michael-saylors-strategy-bought-1286-btc,"Strategy Buys 1,286 BTC, Increases USD Reserve To $2.25B","1.03244837758112,4.12979351032448,3.09734513274336,7.22713864306785,18.4365781710914,0,596"
20260106211500,newsbtc.com,https://www.newsbtc.com/bitcoin-news/bitcoin-wins-trump-pumps-gdp-suppresses-oil-hayes/,"Bitcoin Wins As Trump Pumps GDP, Suppresses Oil: Arthur Hayes","-0.904977375565611,2.8657616892911,3.77073906485671,6.63650075414781,22.0211161387632,0.603318250377074,611"
20260106211500,coindesk.com,https://www.coindesk.com/business/2026/01/06/former-cftc-commissioner-brian-quintenz-joins-sui-group-board,SUI Group (SUIG) news: Brian Quintenz joins board,"2.11267605633803,2.8169014084507,0.704225352112676,3.52112676056338,20.6572769953052,1.17370892018779,398"
20260106211500,coindesk.com,https://www.coindesk.com/markets/2026/01/06/polkadot-s-dot-declines-in-u-s-afternoon-selloff,Polkadot (DOT) declines in late session selloff,"-2.40549828178694,4.46735395189003,6.87285223367698,11.340206185567,21.6494845360825,1.71821305841924,262"
20260106211500,coindesk.com,https://www.coindesk.com/markets/2026/01/06/asset-manager-bitwise-sees-3-tests-for-crypto-s-2026-rally,Asset manager Bitwise sees 3 tests for crypto's 2026 rally,"-3.62473347547974,1.91897654584222,5.54371002132196,7.46268656716418,25.5863539445629,0.639658848614073,424"
20260106211500,coindesk.com,https://www.coindesk.com/markets/2026/01/06/crypto-prices-retreat-in-return-to-downward-u-s-trading-day-action,"Bitcoin price news: BTC fails to hold early gains, falls back to $92,000","0.193423597678917,3.09477756286267,2.90135396518375,5.99613152804642,19.3423597678917,0.580270793036751,452"
20260106211500,coindesk.com,https://www.coindesk.com/markets/2026/01/06/liquidity-lifts-bitcoin-but-halving-cycle-fears-could-limit-rally-in-2026-says-schwab,"Liquidity lifts Bitcoin (BTC), but 'halving cycle' fears could limit rally in 2026, says Schwab","0.72463768115942,3.14009661835749,2.41545893719807,5.55555555555556,28.2608695652174,0.966183574879227,369"
20260106211500,coindesk.com,https://www.coindesk.com/business/2026/01/06/why-crypto-s-new-token-issues-are-falling-flat-and-what-comes-next,Why most new crypto tokens struggled to hold value in 2025,"-1.364522417154,2.63157894736842,3.99610136452242,6.62768031189084,26.0233918128655,0.292397660818713,948"
20260106211500,coindesk.com,https://www.coindesk.com/markets/2026/01/06/riot-platforms-sold-usd200-million-of-bitcoin-in-2025-s-last-two-months,Bitcoin miner Riot Platforms (RIOT) raised $200 million via BTC sales,"-3.29218106995885,0.823045267489712,4.11522633744856,4.93827160493827,25.5144032921811,1.23456790123457,221"
20260218114500,cointelegraph.com,https://cointelegraph.com/news/bitcoin-etfs-105-million-outflows-mystery-ibit-buyer,Bitcoin ETFs Post $105M Outflows As Hong Kong Buyer Emerges,"-0.508905852417303,0.508905852417303,1.01781170483461,1.52671755725191,14.7582697201018,0.763358778625954,349"
20260218114500,cointelegraph.com,https://cointelegraph.com/news/peter-thiel-founders-fund-exits-ethzilla-stake,Peter Thiel's Founders Fund Exits ETHZilla as Ether Treasuries Strain,"0.26246719160105,2.6246719160105,2.36220472440945,4.98687664041995,19.6850393700787,0,339"
20260218114500,cointelegraph.com,https://cointelegraph.com/news/wells-fargo-tax-refunds-yolo-trade-bitcoin-stocks-150b,Wells Fargo Says YOLO Trade Could Send $150B Into Bitcoin And Risk Assets,"0.681818181818182,3.40909090909091,2.72727272727273,6.13636363636364,22.2727272727273,0.909090909090909,403"
20260218114500,cointelegraph.com,https://cointelegraph.com/news/lagarde-early-exit-ecb-digital-euro-mica-stablecoins-successor,Lagarde May Leave ECB Early as Digital Euro Enters Key Phase,"-1.20481927710843,1.37693631669535,2.58175559380379,3.95869191049914,18.0722891566265,0,529"
20260218114500,coindesk.com,https://www.coindesk.com/business/2026/02/18/brevan-howard-s-crypto-fund-lost-30-in-worst-year-since-inception-ft,Brevan Howard's crypto fund lost 30% in 2025 in worst year since inception: FT,"-1.41509433962264,1.88679245283019,3.30188679245283,5.18867924528302,21.2264150943396,1.41509433962264,186"
20260218123000,newsbtc.com,https://www.newsbtc.com/bitcoin-news/macro-wobbles-may-send-bitcoin-back-to-the-50000s-industry-ceo-claims/,"Macro Wobbles May Send Bitcoin Back To The $50,000s, Industry CEO Claims","-4.37375745526839,2.5844930417495,6.95825049701789,9.54274353876739,23.0616302186879,0.596421471172962,462"
20260218123000,newsbtc.com,https://www.newsbtc.com/bitcoin-news/is-jane-street-manipulating-bitcoin-viral-theory/,Is Jane Street Manipulating Bitcoin? The Viral Theory Explained,"-4.15183867141163,0.830367734282325,4.98220640569395,5.81257413997628,23.4875444839858,0.474495848161329,763"
20260217213000,cointelegraph.com,https://cointelegraph.com/press-releases/nimbus-capital-and-chimera-wallet-announce-15-million-strategic-partnership-to-expand-defi-infrastructure-on-bitcoin,Nimbus Capital and Chimera Wallet announce $15 million strategic partnership to expand DeFi infrastructure on Bitcoin,"1.75438596491228,2.53411306042885,0.779727095516569,3.31384015594542,19.1033138401559,0.584795321637427,457"
20260217213000,cointelegraph.com,https://cointelegraph.com/news/bitcoin-stays-pinned-below-70k-as-btc-s-negative-funding-rate-flashes-warning-sign,Bitcoin Bears Cap BTC At $70K Despite Negative Funding,"-3.9647577092511,3.9647577092511,7.9295154185022,11.8942731277533,19.3832599118943,1.76211453744493,418"
20260217213000,cointelegraph.com,https://cointelegraph.com/news/top-crypto-treasury-companies-strategy-and-bitmine-add-to-btc-eth-stacks,"Strategy and Bitmine Expand BTC, ETH Holdings Amid Market Slump","0.965250965250965,2.50965250965251,1.54440154440154,4.05405405405405,17.953667953668,0,445"
20260217213000,cointelegraph.com,https://cointelegraph.com/news/traders-pinpoint-three-price-targets-for-bitcoin-if-dollar70k-holds-as-resistance,Bitcoin Traders Say Watch These BTC Price Levels Next,"0.447427293064877,2.01342281879195,1.56599552572707,3.57941834451902,23.7136465324385,0,396"
20260217213000,cointelegraph.com,https://cointelegraph.com/news/bitcoin-chart-pattern-whale-activity-warn-of-another-20-price-drop,Bitcoin Price May Drop Another 20% Amid Alarming Whale Activity,"-2.15311004784689,0.717703349282297,2.87081339712919,3.58851674641148,25.8373205741627,0,379"
20260217213000,cointelegraph.com,https://cointelegraph.com/news/new-bitcoin-whales-are-trapped-underwater-but-for-how-long,"""New"" Bitcoin Whale Losses Deepen as Binance Inflows Rise","-1.41093474426808,1.7636684303351,3.17460317460317,4.93827160493827,27.5132275132275,0,506"
20260217213000,cointelegraph.com,https://cointelegraph.com/news/macro-headwinds-test-bitcoin-price-as-dollar70k-crumbles-amid-us-market-volatility,Bitcoin Falls Under $70K As US VIX Index Signals Risk-off Conditions,"-3.23076923076923,1.38461538461538,4.61538461538462,6,20.6153846153846,0.769230769230769,565"
20260217213000,cointelegraph.com,https://cointelegraph.com/news/kraken-integrates-with-ice-chat-to-expand-institutional-otc-access,Kraken Integrates OTC Desk with ICE Chat for Institutions,"1.41843971631206,1.89125295508274,0.472813238770686,2.36406619385343,20.8037825059102,0.709219858156028,377"
20260217210000,bitcoinmagazine.com,https://bitcoinmagazine.com/news/ai-warda-raises-ibit-bitcoin-etf-stake,Abu Dhabi's Al Warda Raises Bitcoin ETF To 8.2M IBIT Shares,"0.934579439252337,2.80373831775701,1.86915887850467,4.67289719626168,17.5233644859813,0,394"
20260217210000,bitcoinmagazine.com,https://bitcoinmagazine.com/news/abu-dhabis-boosts-bitcoin-holdings-to-630,"Abu Dhabi, Jane Street Buy Billions In Bitcoin ETFs","1.9047619047619,3.0952380952381,1.19047619047619,4.28571428571429,14.2857142857143,0,373"
20260217210000,bitcoinmagazine.com,https://bitcoinmagazine.com/authors/gloria-zhao,Gloria Zhao - Author Archives - Bitcoin Magazine,"0,0,0,0,33.3333333333333,0,27"
20260217210000,bitcoinmagazine.com,https://bitcoinmagazine.com/print/satoshis-exercise-for-the-reader,Satoshi's Exercise For The Reader,"-2.56410256410256,3.84615384615385,6.41025641025641,10.2564102564103,25.5189255189255,0.549450549450549,1527"
20260217221500,coindesk.com,https://www.coindesk.com/daybook-us/2026/02/17/bitcoin-improvement-proposal-to-block-spam-draws-heat-from-heavyweights,Bitcoin improvement proposal to block spam draws heat from heavyweights,"-2.21923335574983,1.546738399462,3.76597175521184,5.31271015467384,17.7538668459987,0.336247478143914,1261"
20260217221500,coindesk.com,https://www.coindesk.com/business/2026/02/17/crypto-venture-capital-firm-dragonfly-raises-usd650-million-despite-gloom-of-a-bear-market,Crypto VC firm Dragonfly raises $650 million despite 'gloom of a bear market',"-0.603621730382294,2.21327967806841,2.8169014084507,5.03018108651912,22.1327967806841,0.603621730382294,436"
20260217221500,coindesk.com,https://www.coindesk.com/opinion/2026/02/17/the-crypto-tax-reckoning-is-here,The crypto tax reckoning is here,"-3.78619153674833,1.67037861915367,5.456570155902,7.12694877505568,23.2739420935412,1.67037861915367,813"
20260217221500,coindesk.com,https://www.coindesk.com/business/2026/02/17/banking-giant-intesa-sanapolo-discloses-usd100-million-bitcoin-etf-holdings-along-with-strategy-hedge,"Italian banking giant Intesa Sanapolo discloses near $100 million bitcoin ETF holdings, along with Strategy hedge","1.38568129330254,2.77136258660508,1.38568129330254,4.15704387990762,21.0161662817552,0.69284064665127,398"
20260217221500,newsbtc.com,https://www.newsbtc.com/news/ethereum/ethereum-hidden-bull-divergence/,"This Ethereum Hidden Bull Divergence Says Price Will Rise Over 100% To Break $4,900 ATH","0.204081632653061,2.04081632653061,1.83673469387755,3.87755102040816,24.8979591836735,0,461"
20260217221500,coindesk.com,https://www.coindesk.com/business/2026/02/17/bitcoin-treasury-company-nakamoto-to-acquire-btc-inc-and-utxo-in-usd107-million-all-stock-deal,Nakamoto (NAKA) news: David Bailey-led company acquiring related firms,"2.20125786163522,3.45911949685535,1.25786163522013,4.71698113207547,22.0125786163522,1.88679245283019,289"
20260217221500,coindesk.com,https://www.coindesk.com/markets/2026/02/17/bitcoin-slips-below-usd67-000-as-software-stocks-continue-to-plunge,Bitcoin price news: BTC falls alongside key software ETF (IGV),"-2.13776722090261,2.37529691211401,4.51306413301663,6.88836104513064,20.1900237529691,0.712589073634204,387"
20260217221500,coindesk.com,https://www.coindesk.com/markets/2026/02/17/michael-saylor-s-strategy-purchased-usd168-million-in-bitcoin-last-week,"Strategy (MSTR) news: company added 2,486 bitcoin last week","0.617283950617284,1.23456790123457,0.617283950617284,1.85185185185185,19.7530864197531,1.85185185185185,139"
20260217221500,newsbtc.com,https://www.newsbtc.com/news/dogecoin/doge-price-slips-3-daily-break-below-0-098-could-trigger-further-dogecoin-downside/,"DOGE Price Slips 3% Daily, Break Below $0.098 Could Trigger Further Dogecoin Downside","-2.96442687747036,2.96442687747036,5.92885375494071,8.89328063241107,23.9130434782609,0,472"
20260303191500,newsbtc.com,https://www.newsbtc.com/analysis/xrp/xrp-price-at-100-is-inevitable/,"XRP Price At $100 Is 'Inevitable', Analyst Explains Why This Is","2.20183486238532,3.48623853211009,1.28440366972477,4.77064220183486,20.7339449541284,0.18348623853211,495"
20260303191500,newsbtc.com,https://www.newsbtc.com/news/bitcoin/bitcoin-is-headed-to-40000/,"Elliot Wave Theory Says Bitcoin Price Is Headed To $40,000, But The End Game Will Shock You","-1.20967741935484,1.41129032258065,2.62096774193548,4.03225806451613,23.7903225806452,0,461"
20260303180000,bitcoinmagazine.com,https://bitcoinmagazine.com/news/iran-bitcoin-outflows-surge-post-strikes,Iran's Bitcoin Usage Surges After US-Israel Airstrikes,"-6.92307692307692,0.769230769230769,7.69230769230769,8.46153846153846,16.5384615384615,0.192307692307692,448"
20260303180000,bitcoinmagazine.com,https://bitcoinmagazine.com/featured/paraguay-miners-bitcoin-mining,Paraguay Eyes Seized Miners For Government Bitcoin Project,"-2.43243243243243,1.89189189189189,4.32432432432432,6.21621621621622,22.1621621621622,0.540540540540541,693"
20260303180000,bitcoinmagazine.com,https://bitcoinmagazine.com/authors/allard-peng-2,Allard Peng - Author Archives - Bitcoin Magazine,"0,5,5,10,15,0,38"
20260303180000,bitcoinmagazine.com,https://bitcoinmagazine.com/news/these-two-bitcoin-sell-their-bitcoin,These Two Bitcoin Miners Are Getting Ready To Sell Bitcoin,"1.9578313253012,3.46385542168675,1.50602409638554,4.96987951807229,23.3433734939759,0,592"
20260303180000,bitcoinmagazine.com,https://bitcoinmagazine.com/news/tether-and-lugano-launch-plan-%E2%82%BF,"Tether And Lugano Launch Plan &#x20BF; Phase II, Targeting Global Leadership In Digital Infrastructure","3.83795309168443,4.6908315565032,0.852878464818763,5.54371002132196,19.8294243070362,0.213219616204691,406"
20260303180000,bitcoinmagazine.com,https://bitcoinmagazine.com/bitcoin-for-corporations/digital-credit-research-note,"Digital Credit: Strategy World Research Note For Institutions, Corporations, And Operators","0.895856662933931,4.64725643896977,3.75139977603583,8.3986562150056,28.6114221724524,0.615901455767077,1635"
20260303180000,bitcoinmagazine.com,https://bitcoinmagazine.com/news/trump-linked-american-bitcoin-abtc-2,Trump-Linked American Bitcoin (ABTC) Expands Mining Fleet,"1.38888888888889,3.24074074074074,1.85185185185185,5.09259259259259,22.2222222222222,0.462962962962963,389"
20260209211500,bitcoinmagazine.com,https://bitcoinmagazine.com/authors/juan-galt?mab_v3=50373,Juan Galt - Author Archives - Bitcoin Magazine,"-2.77777777777778,0,2.77777777777778,2.77777777777778,11.1111111111111,0,32"
20260209211500,coindesk.com,https://www.coindesk.com/daybook-us/2026/02/09/bitcoin-value-investors-move-in-as-price-drops-capitulation-searches-rise,"Bitcoin value investors move in as BTC price drops, 'capitulation' searches rise: Crypto Daybook Americas","0,1.62866449511401,1.62866449511401,3.25732899022801,16.85667752443,0.244299674267101,1025"
20260209211500,coindesk.com,https://www.coindesk.com/news-analysis/2026/02/09/u-s-government-isn-t-poised-to-sweep-in-with-bitcoin-buys-despite-jim-cramer-rumor,"U.S. government isn't poised to sweep in with bitcoin buys, despite Jim Cramer rumor","-1.22377622377622,1.74825174825175,2.97202797202797,4.72027972027972,26.2237762237762,0,533"
20260209211500,bitcoinmagazine.com,https://bitcoinmagazine.com/markets/bernstein-calls-bitcoin-selloff-weak,"Analyst Calls Bitcoin Bear Case 'Weak', Keeps $150K Target","-4.75435816164818,2.69413629160063,7.44849445324881,10.1426307448494,21.0776545166403,0.158478605388273,579"
20260209211500,bitcoinmagazine.com,https://bitcoinmagazine.com/news/cifr-and-wulf-get-morgan-stanley-nod,"Morgan Stanley Backs CIFR, WULF As Data Center Plays","0.203252032520325,2.84552845528455,2.64227642276423,5.48780487804878,21.1382113821138,0,447"
20260209211500,bitcoinmagazine.com,https://bitcoinmagazine.com/markets/bitcoin-rebounds-from-60k-capitulation-low-eyes-74500-resistance-this-week,"Bitcoin Rebounds From $60K Capitulation Low, Eyes $74,500 Resistance This Week","-0.24906600249066,2.61519302615193,2.86425902864259,5.47945205479452,24.906600249066,0.74719800747198,731"
20260209211500,coindesk.com,https://www.coindesk.com/markets/2026/02/09/bitcoin-shakes-off-early-decline-returns-to-usd70-000-as-bernstein-reiterates-usd150-000-outlook,"Bitcoin price news: BTC climbs above $70,000 as Bernstein makes bull case","-1.4218009478673,1.8957345971564,3.3175355450237,5.21327014218009,22.0379146919431,1.18483412322275,383"
20260209211500,coindesk.com,https://www.coindesk.com/markets/2026/02/09/cipher-mining-and-terawulf-are-buys-mara-a-sell-as-morgan-stanley-begins-bitcoin-miner-coverag,"Morgan Stanley backs Cipher (CIFR) and TeraWulf (WULF), but is cool on Marathon (MARA)","0.902061855670103,2.9639175257732,2.06185567010309,5.02577319587629,24.2268041237113,0.77319587628866,717"
20260209211500,coindesk.com,https://www.coindesk.com/markets/2026/02/09/michael-saylor-s-strategy-made-modest-bitcoin-acquisition-during-last-week-s-crypto-crash,Strategy news: MSTR purchased $90 million of bitcoin last week,"1.02564102564103,2.05128205128205,1.02564102564103,3.07692307692308,20,1.53846153846154,173"
20260209211500,coindesk.com,https://www.coindesk.com/markets/2026/02/09/bitcoin-miner-cango-sells-usd305-million-of-btc-during-market-slump-to-fund-ai-shift,Cango (CANG) stock news: BTC miner sold more than half of its holdings,"0,2.24438902743142,2.24438902743142,4.48877805486284,21.9451371571072,1.24688279301746,362"
20260209184500,cointelegraph.com,https://cointelegraph.com/news/bernstein-says-bitcoin-selloff-reflects-weakest-bear-case-on-record-keeps-150k-2026-target,"Cointelegraph: Bitcoin, Ethereum, Crypto News & Price Indexes","-4.27509293680297,2.23048327137546,6.50557620817844,8.7360594795539,24.907063197026,0,488"
20260209184500,cointelegraph.com,https://cointelegraph.com/news/saylor-strategy-1142-bitcoin-purchase-79k-per-btc,"Cointelegraph: Bitcoin, Ethereum, Crypto News & Price Indexes","2.82051282051282,3.33333333333333,0.512820512820513,3.84615384615385,23.5897435897436,0.512820512820513,362"
20260209184500,cointelegraph.com,https://cointelegraph.com/news/bitcoin-miner-cango-sells-btc-ai-hpc-pivot,"Cointelegraph: Bitcoin, Ethereum, Crypto News & Price Indexes","0.795755968169761,2.12201591511936,1.3262599469496,3.44827586206897,22.2811671087533,0,348"
20260209184500,cointelegraph.com,https://cointelegraph.com/news/canton-yuval-rooz-empty-shell-models,"Cointelegraph: Bitcoin, Ethereum, Crypto News & Price Indexes","-1.97132616487455,1.0752688172043,3.04659498207885,4.12186379928315,20.4301075268817,0.3584229390681,505"
20260209184500,cointelegraph.com,https://cointelegraph.com/news/bitmine-buys-40-613-eth-during-sell-off-as-ether-strategy-faces-deep-drawdown,"Cointelegraph: Bitcoin, Ethereum, Crypto News & Price Indexes","-1.48619957537155,2.9723991507431,4.45859872611465,7.43099787685775,22.7176220806794,0,415"
20260209184500,cointelegraph.com,https://cointelegraph.com/news/is-solana-headed-to-50-dollars-three-charts-textbook-bear,"Cointelegraph: Bitcoin, Ethereum, Crypto News & Price Indexes","-1.85185185185185,0.823045267489712,2.67489711934156,3.49794238683128,23.0452674897119,0,428"
20260218160000,bitcoinmagazine.com,https://bitcoinmagazine.com/news/bitcoin-price-holds-near-67000,"Bitcoin Price Holds Near $67,000 As Market Waits For Prompt","-2.23123732251521,1.82555780933063,4.05679513184584,5.88235294117647,23.1237322515213,0,428"
20260218160000,bitcoinmagazine.com,https://bitcoinmagazine.com/news/milo-tops-100-million-in-crypto-mortgages,Milo Tops $100 Million In Bitcoin And Crypto Mortgages,"0.433839479392625,1.7353579175705,1.30151843817787,3.03687635574837,27.114967462039,0.650759219088937,419"
20260218154500,coindesk.com,https://www.coindesk.com/policy/2026/02/18/hyperliquid-starts-defi-lobbying-group-with-usd29-million-token-backing,Hyperliquid starts DeFi lobbying group in U.S. with $29 million HYPE token backing,"1.50862068965517,2.58620689655172,1.07758620689655,3.66379310344828,22.6293103448276,1.07758620689655,417"
20260218154500,coindesk.com,https://www.coindesk.com/markets/2026/02/18/bitcoin-s-plunge-signals-coming-ai-crisis-but-massive-fed-response-will-drive-new-record-high-arthur-hayes,Arthur Hayes: BTC will make new records as Fed responds to AI-related credit collapse,"-5.36912751677852,3.57941834451902,8.94854586129754,12.5279642058166,21.7002237136465,0.894854586129754,411"
20260218154500,coindesk.com,https://www.coindesk.com/daybook-us/2026/02/18/while-some-big-investors-are-cashing-out-others-double-down,"While some big investors cash out, others double down: Crypto Daybook Americas","0.56044835868695,1.76140912730184,1.20096076861489,2.96236989591673,16.3330664531625,0.400320256204964,1070"
20260218154500,coindesk.com,https://www.coindesk.com/business/2026/02/18/american-crypto-holders-are-scared-and-confused-about-this-year-s-new-irs-tax-rules,"American crypto investors are scared, confused about this year's new IRS transaction reporting","-3.68932038834951,1.55339805825243,5.24271844660194,6.79611650485437,25.2427184466019,0.970873786407767,470"
20260218154500,coindesk.com,https://www.coindesk.com/markets/2026/02/18/canary-lists-spot-sui-etf-with-staking-rewards,Canary debuts spot sui (SUI) exchange-traded fund with staking on the Nasdaq,"0.738007380073801,1.4760147601476,0.738007380073801,2.2140221402214,22.5092250922509,1.1070110701107,244"
20260218154500,coindesk.com,https://www.coindesk.com/markets/2026/02/18/bitcoin-holds-near-usd68-000-as-volatility-cools-wlfi-jumps-ahead-of-mar-a-lago-forum,Bitcoin stuck in tight range; WLFI rallies ahead of crypto forum,"-2.2140221402214,1.29151291512915,3.50553505535055,4.7970479704797,21.2177121771218,0.55350553505535,478"
20260206090000,cointelegraph.com,https://cointelegraph.com/news/bitcoin-miners-iren-cleanspark-financial-earnings-short,Bitcoin Mining Stocks Plunge As Earnings Fall Short,"-0.440528634361234,3.08370044052863,3.52422907488987,6.6079295154185,19.6035242290749,0.220264317180617,405"
20260206090000,cointelegraph.com,https://cointelegraph.com/news/bitcoin-price-plunge-large-holders-supply-drops-santiment,Large Bitcoin Holders Supply Hits 9-Month Low,"-3.26086956521739,0,3.26086956521739,3.26086956521739,19.0217391304348,0.271739130434783,335"
20260206090000,cointelegraph.com,https://cointelegraph.com/news/tether-invests-150-million-in-gold-com,Tether Invests $150M in Gold.com to expand gold tokenization,"5.35714285714286,6.8452380952381,1.48809523809524,8.33333333333333,20.2380952380952,1.78571428571429,300"
20260206091500,coindesk.com,https://www.coindesk.com/markets/2026/02/06/jefferies-sees-few-signs-of-a-crypto-bottom-yet-flags-upside-for-tokens-with-fundamentals,Jefferies sees few signs of a BTC bottom yet flags upside for tokens with fundamentals,"-3.98773006134969,0.613496932515337,4.60122699386503,5.21472392638037,23.9263803680982,0.920245398773006,300"
20260127091500,newsbtc.com,https://www.newsbtc.com/xrp-news/xrp-outlook-for-2026-ai-model-signals-new-record-ahead-can-price-reach-6/,XRP Outlook For 2026: AI Model Signals New Record Ahead &#x2014; Can Price Reach $6?,"0.517241379310345,2.93103448275862,2.41379310344828,5.3448275862069,23.2758620689655,0,528"
20260127091500,newsbtc.com,https://www.newsbtc.com/stablecoin/stablecoin-market-cap-drops-7-billion-means-bitcoin/,Stablecoin Market Cap Drops By $7 Billion&#x2014;What It Means For Bitcoin,"-1.51515151515152,0.378787878787879,1.89393939393939,2.27272727272727,25.1893939393939,0.189393939393939,490"
20260127091500,newsbtc.com,https://www.newsbtc.com/analysis/doge/dogecoin-doge-resistance-0-1240/,Dogecoin (DOGE) Bulls Make A Move &#x2014; Then Slam Into Resistance,"0.659340659340659,2.63736263736264,1.97802197802198,4.61538461538462,27.2527472527473,0.21978021978022,391"
20260127074500,coindesk.com,https://www.coindesk.com/markets/2026/01/27/bitcoin-remains-coiled-under-usd88-500-as-gold-tops-usd5-000-silver-gives-back-gains,"Bitcoin remains coiled under $88,500 as gold tops $5,000, silver gives back gains","-1.34228187919463,2.01342281879195,3.35570469798658,5.36912751677852,20.8053691275168,0.671140939597315,407"
20260206233000,newsbtc.com,https://www.newsbtc.com/analysis/xrp/xrp-bottom-and-target-of-10/,Analyst Who Predicted XRP's 600% Rally Forecasts The Bottom And A Target Of $10,"-0.602409638554217,2.00803212851406,2.61044176706827,4.61847389558233,22.289156626506,0,455"
20260206233000,newsbtc.com,https://www.newsbtc.com/bitcoin-news/bitcoin-realized-loss-900-million-highest-ftx-crash/,"Bitcoin Realized Loss Nears $900 Million, Highest Since FTX Crash","-3.71819960861057,0.782778864970646,4.50097847358121,5.28375733855186,25.8317025440313,0,480"
20260206233000,newsbtc.com,https://www.newsbtc.com/breaking-news-ticker/expert-predicts-bitcoin-price-could-fall-to-45000-by-end-of-2026/,"Expert Predicts Bitcoin Price Could Fall To $45,000 By End Of 2026","-1.0840108401084,1.3550135501355,2.4390243902439,3.7940379403794,25.4742547425474,0,328"
20260206234500,cointelegraph.com,https://cointelegraph.com/news/price-predictions-2-6-btc-eth-bnb-xrp-sol-doge-ada-bch-hype-xmr,"Bitcoin, Altcoins Rally: Is It A Dead Cat Bounce?","-1.02389078498294,2.1160409556314,3.13993174061433,5.25597269624573,26.5529010238908,0,1361"
20260206234500,cointelegraph.com,https://cointelegraph.com/news/crypto-stress-test-hits-balance-sheets-bitcoin-ether-collapse,"Crypto Biz: Sell-Off Hits Treasuries, ETFs and Mining Infrastructure","-4.64788732394366,1.40845070422535,6.05633802816901,7.46478873239437,21.6901408450704,0.563380281690141,646"
20260206234500,cointelegraph.com,https://cointelegraph.com/news/bitcoin-dips-to-60k-trm-labs-becomes-crypto-unicorn-finance-redefined,"Bitcoin Dips to $60k, TRM Labs Reaches Crypto Unicorn Status","-1.36655948553055,2.09003215434084,3.45659163987138,5.54662379421222,20.096463022508,0.723472668810289,1125"
20260206234500,cointelegraph.com,https://cointelegraph.com/news/kris-marszalek-ai-launches-ai-agents,"Ai.Com, Founded by Kris Marszalek, Announces Upcoming AI Agents","-0.60790273556231,2.73556231003039,3.3434650455927,6.0790273556231,20.9726443768997,0,302"
20260206234500,cointelegraph.com,https://cointelegraph.com/news/bitcoin-rallies-to-71-5k-after-historic-sell-off-but-derivatives-metrics-remain-soft,"Bitcoin Reclaims $71K, But How Long Will It Hold?","-7.04225352112676,2.01207243460765,9.05432595573441,11.0663983903421,24.9496981891348,0,455"
20260206234500,cointelegraph.com,https://cointelegraph.com/news/bithumb-confirms-reward-payout-error-after-abnormal-bitcoin-trades,Bithumb Corrects Payout Error After Abnormal Bitcoin Trades,"-5.90909090909091,2.04545454545455,7.95454545454545,10,21.1363636363636,0,399"
20260206234500,coindesk.com,https://www.coindesk.com/markets/2026/02/06/galaxy-digital-shares-jump-18-after-company-approves-usd200-million-buyback,Galaxy Digital shares jump 18% after company approves $200 million buyback,"1.05540897097625,3.69393139841689,2.63852242744063,6.33245382585752,25.3298153034301,1.84696569920844,343"
20260130190000,newsbtc.com,https://www.newsbtc.com/news/dogecoin/dogecoin-level-stalling-402-move/,Here's The Dogecoin Resistance Level That Is Stalling A 402% Move,"0.1953125,2.1484375,1.953125,4.1015625,27.1484375,0,482"
20260130203000,cointelegraph.com,https://cointelegraph.com/news/defi-stays-outside-rules-regulators-tighten-finance-redefined,DeFi Stays Outside Rules as Regulators Tighten Elsewhere,"-1.49925037481259,1.34932533733133,2.84857571214393,4.19790104947526,22.1889055472264,0.599700149925038,588"
20260130203000,cointelegraph.com,https://cointelegraph.com/news/liquidations-knock-bitcoin-out-world-top-10-assets,Bitcoin Loses Ground in Global Asset Rankings After Violent Selloff,"-2.34375,1.82291666666667,4.16666666666667,5.98958333333333,21.09375,0.520833333333333,343"
20260130203000,cointelegraph.com,https://cointelegraph.com/news/nubank-conditional-us-approval-national-bank,Nubank Wins Conditional Approval for US National Bank Charter,"4.54545454545454,4.7979797979798,0.252525252525253,5.05050505050505,20.7070707070707,1.51515151515152,361"
20260130203000,cointelegraph.com,https://cointelegraph.com/news/hong-kong-financial-regulators-crypto-framework,Hong Kong Regulators to Submit Draft Bill for Crypto Framework in 2026,"-1.56657963446475,1.0443864229765,2.61096605744125,3.65535248041775,18.0156657963446,0.783289817232376,351"
20260130203000,cointelegraph.com,https://cointelegraph.com/news/bitcoin-futures-imbalance-may-spark-liquidation-revenge-rally-to-dollar90k,$6 Billion Bitcoin Short Positions May Fuel Rally Back Above $90K,"-2.02205882352941,2.02205882352941,4.04411764705882,6.06617647058824,22.7941176470588,0.183823529411765,471"
20260130203000,cointelegraph.com,https://cointelegraph.com/news/price-predictions-1-30-btc-eth-bnb-xrp-sol-doge-ada-bch-hype-xmr,Bitcoin's $80K Last Support At Risk: Will Altcoins Follow?,"-0.99009900990099,2.12164073550212,3.11173974540311,5.23338048090523,26.6619519094767,0.0707213578500707,1326"
20260130193000,bitcoinmagazine.com,https://bitcoinmagazine.com/news/amboss-railsx-a-bitcoin-native-exchange,"Amboss Launches RailsX, A Lightning-powered Bitcoin Exchange","-1.61616161616162,2.42424242424242,4.04040404040404,6.46464646464646,21.4141414141414,0,431"
20260130193000,bitcoinmagazine.com,https://bitcoinmagazine.com/markets/bitcoin-rainbow-chart-fire-sale,"Bitcoin Is Massively Undervalued, Hits 'Fire Sale' Zone","-2.98850574712644,2.29885057471264,5.28735632183908,7.58620689655172,20.6896551724138,0,397"
20260130210000,coindesk.com,https://www.coindesk.com/business/2026/01/30/visa-and-mastercard-aren-t-buying-the-stablecoin-hype-for-everyday-payments,Visa and Mastercard aren't buying the stablecoin hype for everyday payments,"-0.158730158730159,2.85714285714286,3.01587301587302,5.87301587301587,22.8571428571429,1.42857142857143,556"
20260130210000,coindesk.com,https://www.coindesk.com/policy/2026/01/30/u-s-government-seizes-usd400-million-helix-allegedly-made-from-drug-linked-transactions,"U.S. claims $400 million from Helix, a notorious bitcoin mixer used on the darknet","-3.8961038961039,3.24675324675325,7.14285714285714,10.3896103896104,17.2077922077922,0.974025974025974,272"
20260130210000,coindesk.com,https://www.coindesk.com/policy/2026/01/30/who-is-kevin-warsh-here-is-what-trump-nominee-for-fed-chair-said-about-bitcoin-and-rates,"Who is Kevin Warsh: Trump's Fed chair nominee's return sparks bitcoin jitters over rates, balance sheet cuts","-2.40518038852914,1.57261794634598,3.97779833487512,5.55041628122109,24.5143385753932,0.647548566142461,986"
20260130210000,coindesk.com,https://www.coindesk.com/markets/2026/01/30/precious-metals-crash-with-silver-plunging-32-gold-11-bitcoin-slips-back-to-usd82-000,The gold and silver bubbles may have popped; what it means for bitcoin (BTC),"-2.87610619469027,1.10619469026549,3.98230088495575,5.08849557522124,22.3451327433628,0.663716814159292,427"
20260130210000,coindesk.com,https://www.coindesk.com/markets/2026/01/30/anatomy-of-bitcoin-s-plunge-this-week-the-dollar-s-bottom-was-btc-s-top,Dollar trade might explain bitcoin's terrible week,"0,2.99003322259136,2.99003322259136,5.98006644518272,21.5946843853821,0.996677740863787,276"
20260130210000,coindesk.com,https://www.coindesk.com/markets/2026/01/30/bitwise-cio-matt-hougan-says-bitcoin-could-hit-usd6-5-million-in-20-years,"Bitwise CIO Matt Hougan on bitcoin, ethereum, solana, central banks and more","-0.892857142857143,3.34821428571429,4.24107142857143,7.58928571428571,23.2142857142857,0.892857142857143,392"
20260219120000,cointelegraph.com,https://cointelegraph.com/news/morgan-stanley-bitmine-shareholders-bmnr-holdings-stock-crash,"Morgan Stanley, Top Bitmine Shareholders Increased BMNR Holdings in Q4","-0.492610837438423,1.23152709359606,1.72413793103448,2.95566502463054,19.9507389162562,0.246305418719212,365"
20260219120000,cointelegraph.com,https://cointelegraph.com/news/bitcoin-etf-133-million-outflows-extreme-fear-sentiment,Bitcoin ETFs Extend Losses as Solana Funds Keep Ground,"-3.33333333333333,1.11111111111111,4.44444444444444,5.55555555555556,18.8888888888889,1.11111111111111,392"
20260219120000,cointelegraph.com,https://cointelegraph.com/news/why-address-poisoning-works-without-stealing-private-keys,Why Address Poisoning Works Without Stealing Private Keys,"-8.01526717557252,3.53053435114504,11.5458015267176,15.0763358778626,23.5687022900763,0.381679389312977,960"
20260219104500,newsbtc.com,https://www.newsbtc.com/news/bitcoin/bitcoin-etfs-hold-billions-as-btc-slips-below-70k-analysts-warn-of-potential-free-fall/,"Bitcoin ETFs Hold Billions as BTC Slips Below $70K, Analysts Warn of Potential Free Fall","-4.50819672131148,1.84426229508197,6.35245901639344,8.19672131147541,25.4098360655738,0,444"
20260219134500,newsbtc.com,https://www.newsbtc.com/bitcoin-news/revealed-the-biggest-bitcoin-holders-of-2026-according-to-arkham-data/,"Revealed: The Biggest Bitcoin Holders Of 2026, According To Arkham Data","0.853242320819113,1.87713310580205,1.02389078498294,2.90102389078498,14.6757679180887,0.170648464163823,500"
20260219134500,newsbtc.com,https://www.newsbtc.com/news/sui-recovery-institutional-exposure-grayscale-canary-etf/,"SUI Eyes Price Recovery As Grayscale, Canary Debut First ETFs","1.69779286926995,3.56536502546689,1.86757215619694,5.43293718166384,20.5432937181664,0.67911714770798,551"
20260219134500,newsbtc.com,https://www.newsbtc.com/bitcoin-news/bitcoin-consolidating-in-a-triangle-15-move-next/,Bitcoin Consolidating In A Triangle&#x2014;Is A 15% Move Next?,"-1.06382978723404,0.638297872340425,1.70212765957447,2.34042553191489,30.4255319148936,0,454"
20260123204500,bitcoinmagazine.com,https://bitcoinmagazine.com/news/oklahoma-bill-allow-state-bitcoin-pay,Oklahoma Considers Bitcoin Pay Option For State Employees,"1.24610591900312,2.9595015576324,1.71339563862928,4.67289719626168,22.5856697819315,0,574"
20260123204500,bitcoinmagazine.com,https://bitcoinmagazine.com/news/ubs-plans-bitcoin-trading-for-clients,Swiss UBS Plans Bitcoin Trading For Select Wealth Clients,"0.970873786407767,3.39805825242718,2.42718446601942,5.8252427184466,22.0873786407767,0.485436893203883,383"
20260112103000,cointelegraph.com,https://cointelegraph.com/news/adam-back-future-holdings-h100-acquisition-switzerland,Adam Back's H100 And Future Holdings To Merge In Swiss Deal,"2.61904761904762,3.57142857142857,0.952380952380952,4.52380952380952,19.7619047619048,0.476190476190476,384"
20260112130000,cointelegraph.com,https://cointelegraph.com/news/okx-founder-account-freeze-policy-kyc-accounts,OKX Founder Defends Account-Freeze After User Admits Buying KYC'd Accounts,"-2.00729927007299,1.27737226277372,3.28467153284672,4.56204379562044,22.8102189781022,0.182481751824818,500"
20260112130000,cointelegraph.com,https://cointelegraph.com/news/stablecoins-sanctions-and-surveillance-why-2025-reshaped-crypto-s-regulatory-reality,Stablecoins and Crypto Crime Reshaped Regulation in 2025,"-2.4390243902439,2.03252032520325,4.47154471544715,6.50406504065041,20.1219512195122,0.203252032520325,429"
20260112130000,cointelegraph.com,https://cointelegraph.com/news/dubai-difc-dfsa-crypto-token-suitability-rule-change,Dubai DIFC Shifts Crypto Token Vetting to Licensed Firms,"-1.81818181818182,2.22222222222222,4.04040404040404,6.26262626262626,17.7777777777778,0.202020202020202,469"
20260112130000,cointelegraph.com,https://cointelegraph.com/news/crypto-etp-454-million-outflows-fed-rate-cut-hopes-fade,Crypto ETPs Post $454M Outflows As Bitcoin Leads Losses,"-2.53164556962025,0,2.53164556962025,2.53164556962025,16.1392405063291,0.949367088607595,276"
20260112130000,cointelegraph.com,https://cointelegraph.com/news/powell-investigation-risk-premia-bitcoin-analysts,"Powell Probe May Introduce Bitcoin Risk Premia, Analysts Say","-1.52838427947598,2.83842794759825,4.36681222707424,7.20524017467249,24.235807860262,0.873362445414847,421"
20260112130000,newsbtc.com,https://www.newsbtc.com/bitcoin-news/bitcoin-tops-92000-trump-powell-fight/,Bitcoin Tops $92k As DOJ Subpoenas Escalate Trump-Powell Fight,"-5.98591549295775,1.76056338028169,7.74647887323944,9.50704225352113,23.7676056338028,0.704225352112676,525"
20260124004500,newsbtc.com,https://www.newsbtc.com/news/bitcoin/record-dormant-bitcoin-supply-enters-market-whats-next/,Record Long-Term Bitcoin Supply Enters Market &#x2014; What's Next?,"-1.61290322580645,2.21774193548387,3.83064516129032,6.04838709677419,30.6451612903226,0.201612903225806,447"
20260124004500,newsbtc.com,https://www.newsbtc.com/analysis/xrp/xrp-recovery-is-possible/,XRP Price Recovery Is Possible If It Reclaims This Ichimoku Base,"0.197628458498024,3.3596837944664,3.16205533596838,6.52173913043478,25.4940711462451,0,472"
20260123211500,cointelegraph.com,https://cointelegraph.com/news/french-authorities-data-breach-waltio,French Authorities Investigate Data Breach of Crypto Tax Platform,"-8.92307692307692,0.615384615384615,9.53846153846154,10.1538461538462,18.1538461538462,0,298"
20260123211500,cointelegraph.com,https://cointelegraph.com/news/paradex-refunds-650k-users-bug-liquidations,Paradex Refunds $650K After Maintenance Bug Triggers Liquidations,"-5.68475452196382,2.0671834625323,7.75193798449612,9.81912144702842,21.7054263565891,0,348"
20260123211500,cointelegraph.com,https://cointelegraph.com/news/remittances-more-important-than-aid-africa-stablecoins,"Stablecoins Emerge as Financial Rails in Africa, Says Former UN Official","-2.58964143426295,1.59362549800797,4.18326693227092,5.77689243027888,18.9243027888446,0.597609561752988,449"
20260123211500,cointelegraph.com,https://cointelegraph.com/news/defi-crypto-bill-delay-governance-self-custody-finance-redefined,"DeFi Leaders Push Back as DAO, Governance and Custody Debates Intensify","-2.04081632653061,3.2069970845481,5.24781341107872,8.45481049562682,23.3236151603499,0.145772594752187,611"
20260123211500,cointelegraph.com,https://cointelegraph.com/news/bitcoin-prediction-markets-say-100k-btc-price-out-of-reach-for-now,Prediction Markets Bet Bitcoin Won't Reach $100K Before June,"0.210970464135021,1.89873417721519,1.68776371308017,3.58649789029536,19.831223628692,0,413"
20260123211500,cointelegraph.com,https://cointelegraph.com/news/bitgo-stock-ipo-price-performance,BitGo Stock Slides After IPO as Crypto Listing Volatility Returns,"-0.584795321637427,2.04678362573099,2.63157894736842,4.67836257309941,20.4678362573099,0.584795321637427,314"
20260123211500,cointelegraph.com,https://cointelegraph.com/news/grayscale-files-spot-bnb-etf-sec,Grayscale Files for Spot BNB ETF With SEC,"1.15273775216138,2.01729106628242,0.864553314121038,2.88184438040346,23.6311239193084,0.864553314121038,312"
20260220080000,coindesk.com,https://www.coindesk.com/markets/2026/02/20/bitcoin-nears-usd68-000-gold-jumps-as-us-iran-tensions-return,"What next for bitcoin as BTC nears $68,000 on fresh US-Iran tensions","-0.874125874125874,2.62237762237762,3.4965034965035,6.11888111888112,27.2727272727273,1.04895104895105,527"
20260220063000,cointelegraph.com,https://cointelegraph.com/news/bitcoin-price-quantum-computing-fears-ethereum-developer,Quantum Fears Is Not The Reason For Bitcoin's Decline: Developer,"-3.04259634888438,1.82555780933063,4.86815415821501,6.69371196754564,24.5436105476673,0.202839756592292,456"
20260220063000,cointelegraph.com,https://cointelegraph.com/news/illicit-stablecoin-activity-hits-five-year-high-at-141b-trm-labs,Illicit Stablecoin Activity Hit a Five-Year High in 2025,"-3.68550368550368,0.982800982800983,4.66830466830467,5.65110565110565,15.4791154791155,0,347"
20260220063000,cointelegraph.com,https://cointelegraph.com/news/bitdeer-stock-drops-17-after-convertible-senior-note-offering,Bitdeer Stock Drops 17% on $300M Convertible Note Sale,"-3.31491712707182,0.552486187845304,3.86740331491713,4.41988950276243,19.3370165745856,0.276243093922652,325"
20260223200000,cointelegraph.com,https://cointelegraph.com/news/price-predictions-2-23-spx-dxy-btc-eth-xrp-bnb-sol-doge-bch-ada,"Bitcoin, Altcoins Fall Toward New Lows As Stocks Digest New Trump Tariffs","-0.406779661016949,2.3728813559322,2.77966101694915,5.15254237288136,27.728813559322,0.203389830508475,1342"
20260223200000,cointelegraph.com,https://cointelegraph.com/news/us-lender-rate-unveils-mortgage-program-recognizing-crypto-holdings,Rate Launches Crypto Mortgage Program Without Liquidation in the US,"-1.30932896890344,1.6366612111293,2.94599018003273,4.58265139116203,23.8952536824877,0.654664484451719,558"
20260223200000,cointelegraph.com,https://cointelegraph.com/news/stablecore-jack-henry-bank-stablecoin-integration,Stablecore Taps Jack Henry to Expand Bank Stablecoin Access,"2.57731958762887,3.60824742268041,1.03092783505155,4.63917525773196,18.8144329896907,0.257731958762887,357"
20260223200000,cointelegraph.com,https://cointelegraph.com/news/xrp-price-chart-whale-activity-warn-drop-below-1-dollar,XRP Price May Drop Another 40% Amid Increased Whale Selling,"-1.34228187919463,0.894854586129754,2.23713646532438,3.13199105145414,24.6085011185682,0.223713646532438,401"
20260223200000,cointelegraph.com,https://cointelegraph.com/news/occ-crypto-com-conditional-approval-national-bank-trust-charter,OCC Grants Crypto.com Conditional Approval for National Bank Trust Charter,"5.06024096385542,6.74698795180723,1.68674698795181,8.43373493975904,21.9277108433735,1.68674698795181,388"
20260223200000,cointelegraph.com,https://cointelegraph.com/news/iqmm-s-17b-debut-strengthens-case-for-tokenized-money-market-funds,ProShares IQMM Debut Signals Tokenized MMF Growth,"2.17391304347826,4.1304347826087,1.95652173913044,6.08695652173913,19.5652173913043,0.652173913043478,424"
20260223190000,coindesk.com,https://www.coindesk.com/business/2026/02/23/bitmine-immersion-added-usd98-million-of-ether-last-week-as-losses-balloon-to-more-than-usd8-billion,"Tom Lee's BitMine (BMNR) buys 51,162 ether (ETH) amid falling crypto prices","0.854700854700854,2.56410256410256,1.70940170940171,4.27350427350427,19.6581196581197,2.56410256410256,201"
20260223190000,coindesk.com,https://www.coindesk.com/business/2026/02/23/elliptic-flags-russia-linked-crypto-platforms-ongoing-sanctions-evasion,Elliptic flags Russia-linked crypto exchanges over sanctions exposure risks,"-3.46420323325635,1.15473441108545,4.6189376443418,5.77367205542725,18.7066974595843,0.69284064665127,375"
20260223190000,coindesk.com,https://www.coindesk.com/markets/2026/02/23/bitcoin-rebound-fades-as-software-and-private-equity-rout-drags-stocks-and-crypto-lower,"Bitcoin price news: BTC slips toward $65,000 amid U.S. stock rout","-2.42130750605327,2.42130750605327,4.84261501210654,7.26392251815981,20.0968523002421,0.726392251815981,368"
20260223190000,coindesk.com,https://www.coindesk.com/markets/2026/02/23/mystery-hong-kong-investor-in-blackrock-s-bitcoin-etf-breaks-silence-after-usd436-million-stake-sparks-controversy,Mystery Hong Kong investor in BlackRock's bitcoin ETF breaks silence &#x2014; only to spark more questions,"1.01744186046512,1.45348837209302,0.436046511627907,1.88953488372093,19.6220930232558,0.872093023255814,638"
20260223190000,coindesk.com,https://www.coindesk.com/business/2026/02/23/solana-company-starts-building-high-speed-infrastructure-to-prepare-sol-for-next-super-cycle,Solana Company starts building high-speed infrastructure to prepare SOL for next 'super cycle',"4.16666666666667,4.16666666666667,0,4.16666666666667,22.9166666666667,0.892857142857143,298"
20260223190000,coindesk.com,https://www.coindesk.com/markets/2026/02/23/anthony-pompliano-led-procap-financial-dips-toe-into-buybacks,"Bitcoin treasury company ProCap (BRR) buys back $350,000 in stock","0,1.27118644067797,1.27118644067797,2.54237288135593,26.6949152542373,3.8135593220339,217"
20260122111500,cointelegraph.com,https://cointelegraph.com/news/bitcoin-analysts-predict-prolonged-consolidation-for-btc-price,Bitcoin Price Shows 'Fragility' as Consolidation Looms: New Research,"-1.51260504201681,2.35294117647059,3.86554621848739,6.21848739495798,22.1848739495798,0.336134453781513,534"
20260122111500,cointelegraph.com,https://cointelegraph.com/news/fedi-cornell-bitcoin-policy-institute-financial-privacy-study,"Fedi, Cornell And Bitcoin Think Tank Launch US Financial Privacy Study","-3.41726618705036,1.61870503597122,5.03597122302158,6.65467625899281,20.863309352518,0.359712230215827,504"
20260122111500,cointelegraph.com,https://cointelegraph.com/news/bitgo-ipo-price-18-shares-begin-trading-nyse-thursday,BitGo Prices IPO Above Range Ahead Of NYSE Debut,"0,0.688073394495413,0.688073394495413,1.37614678899083,19.2660550458716,0.229357798165138,400"
20260122111500,cointelegraph.com,https://cointelegraph.com/news/vietnam-opens-crypto-exchange-licensing-window-pilot,Vietnam Opens Crypto Exchange Licensing Under Pilot Program,"-0.898876404494382,1.57303370786517,2.47191011235955,4.04494382022472,19.7752808988764,0.224719101123596,400"
20260122111500,cointelegraph.com,https://cointelegraph.com/news/ramaswamy-strive-150m-preferred-stock-debt-bitcoin,Ramaswamy-Backed Strive Plans $150M Preferred Stock Raise to Buy Bitcoin,"1.35922330097087,3.68932038834951,2.33009708737864,6.01941747572816,25.4368932038835,0.194174757281553,463"
20260122110000,newsbtc.com,https://www.newsbtc.com/bitcoin-news/bitcoins-power-shift-new-whales-now-control-the-market/,Bitcoin's Power Shift: New Whales Now Control The Market,"-3.75,1.66666666666667,5.41666666666667,7.08333333333333,27.7777777777778,0,670"
20260122110000,newsbtc.com,https://www.newsbtc.com/bitcoin-news/bitcoin-sentiment-whiplash-greed-extreme-fear/,Bitcoin Sentiment Whiplash: Mood Sours From Greed To Extreme Fear In Days,"-7.23809523809524,0.19047619047619,7.42857142857143,7.61904761904762,25.1428571428571,0.380952380952381,496"
20260122110000,newsbtc.com,https://www.newsbtc.com/xrp-news/santiment-xrp-social-sentiment-extreme-fear/,Santiment: XRP Social Sentiment Hits 'Extreme Fear',"-2.73556231003039,1.67173252279635,4.40729483282675,6.0790273556231,22.7963525835866,0.151975683890578,569"
20260122110000,newsbtc.com,https://www.newsbtc.com/news/bitcoin/bitcoin-to-80000-analyst-warns-of-potential-free-fall-as-btc-erases-2026-gains/,"Bitcoin To $80,000? Analyst Warns Of Potential Free Fall","-2.05479452054795,1.1986301369863,3.25342465753425,4.45205479452055,20.3767123287671,0.684931506849315,504"
20260105111500,coindesk.com,https://www.coindesk.com/markets/2026/01/05/bitcoin-s-breakout-lifts-crypto-equities-and-miners-in-pre-market-trading,BTC's breakout lifts crypto equities and miners in pre-market trading,"0.840336134453782,1.68067226890756,0.840336134453782,2.52100840336134,25.2100840336134,1.26050420168067,215"
20260105111500,coindesk.com,https://www.coindesk.com/markets/2026/01/05/bitcoin-traders-kick-off-2026-with-bets-on-price-rally-above-usd100-000,"Bitcoin traders kick off 2026 with bets on price rally above $100,000","-0.767263427109975,1.53452685421995,2.30179028132992,3.83631713554987,20.460358056266,0.767263427109974,359"
20260105114500,newsbtc.com,https://www.newsbtc.com/news/ethereum/ethereum-enters-overbought/,"Ethereum Enters Overbought Levels With Weekend Pump, Why A Crash Could Be Coming","-0.72992700729927,1.94647201946472,2.67639902676399,4.62287104622871,25.5474452554745,0,393"
20260105110000,cointelegraph.com,https://cointelegraph.com/news/can-btc-avoid-bull-trap-93k-5-things-bitcoin-this-week,Bitcoin Battles for a New Bull Trend Amid Venezuela Volatility,"-0.440806045340051,2.07808564231738,2.51889168765743,4.59697732997481,22.4811083123426,0.629722921914358,1428"
20260105110000,cointelegraph.com,https://cointelegraph.com/news/crypto-funds-2025-47-billion-inflows-altcoin-surge,Crypto ETP Inflows Hit $47B In 2025 As Altcoins Steal The Show,"0,1.23456790123457,1.23456790123457,2.46913580246914,11.358024691358,1.48148148148148,334"
20260105110000,cointelegraph.com,https://cointelegraph.com/news/january-crypto-token-unlocks-ondo-bgb-hype-trump,$5.5B in Crypto Token Unlocks Scheduled for January,"-0.451467268623025,0.677200902934537,1.12866817155756,1.8058690744921,24.8306997742664,0.225733634311512,377"
20260303114500,coindesk.com,https://www.coindesk.com/business/2026/03/03/japan-prime-minister-sanae-takaichi-disavows-solana-meme-coin-after-it-crashes-by-75,Japan prime minister Sanae Takaichi disavows Solana meme coin after it crashes by 75%,"-1.43540669856459,0.956937799043062,2.39234449760766,3.34928229665072,25.3588516746411,0.478468899521531,200"
20260303114500,coindesk.com,https://www.coindesk.com/policy/2026/03/03/scam-token-case-against-uniswap-dismissed-with-prejudice-by-u-s-district-judge-in-nyc,U.S. judge dismisses Uniswap scam token class action with prejudice,"-4.18943533697632,1.63934426229508,5.8287795992714,7.46812386156649,22.2222222222222,0,523"
20260303114500,coindesk.com,https://www.coindesk.com/markets/2026/01/23/bitcoin-supply-approaching-20-million-the-final-million-will-take-another-114-years-to-mine,"BTC News: More than 95% of all bitcoin has already been mined, rest will take more than a century","-1.34680134680135,2.69360269360269,4.04040404040404,6.73400673400673,22.8956228956229,0,264"
20260303114500,coindesk.com,https://www.coindesk.com/markets/2026/03/03/core-scientific-sells-usd175-million-in-bitcoin-as-ai-pivot-accelerates,CORZ sells $175 million in BTC in January as AI pivot accelerates,"-1.27795527156549,0.958466453674121,2.23642172523962,3.19488817891374,19.4888178913738,0.638977635782748,287"
20260303114500,cointelegraph.com,https://cointelegraph.com/news/bitcoin-etf-inflows-458-million-mideast-conflict-widens,Bitcoin ETFs Surge as Trading Volumes Reach February Highs,"-1.14678899082569,2.75229357798165,3.89908256880734,6.65137614678899,20.4128440366972,1.37614678899083,396"
20260303114500,cointelegraph.com,https://cointelegraph.com/news/bitcoin-price-chart-death-cross-back-late-cycle-fears,Bitcoin 'Death Cross' Warns of 35% Decline Over the Next Month,"-2.68948655256724,1.9559902200489,4.64547677261614,6.60146699266504,22.7383863080685,1.46699266503667,347"
20260303114500,cointelegraph.com,https://cointelegraph.com/news/boj-blockchain-reserve-settlement-sandbox,BOJ Tests Blockchain for Bank Reserve Settlement,"-1.26262626262626,2.27272727272727,3.53535353535354,5.80808080808081,22.4747474747475,0,365"
20260303114500,cointelegraph.com,https://cointelegraph.com/news/bitmex-cofounder-ben-delo-pledges-27m-london-maths-institute-trump-pardon,BitMEX Co-Founder Ben Delo Pledges $27M to London Maths Institute,"-0.22271714922049,3.34075723830735,3.56347438752784,6.90423162583519,18.9309576837416,0.44543429844098,407"
20260303114500,coindesk.com,https://www.coindesk.com/markets/2026/03/03/bitcoin-falls-below-usd67-000-as-u-s-equities-slide-and-oil-pushes-higher,"Bitcoin falls below $67,000 as U.S. equities slide and oil pushes higher","-1.38248847926267,2.30414746543779,3.68663594470046,5.99078341013825,20.7373271889401,0.921658986175115,198"
20260303114500,cointelegraph.com,https://cointelegraph.com/news/riot-record-647m-revenue-2025-bitcoin-mining-ai-pivot,"Riot Reports Record $647M Revenue in 2025, Holds $1.6B in Bitcoin","-4.11522633744856,1.440329218107,5.55555555555556,6.99588477366255,21.8106995884774,0,426"
20260101031500,cointelegraph.com,https://cointelegraph.com/news/massive-liquidity-injections-boost-btc-price-2026,"Low Interest Rates, Money Printing to Drive BTC Price in 2026: Crypto exec","0.865800865800866,2.16450216450216,1.2987012987013,3.46320346320346,24.8917748917749,2.16450216450216,423"
20260101031500,cointelegraph.com,https://cointelegraph.com/news/us-risks-becoming-surveillance-state-cbdc-digital-id,US Crypto Laws Risk It Becoming a Globalist Surveillance State,"-0.817438692098092,4.90463215258856,5.72207084468665,10.6267029972752,21.2534059945504,1.08991825613079,329"
20260101031500,cointelegraph.com,https://cointelegraph.com/news/cftc-division-director-who-made-bitcoin-futures-possible-returns-as-chief-of-staff,Bitcoin Futures Policy Architect Amir Zaidi Returns To CFTC,"1.25628140703518,2.76381909547739,1.50753768844221,4.2713567839196,19.0954773869347,1.75879396984925,357"
20260120210000,bitcoinmagazine.com,https://bitcoinmagazine.com/news/treasury-confirms-bitcoin-join-reserve,U.S. Treasury: All Seized Bitcoin To Join Strategic Reserve,"-0.455580865603644,3.87243735763098,4.32801822323462,8.2004555808656,21.4123006833713,0.227790432801822,406"
20260120210000,bitcoinmagazine.com,https://bitcoinmagazine.com/markets/strategy-stock-mstr-slides-7-percent,Strategy Stock ($MSTR) Slides 7% As Bitcoin Dip Continues,"1.09649122807018,4.16666666666667,3.07017543859649,7.23684210526316,22.1491228070175,0,403"
20260120210000,bitcoinmagazine.com,https://bitcoinmagazine.com/news/mastercard-eyes-zerohash-investment,Mastercard Eyes Zerohash Investment After Talks Fall Through,"2.77777777777778,4.54545454545455,1.76767676767677,6.31313131313131,21.2121212121212,0.757575757575758,355"
20260120213000,newsbtc.com,https://www.newsbtc.com/analysis/xrp/xrp-price-next-direction-2/,XRP Bullish Divergence Shows The Next Direction That Price Is Headed In,"-0.779727095516569,1.364522417154,2.14424951267056,3.50877192982456,25.9259259259259,0,484"
20260120214500,cointelegraph.com,https://cointelegraph.com/news/new-bitcoin-whales-might-send-btc-price-to-dollar85k-here-s-why,Bitcoin Sell-off Risk Rises As New Whales Control The Price Action,"-3.15398886827458,0.185528756957328,3.33951762523191,3.52504638218924,27.6437847866419,0,488"
20260210224500,cointelegraph.com,https://cointelegraph.com/news/state-street-us-dollar-decline-fed-rate-cuts,Bitcoin in Focus as State Street Warns Dollar Could Fall 10% on Fed Cuts,"-2.29357798165138,3.21100917431193,5.5045871559633,8.71559633027523,24.3119266055046,1.37614678899083,409"
20260210224500,cointelegraph.com,https://cointelegraph.com/news/rare-bitcoin-signal-flashes-will-a-220percent-btc-price-rally-follow,Bitcoin Buy Signal Points to 220% Upside Despite Near-Term Risk,"2.24525043177893,2.93609671848014,0.690846286701209,3.62694300518135,27.979274611399,0,527"
20260210224500,cointelegraph.com,https://cointelegraph.com/news/top-bitcoin-traders-refuse-to-turn-bullish-despite-btc-s-14-rebound-here-s-why,Bitcoin Top Traders Hold Tight Despite 14% Price Recovery,"-3.4,2.4,5.8,8.2,20.8,0.4,437"
20260210214500,newsbtc.com,https://www.newsbtc.com/news/bitcoin/from-bitcoin-to-xrp/,"Institutional Investors Are Moving Out Of Bitcoin And Into XRP, But Why Is Price Tanking?","-2.72904483430799,1.16959064327485,3.89863547758285,5.0682261208577,20.0779727095517,0.194931773879142,463"
20260210214500,newsbtc.com,https://www.newsbtc.com/breaking-news-ticker/ripple-wins-key-uae-bank-partnership-to-support-digital-asset-infrastructure/,Ripple Wins Key UAE Bank Partnership To Support Digital Asset Infrastructure,"2.61780104712042,3.66492146596859,1.04712041884817,4.71204188481675,17.5392670157068,0.261780104712042,342"
20260210214500,newsbtc.com,https://www.newsbtc.com/news/ethereum/can-ethereum-still-hit-7600/,"Can Ethereum Price Still Hit $7,600 In 2026? Here Are The Odds","-0.5859375,1.953125,2.5390625,4.4921875,19.921875,0,453"
20260210214500,newsbtc.com,https://www.newsbtc.com/news/dogecoin/why-dogecoin-doge-cant-break-0-10-despite-short-term-bounce-and-neutral-rsi/,Why Dogecoin (DOGE) Can't Break $0.10 Despite Short-Term Bounce and Neutral RSI,"-1.89393939393939,1.70454545454545,3.59848484848485,5.3030303030303,21.969696969697,0,475"
20260210204500,bitcoinmagazine.com,https://bitcoinmagazine.com/news/passing-clarity-act-critical-for-bitcoin,U.S. Treasury: U.S. Needs To Pass Clarity Act To Clear Path For Bitcoin And Crypto Markets,"-1.23239436619718,4.40140845070423,5.63380281690141,10.0352112676056,23.943661971831,0.704225352112676,525"
20260210204500,bitcoinmagazine.com,https://bitcoinmagazine.com/news/interactive-brokers-nano-bitcoin-futures,Interactive Brokers Adds Nano Bitcoin Futures Via Coinbase,"0,1.96078431372549,1.96078431372549,3.92156862745098,22.7941176470588,0.490196078431373,375"
20260210204500,bitcoinmagazine.com,https://bitcoinmagazine.com/news/ftx-sam-bankman-fried-wants-a-new-trial,"SBF Claims Biden Targeted Him, Demands New FTX Trial","-8.22510822510822,2.38095238095238,10.6060606060606,12.987012987013,19.047619047619,0.432900432900433,417"
20260105161500,coindesk.com,https://www.coindesk.com/daybook-us/2026/01/05/btc-buoyant-as-maduro-s-fall-ignites-shadow-reserve-rumor-crypto-daybook-americas,Bitcoin buoyant as Maduro's fall ignites shadow reserve rumor: Crypto Daybook Americas,"0.150715900527506,2.11002260738508,1.95930670685757,4.06932931424265,17.0308967596081,0.376789751318764,1120"
20260105161500,coindesk.com,https://www.coindesk.com/policy/2026/01/05/coinbase-drops-peso-based-services-in-argentina-less-than-a-year-after-market-entry,Coinbase drops peso-based services in Argentina less than a year after market entry,"0,2.06896551724138,2.06896551724138,4.13793103448276,20.3448275862069,1.03448275862069,259"
20260105161500,coindesk.com,https://www.coindesk.com/markets/2026/01/05/bitcoin-eyes-usd94-000-as-crypto-prices-manage-early-u-s-gains-for-second-straight-session,Bitcoin price news: BTC takes aim at one-month high,"-0.72992700729927,1.09489051094891,1.82481751824817,2.91970802919708,19.8905109489051,0.912408759124087,484"
20260105161500,coindesk.com,https://www.coindesk.com/markets/2026/01/05/memecoin-comeback-talk-builds-as-doge-shib-bonk-rally-in-early-2026,"DOGE, SHIB, BONK price news: Memecoin dominance reaches historic lows in bullish signal","-1.18764845605701,2.13776722090261,3.32541567695962,5.46318289786223,22.3277909738717,0.712589073634204,383"
20260105161500,coindesk.com,https://www.coindesk.com/business/2026/01/05/bitmine-immersion-adds-33-000-eth-bringing-total-crypto-and-cash-holdings-above-usd14-billion,Tom Lee's BMNR brings ETH holdings above 4 million tokens,"1.53256704980843,1.53256704980843,0,1.53256704980843,20.6896551724138,1.14942528735632,228"
20260105161500,coindesk.com,https://www.coindesk.com/business/2026/01/05/cme-group-s-average-crypto-derivatives-volume-hit-record-usd12-billion-in-2025,CME Group's average crypto derivatives volume hit record $12 billion in 2025,"-1.72413793103448,1.29310344827586,3.01724137931034,4.31034482758621,19.3965517241379,1.29310344827586,202"
20260105161500,coindesk.com,https://www.coindesk.com/markets/2026/01/05/bitcoin-network-hashrate-fell-for-second-consecutive-month-in-december-jpmorgan,"Bitcoin miners continue to face dwindling profits despite lower competition, JPMorgan says","-0.584795321637427,2.63157894736842,3.21637426900585,5.84795321637427,25.4385964912281,0.87719298245614,320"
20260105161500,coindesk.com,https://www.coindesk.com/markets/2026/01/05/strategy-boosted-bitcoin-holdings-and-cash-reserve-last-week,"Michael Saylor's MSTR raised BTC holdings to 673,783 coins and cash to $2.25 billion","0.766283524904214,1.53256704980843,0.766283524904214,2.29885057471264,21.0727969348659,1.14942528735632,235"
20260105161500,coindesk.com,https://www.coindesk.com/markets/2026/01/05/ethereum-can-move-beyond-bitcoin-style-limits-as-new-scaling-tools-mature-vitalik-buterin,Ethereum news: Network will move beyond Bitcoin-style limits as new scaling tools mature,"1.64835164835165,4.12087912087912,2.47252747252747,6.59340659340659,26.6483516483516,0.824175824175824,330"
20260105161500,coindesk.com,https://www.coindesk.com/markets/2026/01/05/crypto-markets-today-bitcoin-climbs-to-highest-level-in-four-weeks-as-altcoins-lag,Crypto Markets Today: BTC price climbs to highest level in four weeks as altcoins lag,"-3.59168241965974,1.13421550094518,4.72589792060491,5.86011342155009,22.3062381852552,0.56710775047259,483"
20260105153000,cointelegraph.com,https://cointelegraph.com/news/strategy-2026-116m-bitcoin-buy-17b-loss-q4,"Strategy Starts 2026 With $116M Bitcoin Buy, Posts $17B Loss in Q4","2.47933884297521,4.75206611570248,2.27272727272727,7.02479338842975,19.4214876033058,0.413223140495868,415"
20260105153000,cointelegraph.com,https://cointelegraph.com/news/bank-of-america-recommend-btc,"From Today, Bank of America Lets Advisers Recommend BTC","2.6694045174538,4.51745379876797,1.84804928131417,6.36550308008214,19.5071868583162,0.82135523613963,450"
20260105153000,cointelegraph.com,https://cointelegraph.com/news/starknet-hit-by-fresh-downtime-team-probes-cause,Starknet Mainnet Is Experiencing Fresh Downtime,"-1.36986301369863,2.19178082191781,3.56164383561644,5.75342465753425,21.3698630136986,0,323"
20260105153000,cointelegraph.com,https://cointelegraph.com/news/fake-metamask-2fa-security-checks-lure-users-into-sharing-recovery-phrases,"Metamask 2FA Scam Emerges, Phishing Attacks Sink 83% 2025","-8.21256038647343,1.93236714975845,10.1449275362319,12.0772946859903,20.2898550724638,0,368"
20260105153000,cointelegraph.com,https://cointelegraph.com/news/ledger-data-incident-global-e-not-platform-breach,Ledger Confirms Global-e Breach Did Not Affect Wallets,"-1.6597510373444,0.829875518672199,2.4896265560166,3.3195020746888,24.4813278008299,0.829875518672199,431"
20260105164500,newsbtc.com,https://www.newsbtc.com/news/bitcoin/bitcoin-absorbed-by-financial-players/,Bitcoin Supply Is Being Absorbed By Powerful Financial Players &#x2014; What This Means,"0,2.31578947368421,2.31578947368421,4.63157894736842,23.7894736842105,0,437"
20260105164500,newsbtc.com,https://www.newsbtc.com/bitcoin-news/venezuela-geopolitical-risk-and-bitcoin-what-on-chain-data-really-shows/,"Venezuela, Geopolitical Risk, And Bitcoin: What On-Chain Data Really Shows","-5.36723163841808,1.55367231638418,6.92090395480226,8.47457627118644,26.1299435028249,0.282485875706215,657"
20260105164500,newsbtc.com,https://www.newsbtc.com/breaking-news-ticker/bitcoin-reaches-93000-amid-renewed-optimism-what-to-keep-an-eye-on-this-week/,"Bitcoin Reaches $93,000 Amid Renewed Optimism: What To Keep An Eye On This Week","-0.265957446808511,1.32978723404255,1.59574468085106,2.92553191489362,22.0744680851064,0,335"
20260105164500,newsbtc.com,https://www.newsbtc.com/news/dogecoin/dogecoin-9000-rally-to-10/,"Dogecoin Price On The Brink Of A 9,000% Rally To $10? What Historical Performance Shows","0.546448087431694,1.82149362477231,1.27504553734062,3.09653916211293,20.9471766848816,0,494"
20260115093000,cointelegraph.com,https://cointelegraph.com/news/bitcoin-will-get-groove-back-despite-soaring-gold-and-nasdaq-arthur-hayes,Bitcoin New High Chances Depend On Monetary Expansion: Hayes,"-1.69082125603865,2.65700483091787,4.34782608695652,7.0048309178744,20.7729468599034,1.44927536231884,375"
20260115093000,cointelegraph.com,https://cointelegraph.com/news/crypto-market-slide-hits-ark-etfs-coinbase-roblox-drag,"Crypto Market Slide Hits ARK ETFs as Coinbase, Roblox Weigh on Returns","-2.60869565217391,2.60869565217391,5.21739130434783,7.82608695652174,18.4782608695652,0,411"
20260115093000,cointelegraph.com,https://cointelegraph.com/news/bitcoin-oi-falls-30-resetting-markets-bullish-recovery-cryptoquant,Bitcoin Open Interest Falls 31% In Bullish Deleveraging Signal,"-1.78926441351889,1.59045725646123,3.37972166998012,4.97017892644135,26.8389662027833,0,454"
20260115120000,newsbtc.com,https://www.newsbtc.com/bitcoin-news/bitcoin-fear-greed-index-neutral-first-time-october/,Bitcoin Fear & Greed Index Turns 'Neutral' For First Time Since October,"-4.85436893203883,0.776699029126214,5.63106796116505,6.40776699029126,24.2718446601942,0.194174757281553,488"
20260115120000,newsbtc.com,https://www.newsbtc.com/bitcoin-news/arthur-hayes-mstr-metaplanet-zcash-bitcoin-liquidity/,"Arthur Hayes Bets On MSTR, Metaplanet And Zcash As Bitcoin Turns","0.813008130081301,4.3360433604336,3.5230352303523,7.85907859078591,19.9186991869919,1.21951219512195,674"
20260302233000,bitcoinmagazine.com,https://bitcoinmagazine.com/news/as-bombs-fall-on-tehran-irans-crypto,"As Bombs Fall On Tehran, Iran's Crypto Lifeline Lights Up","-5.69620253164557,1.0126582278481,6.70886075949367,7.72151898734177,18.4810126582279,0.126582278481013,704"
20260302213000,coindesk.com,https://www.coindesk.com/business/2026/03/02/weekend-warriors-how-hyperliquid-became-retail-s-bear-market-playground,Inside HYPE's bear market resilience,"-3.74149659863946,2.2108843537415,5.95238095238095,8.16326530612245,22.7040816326531,0,1075"
20260302213000,coindesk.com,https://www.coindesk.com/markets/2026/03/02/bitcoin-s-5-spike-higher-monday-driven-by-short-covering-not-fresh-buying-says-analyst,"Why is BTC up today: Bitcoin's jump to $69,000 likely the result of short-covering","-3.96039603960396,0.742574257425743,4.7029702970297,5.44554455445545,26.7326732673267,0,376"
20260302213000,coindesk.com,https://www.coindesk.com/tech/2026/03/02/battle-for-bitcoin-s-soul-opens-as-first-block-supporting-clean-up-proposal-is-mined,Bitcoin BIP-110 battles begin: Onchain image inscription challenges data-limit proposal,"-7.95847750865052,1.73010380622837,9.68858131487889,11.4186851211073,21.4532871972318,0,265"
20260302220000,cointelegraph.com,https://cointelegraph.com/news/bitfinex-relaunches-tokenized-bond-program-on-bitcoin-s-liquid-network,Bitfinex Resumes USDt Tokenized Bonds on Liquid,"-0.505050505050505,2.35690235690236,2.86195286195286,5.21885521885522,23.0639730639731,1.01010101010101,526"
20260302220000,cointelegraph.com,https://cointelegraph.com/news/bitcoin-holders-show-zero-panic-as-btc-hits-dollar70k-amid-middle-east-tensions,Bitcoin Re-tests $70K as Loss Flows Drop to 2-Week Low,"-3.39805825242718,1.29449838187702,4.69255663430421,5.98705501618123,22.9773462783171,0,553"
20260302220000,cointelegraph.com,https://cointelegraph.com/news/turkey-government-crypto-income-tax-proposal,Turkey's Ruling Party Proposes 10% Crypto Income Tax,"-3.0812324929972,1.96078431372549,5.04201680672269,7.00280112044818,20.1680672268908,0,326"
20260302220000,cointelegraph.com,https://cointelegraph.com/news/monad-gains-bitcoin-backed-liquidity-through-chainlink-powered-cbbtc-bridge,Monad Gains Bitcoin Liquidity as Chainlink Enables cbBTC Bridge from Base,"2.18818380743982,3.50109409190372,1.31291028446389,4.81400437636762,22.5382932166302,0.218818380743982,401"
20260302220000,cointelegraph.com,https://cointelegraph.com/news/price-predictions-3-2-spx-dxy-btc-eth-xrp-bnb-sol-doge-bch-ada,"Bitcoin, Altcoins Shake Off War Worries By Rallying Toward Range Highs","-0.575125808770669,1.94104960460101,2.51617541337168,4.45722501797268,27.3184759166068,0.215672178289001,1278"
20260302220000,cointelegraph.com,https://cointelegraph.com/news/bitcoin-company-fold-pays-off-66m-debt-frees-up-btc-collateral,"Fold retires $66M debt, frees 521 BTC collateral","3.30788804071247,5.85241730279898,2.54452926208651,8.3969465648855,23.9185750636132,0.508905852417303,367"
20260227124500,coindesk.com,https://www.coindesk.com/daybook-us/2026/02/27/the-worst-may-lie-ahead-bitcoin-chart-revisits-historic-pattern,The worst may lie ahead. BTC price chart revisits historic pattern: Crypto Daybook Americas,"-0.0754716981132073,1.66037735849057,1.73584905660377,3.39622641509434,17.2830188679245,0.0754716981132075,1101"
20260227124500,coindesk.com,https://www.coindesk.com/markets/2026/02/27/u-s-spot-bitcoin-etfs-set-for-biggest-week-in-6-after-adding-usd1-1-billion-in-three-days,"U.S. spot BTC ETFs see $1.1 billion in 3-day inflows, set for biggest week since mid-January","0,1.89274447949527,1.89274447949527,3.78548895899054,21.1356466876972,0,289"
20260227124500,coindesk.com,https://www.coindesk.com/markets/2026/02/27/bitcoin-falls-with-ether-solana-while-decred-ai-linked-tokens-advance,"BTC price falls with ETH, SOL while decred, AI-linked tokens advance: Crypto Markets Today","-1.03270223752151,3.09810671256454,4.13080895008606,7.2289156626506,23.5800344234079,0,518"
20260227124500,coindesk.com,https://www.coindesk.com/markets/2026/02/27/mara-and-block-jump-double-digits-in-pre-market-trading-while-coreweave-sinks,Pre-market movers: MARA and Block rally while CoreWeave tumbles on margin pressure,"-2.10843373493976,1.50602409638554,3.6144578313253,5.12048192771084,22.8915662650602,0,313"
20260227133000,cointelegraph.com,https://cointelegraph.com/news/bitcoin-etfs-1b-inflows-drawdown-dip-buying,Bitcoin ETFs Log $1B Inflows During 50% Drawdown,"-3.59712230215827,0.959232613908873,4.55635491606715,5.51558752997602,21.1031175059952,0.239808153477218,366"
20260227133000,cointelegraph.com,https://cointelegraph.com/news/marathon-posts-1-7b-quarterly-loss-bitcoin,MARA Posts $1.7B Q4 Loss as Bitcoin Slump Hits Earnings,"-0.736648250460405,1.65745856353591,2.39410681399632,4.05156537753223,20.8103130755064,0.184162062615101,479"
20260227133000,cointelegraph.com,https://cointelegraph.com/news/terawulf-q4-2025-miss-estimate-mining-revenue-drop,TeraWulf Reports $35.8M Q4 Revenue Amid Mining Losses,"-1.24069478908189,1.98511166253102,3.2258064516129,5.21091811414392,18.6104218362283,0.744416873449132,351"
20260227133000,cointelegraph.com,https://cointelegraph.com/news/new-york-judge-blocks-binance-bid-to-force-us-crypto-claims-into-arbitration,Judge Blocks Binance Bid to Force US Crypto Claims into Arbitration,"-2.69662921348315,0.898876404494382,3.59550561797753,4.49438202247191,21.123595505618,1.34831460674157,399"
20260227133000,cointelegraph.com,https://cointelegraph.com/news/bitcoin-five-month-losing-streak-may-not-end-in-march,Bitcoin Bulls' Next Agenda: Flip These Key Resistance Levels to Support,"-1.77215189873418,0.759493670886076,2.53164556962025,3.29113924050633,22.5316455696203,0.253164556962025,365"
20260227133000,cointelegraph.com,https://cointelegraph.com/news/suspected-insider-1-2m-zachxbt-axiom-expose,Suspected Insider Wallets Net $1.2M Betting on ZachXBT's Axiom Expose,"-5.03597122302158,2.15827338129496,7.19424460431655,9.35251798561151,18.9448441247002,0.719424460431655,386"
20260104111500,cointelegraph.com,https://cointelegraph.com/news/coinbase-pauses-fiat-operations-argentina-2026,Coinbase Pauses Fiat Operations in Argentina After Less Than a Year,"-3.2967032967033,0.659340659340659,3.95604395604396,4.61538461538462,21.7582417582418,0,417"
20260104111500,cointelegraph.com,https://cointelegraph.com/news/united-states-venezuela-strike-bitcoin-price-downfall-unlikely-analyst,Bitcoin 'Correction' Unlikely After US Strike On Venezuela: Analyst,"-3.95778364116095,0.79155672823219,4.74934036939314,5.54089709762533,21.8997361477573,1.31926121372032,343"
20260104111500,cointelegraph.com,https://cointelegraph.com/news/ritchie-torres-prediction-markets-insider-trading-bill-maduro-bet,Ritchie Torres Targets Insider Trading on Prediction Markets,"-3.75586854460094,1.64319248826291,5.39906103286385,7.04225352112676,19.7183098591549,0.469483568075117,392"
20260104123000,newsbtc.com,https://www.newsbtc.com/news/bitcoin/bitcoin-price-to-reclaim-100k-in-imminent-15-move/,Bitcoin Price To Reclaim $100K In Imminent 15% Move &#x2014; Here's How,"-1.24069478908189,0.992555831265509,2.23325062034739,3.2258064516129,21.3399503722084,0,378"
20260104123000,newsbtc.com,https://www.newsbtc.com/news/bitcoin/bitcoin-reaches-key-decision-zone-2-possible-price-scenarios-analyst/,Bitcoin Reaches Key Decision Zone: 2 Possible Price Scenarios,"-1.36674259681093,2.27790432801822,3.64464692482916,5.92255125284738,18.2232346241458,0,397"
20260105210000,coindesk.com,https://www.coindesk.com/markets/2026/01/05/goldman-sachs-sees-regulation-driving-next-wave-of-institutional-crypto-adoption,Goldman Sachs (GS) sees regulation driving next wave of institutional crypto adoption,"-2.13143872113677,1.77619893428064,3.90763765541741,5.68383658969805,23.8010657193606,0.710479573712256,532"
20260105210000,coindesk.com,https://www.coindesk.com/markets/2026/01/05/famed-coinbase-backer-fred-wilson-predicts-2026-ux-pivot-for-crypto,Famed Coinbase (COIN) backer Fred Wilson predicts 2026 UX pivot for crypto,"0,2.33766233766234,2.33766233766234,4.67532467532468,24.4155844155844,0.779220779220779,341"
20260105210000,coindesk.com,https://www.coindesk.com/policy/2026/01/05/a-few-republicans-have-crypto-s-destiny-in-their-hands-at-the-sec-cftc,"A few Republicans have crypto's destiny in their hands at the SEC, CFTC","0.525624178712221,3.28515111695138,2.75952693823916,6.04467805519054,21.2877792378449,0.919842312746386,693"
20260105210000,coindesk.com,https://www.coindesk.com/markets/2026/01/05/tom-lee-calls-for-a-new-bitcoin-ath-in-january-while-warning-of-a-volatile-2026,"Tom Lee says bitcoin has not peaked, calls for new all-time high by January 2026","0.676818950930626,4.23011844331641,3.55329949238579,7.7834179357022,20.3045685279188,1.86125211505922,519"
20260105210000,coindesk.com,https://www.coindesk.com/markets/2026/01/05/filecoin-surges-6-outperforms-wider-crypto-markets,"Filecoin (FIL) surges 6%, outperforms wider crypto markets","2.75229357798165,4.28134556574923,1.52905198776758,5.81039755351682,18.960244648318,1.52905198776758,306"
20260105210000,coindesk.com,https://www.coindesk.com/markets/2026/01/05/bitcoin-rally-masks-fragile-liquidity-as-spot-volumes-hit-year-long-lows,Bitcoin's latest advance comes with warning signs as spot volumes dry up,"-1.91256830601093,2.73224043715847,4.6448087431694,7.37704918032787,21.3114754098361,0.819672131147541,336"
20260105210000,coindesk.com,https://www.coindesk.com/markets/2026/01/05/xrp-s-9-surge-leads-crypto-as-bitcoin-climbs-to-6-week-high-near-usd95-000,"Bitcoin price news: BTC takes aim at $95,000 for first time since mid-November","-0.233644859813084,2.33644859813084,2.57009345794392,4.90654205607477,24.0654205607477,0.700934579439252,374"
20260105201500,cointelegraph.com,https://cointelegraph.com/news/grayscale-us-payout-ethereum-staking-rewards,Grayscale declares first staking payout for US Ethereum ETP,"3.81125226860254,4.17422867513612,0.362976406533575,4.53720508166969,21.7785843920145,1.81488203266788,494"
20260105201500,cointelegraph.com,https://cointelegraph.com/news/china-financial-associations-rwa-stablecoin-risky,China's Financial Associations Reclassify RWAs as 'Risky': Report,"-3.25581395348837,1.86046511627907,5.11627906976744,6.97674418604651,17.4418604651163,0.697674418604651,401"
20260105201500,cointelegraph.com,https://cointelegraph.com/news/crypto-donald-trump-pac-midterms,Crypto Companies Contribute $21M to Trump PAC Ahead of US Midterms,"2.17983651226158,2.45231607629428,0.272479564032698,2.72479564032698,18.8010899182561,0.817438692098093,318"
20260105201500,cointelegraph.com,https://cointelegraph.com/news/bitcoin-enters-strength-phase-100k-debate-heats-up,BTC Nears Strength Phase but Traders Warn of a Possible Trap,"-2.24137931034483,2.06896551724138,4.31034482758621,6.37931034482759,23.9655172413793,0,523"
20260105201500,cointelegraph.com,https://cointelegraph.com/news/price-predictions-1-5-spx-dxy-btc-eth-xrp-bnb-sol-doge-ada-bch,"Price Predictions: SPX, DXY, BTC, ETH, XRP, BNB, SOL, DOGE, ADA, BCH","0.333778371161549,2.60347129506008,2.26969292389853,4.87316421895861,25.3671562082777,0.333778371161549,1390"
20260105201500,cointelegraph.com,https://cointelegraph.com/news/bitcoin-price-nears-94k-crypto-volume-lowest-since-late-2023,"Bitcoin Faces Volume Vacuum as BTC Price Eyes $94,000","0.949367088607595,2.84810126582278,1.89873417721519,4.74683544303798,23.5759493670886,0.949367088607595,556"
20260203190000,newsbtc.com,https://www.newsbtc.com/analysis/xrp/where-is-xrp-price-headed/,Where's XRP Price Headed As Exchange Reserves Plunge To 1.7 Billion?,"-0.375234521575985,1.31332082551595,1.68855534709193,3.00187617260788,23.827392120075,0.187617260787992,493"
20260203190000,newsbtc.com,https://www.newsbtc.com/binance/cz-debunks-4-funny-fuds-rumors-binance/,CZ Debunks '4 Funny FUDs' As Rumors Swirl Around Binance,"-2.0442930153322,1.0221465076661,3.0664395229983,4.08858603066439,23.8500851788756,0.681431005110733,517"
20260203200000,coindesk.com,https://www.coindesk.com/markets/2026/02/03/bitcoin-bounce-fails-with-price-falling-back-below-usd77-000-while-precious-metals-renew-surge,Bitcoin price news: BTC is falling again while gold and silver bull markets resume,"-0.961538461538461,2.64423076923077,3.60576923076923,6.25,24.7596153846154,0.721153846153846,368"
20260203200000,coindesk.com,https://www.coindesk.com/markets/2026/02/03/bitcoin-will-massively-outperform-gold-over-10-years-says-pantera-s-dan-morehead,Crypto analysis: Bitmine's Tom Lee and Pantera's Dan Morehead unfazed by current price struggles,"0.702987697715291,3.51493848857645,2.81195079086116,6.32688927943761,20.7381370826011,0.878734622144113,494"
20260203200000,coindesk.com,https://www.coindesk.com/markets/2026/02/03/bitcoin-nears-weekend-low-of-usd74-600-as-stock-selloff-adds-to-crypto-s-woes,"Bitcoin price news: BTC falls back to $75,000 as Nasdaq sinks 2%","-2.38500851788756,1.0221465076661,3.40715502555366,4.42930153321976,18.9097103918228,0.851788756388416,427"
20260203200000,coindesk.com,https://www.coindesk.com/markets/2026/02/03/why-a-usd9-billion-bitcoin-sale-by-single-galaxy-client-reignites-quantum-threat-debate,Bitcoin news: whale sells $9 billion over quantum concerns,"-2.76381909547739,2.01005025125628,4.77386934673367,6.78391959798995,26.7587939698492,0.753768844221105,727"
20260203200000,coindesk.com,https://www.coindesk.com/markets/2026/02/03/crypto-pulls-out-of-free-fall-as-government-shutdown-ends,Bitcoin price news: BTC bounces from multi-year low after House passage of funding bill,"-1.79372197309417,0.896860986547085,2.69058295964126,3.58744394618834,20.627802690583,1.34529147982063,193"
20260203203000,cointelegraph.com,https://cointelegraph.com/news/bitcoin-loses-dollar73k-us-stocks-sell-off-analyst-says-btc-trading-is-normal,Bitcoin Hits 2026 Low Under $73K But Analyst Says It's Normal,"-3.3096926713948,1.6548463356974,4.9645390070922,6.6193853427896,18.2033096926714,0.236406619385343,366"
20260203203000,cointelegraph.com,https://cointelegraph.com/news/world-liberty-launches-3-4b-stablecoin-how-it-fits-into-onchain-credit-systems,How World Liberty's $3.4B USD1 Stablecoin Powers Onchain Lending Markets,"3.92772977219167,6.44147682639434,2.51374705420267,8.95522388059701,23.6449332285939,0.628436763550668,1182"
20260203203000,cointelegraph.com,https://cointelegraph.com/news/vistashares-treasury-etf-options-based-bitcoin-exposure,"VistaShares Debuts BTYB, a Treasury ETF with Bitcoin-Linked Exposure","0.65359477124183,2.39651416122004,1.74291938997821,4.13943355119826,18.9542483660131,1.52505446623094,411"
20260203203000,cointelegraph.com,https://cointelegraph.com/news/galaxy-digital-losses-2025-report,Galaxy Digital Reports $482M Net Loss in Q4 2025,"-1.49625935162095,1.99501246882793,3.49127182044888,5.48628428927681,19.2019950124688,0.997506234413965,347"
20260203203000,cointelegraph.com,https://cointelegraph.com/news/bitcoin-crypto-winter-soon-over-bitwise-exec-gold-retargets-5k,"Bitcoin Lacks Strength for $80K Retest as Gold, Silver Edge Higher","-0.56390977443609,2.63157894736842,3.19548872180451,5.82706766917293,22.7443609022556,1.50375939849624,471"
20260203203000,cointelegraph.com,https://cointelegraph.com/news/donald-trump-bill-end-partial-government-shutdown,Trump Expected to Sign Bill to End Partial US Government Shutdown,"-0.454545454545455,1.81818181818182,2.27272727272727,4.09090909090909,22.2727272727273,2.27272727272727,200"
20260203203000,cointelegraph.com,https://cointelegraph.com/sponsored/regulated-exchange-behind-9-of-europe-s-mica-wp-filings-is-building-a-compliance-native-l2,Regulated exchange behind '9% of Europe's MiCA-WP filings' is building a 'compliance-native' L2,"2.68886043533931,3.58514724711908,0.89628681177977,4.48143405889885,19.3341869398207,0,683"
20260116181500,cointelegraph.com,https://cointelegraph.com/magazine/bitcoin-price-willy-woo-ether-crypto-price-xrp-clarity-act-trade-secrets/,"Bitcoin 'bullish' in Q1 says Willy Woo, XRP lacks CLARITY: Trade Secrets","-1.03256552819698,1.98570293884035,3.01826846703733,5.00397140587768,22.3987291501191,0.238284352660842,1145"
20260116181500,cointelegraph.com,https://cointelegraph.com/news/huione-tudou-guarantee-shutdown-usdt-refunds,Huione-Linked Illicit Crypto Escrow Tudou Guarantee Appears to Shut Down,"-4.56852791878173,0.761421319796954,5.32994923857868,6.09137055837564,17.7664974619289,0.253807106598985,349"
20260116181500,cointelegraph.com,https://cointelegraph.com/news/clarity-act-fight-stablecoin-yields-defi,CLARITY Act Fight Over Dollar Yield and DeFi Liquidity,"-0.4149377593361,6.22406639004149,6.63900414937759,12.8630705394191,22.9598893499308,0.829875518672199,654"
20260116181500,cointelegraph.com,https://cointelegraph.com/news/bitcoin-most-undervalued-versus-gold-will-btc-price-rebound,Bitcoin Now Most Undervalued Versus Gold: What Does It Mean for BTC Price?,"2.5,5.5,3,8.5,20.25,0,354"
20260116181500,cointelegraph.com,https://cointelegraph.com/news/bitcoin-copying-2022-bear-market-rally-despite-btc-price-gains,"Bitcoin is Still in Bear Market Territory Below $101,000, Says Research","-2.10084033613445,0.840336134453782,2.94117647058824,3.78151260504202,23.5294117647059,0.420168067226891,417"
20260116191500,bitcoinmagazine.com,https://bitcoinmagazine.com/news/belarus-creates-framework-for-bitcoin,Belarus Creates Legal Framework For Bitcoin Banks,"0,2.45901639344262,2.45901639344262,4.91803278688525,21.9262295081967,0,433"
20260210180000,cointelegraph.com,https://cointelegraph.com/news/bitcoin-trading-growth-asset-not-digital-gold-grayscale,"Bitcoin Trades Like Growth Stock, Not Gold: Grayscale","-2.33766233766234,2.33766233766234,4.67532467532468,7.01298701298701,21.038961038961,0.25974025974026,348"
20260210180000,cointelegraph.com,https://cointelegraph.com/news/phantom-chat-address-poisoning-bitcoin-phishing,Phantom Chat Triggers Address Poisoning Concerns After User Loses $264K,"-6.59340659340659,1.72684458398744,8.32025117739403,10.0470957613815,21.978021978022,0,601"
20260210180000,cointelegraph.com,https://cointelegraph.com/news/bitcoin-mayer-multiple-hits-2022-where-is-btc-price-bottom,Bitcoin Mayer Multiple: How low can BTC price go if 2022 repeats?,"-0.577200577200577,1.15440115440115,1.73160173160173,2.88600288600289,26.6955266955267,0.144300144300144,629"
20260210180000,cointelegraph.com,https://cointelegraph.com/news/bitcoin-crash-60k-halfway-point-crypto-bear-market,Bitcoin's Crash $60k 'Halfway' Point In Crypto Bear Market: Kaiko,"-2.27272727272727,0.757575757575758,3.03030303030303,3.78787878787879,26.5151515151515,0.378787878787879,477"
20260210180000,cointelegraph.com,https://cointelegraph.com/explained/what-it-actually-takes-to-prove-someone-is-satoshi-nakamoto,What It Actually Takes to Prove Someone Is Satoshi Nakamoto,"-2.53863134657837,2.53863134657837,5.07726269315673,7.6158940397351,25.2759381898455,0.33112582781457,825"
20260210180000,cointelegraph.com,https://cointelegraph.com/news/bitcoin-price-punishes-traders-24-hour-crypto-liquidations-pass-250m,Bitcoin Liquidates Traders Up and Down Ahead of Local Support Retest,"-3.66132723112128,1.83066361556064,5.49199084668192,7.32265446224256,24.9427917620137,0.45766590389016,400"
20260210183000,coindesk.com,https://www.coindesk.com/policy/2026/02/10/blockchain-com-wins-uk-registration-nearly-four-years-after-abandoning-fca-process,Blockchain.com wins UK registration nearly four years after abandoning FCA process,"0.469483568075118,2.8169014084507,2.34741784037559,5.16431924882629,21.5962441314554,1.40845070422535,199"
20260210183000,coindesk.com,https://www.coindesk.com/markets/2026/02/10/bitcoin-remains-in-tight-range-near-usd70-000-ahead-of-wednesday-s-u-s-jobs-report,Bitcoin price news: BTC holding in tight range as markets brace for January employment data,"-2.18446601941748,1.69902912621359,3.88349514563107,5.58252427184466,27.1844660194175,0.728155339805825,385"
20260210183000,coindesk.com,https://www.coindesk.com/business/2026/02/10/tether-invests-in-layerzero-labs-as-it-doubles-down-on-cross-chain-tech-agentic-finance,"Tether invests in LayerZero Labs as it doubles down on cross-chain tech, agentic finance","1.80722891566265,3.01204819277108,1.20481927710843,4.21686746987952,20.7831325301205,0.903614457831325,301"
20260210183000,coindesk.com,https://www.coindesk.com/markets/2026/02/10/struggling-coinbase-gets-price-target-cut-from-jpmorgan-ahead-of-thursday-earnings,JPMorgan cuts Coinbase (COIN) price target to $290 ahead of earnings,"-0.561797752808989,1.87265917602996,2.43445692883895,4.30711610486891,22.4719101123595,0.936329588014981,486"
20260210160000,bitcoinmagazine.com,https://bitcoinmagazine.com/news/strategy-mstr-michael-saylor-bitcoin-buys,"Strategy Will Keep Buying Bitcoin Forever, Saylor Says","-2.7027027027027,3.28185328185328,5.98455598455598,9.26640926640927,23.5521235521236,0.965250965250965,458"
20260210161500,cointelegraph.com,https://cointelegraph.com/news/fca-action-htx-exchange-illegal-financial-promotion,UK Regulator Sues HTX Over Illegal Crypto Promotions,"-4.24528301886792,0.943396226415094,5.18867924528302,6.13207547169811,16.5094339622642,0.943396226415094,400"
20260210170000,newsbtc.com,https://www.newsbtc.com/analysis/xrp/xrp-roadmap-to-10000/,"Analyst Shares XRP Roadmap To $10,000: What Happens With Each Milestone?","1.02669404517454,2.46406570841889,1.43737166324435,3.90143737166324,24.8459958932238,0,448"
20260220140000,coindesk.com,https://www.coindesk.com/daybook-us/2026/02/20/bitcoin-gains-is-still-signficantly-undervalued-bitwise-says-extreme-fear-dominates,"BTC price is still 'signficantly undervalued,' Bitwise says: Crypto Daybook Americas","-0.133067198935462,1.79640718562874,1.9294743845642,3.72588157019295,17.831004657352,0.399201596806387,1258"
20260220140000,coindesk.com,https://www.coindesk.com/markets/2026/02/20/panic-premium-lingers-in-options-even-as-bitcoin-recovers-from-lows,"Bitcoin bounces, but $72,000 remains key price level to breaking downtrend: Crypto Markets Today","-1.53550863723608,1.72744721689059,3.26295585412668,4.99040307101727,19.7696737044146,0.575815738963532,464"
20260220130000,newsbtc.com,https://www.newsbtc.com/xrp-news/bitcoin-ethereum-social-xrp-bullishness-5-week-high/,"XRP Social Sentiment Hits 5-Week High&#x2014;BTC, ETH Mood Still Off","-2.19560878243513,1.79640718562874,3.99201596806387,5.78842315369261,21.7564870259481,0.199600798403194,464"
20260220130000,newsbtc.com,https://www.newsbtc.com/news/altcoin-liquidity-crunch-83-crypto-bear-trend/,Altcoin Liquidity Crunch: 83% Of Crypto Slips Into Bear Trend,"-5.26315789473684,0.657894736842105,5.92105263157895,6.57894736842105,20.2302631578947,0.164473684210526,551"
20260127023000,bitcoinmagazine.com,https://bitcoinmagazine.com/markets/bitcoin-price-fights-for-88000,"Bitcoin Price Fights For $88,000 As Bearish Pressure Builds","-3.80116959064327,1.75438596491228,5.55555555555556,7.30994152046784,22.953216374269,0,608"
20260127030000,coindesk.com,https://www.coindesk.com/markets/2026/01/27/silver-nears-usd1b-in-volume-on-hyperliquid-as-btc-remains-frozen-asia-morning-briefing,Silver nears $1 billion in volume on Hyperliquid as BTC remains frozen: Asia Morning Briefing,"-5.16898608349901,1.39165009940358,6.56063618290259,7.95228628230616,24.6520874751491,0.596421471172962,452"
20260127020000,cointelegraph.com,https://cointelegraph.com/news/bitcoin-investor-sentiment-cools-amid-us-shutdown-fears-fed-policy-jitters,"Bitcoin Traders Stall As US Shutdown, Fed Policy Shift Raises Fear","-1.86757215619694,4.07470288624788,5.94227504244482,10.0169779286927,21.9015280135823,2.37691001697793,553"
20260127020000,cointelegraph.com,https://cointelegraph.com/magazine/hk-approve-stablecoins-q1-hashed-blockchain-asia-express/,"Hong Kong stablecoins in Q1, BitConnect kidnapping arrests: Asia Express","-3.22291853178156,1.88003581020591,5.10295434198747,6.98299015219337,19.7851387645479,0.0895255147717099,1016"
20260127020000,cointelegraph.com,https://cointelegraph.com/news/bitmine-staked-ether-holdings-annual-staking-revenue,"Bitmine Adds 40,302 ETH as Staking Balance Reaches $5.7B","3.14232902033272,3.3271719038817,0.184842883548983,3.51201478743068,23.6598890942699,0.184842883548983,470"
20260127020000,cointelegraph.com,https://cointelegraph.com/news/stablecoin-market-fall-shows-flight-to-gold-not-bitcoin-santiment,"Stablecoin Fall Shows BTC, Crypto is Losing Capital to Gold","1.37362637362637,4.3956043956044,3.02197802197802,7.41758241758242,25.5494505494505,0.274725274725275,325"
20260219170000,newsbtc.com,https://www.newsbtc.com/news/bitcoin/bitcoins-powerful-rally-signal-is-back-is-history-about-to-repeat/,Bitcoin's Powerful Rally Signal Is Back: Is History About To Repeat?,"-2.7027027027027,1.54440154440154,4.24710424710425,5.79150579150579,28.5714285714286,0.386100386100386,460"
20260219170000,newsbtc.com,https://www.newsbtc.com/news/bitcoin/did-quantum-fears-crash-bitcoin-nydig-says-no/,Did Quantum Computing Fears Crash Bitcoin? NYDIG Says No,"-4.66417910447761,0.559701492537313,5.22388059701492,5.78358208955224,22.2014925373134,0.932835820895522,484"
20260219144500,coindesk.com,https://www.coindesk.com/markets/2026/02/19/bitcoin-s-14-day-rsi-falls-below-30-for-third-time-ever-months-of-consolidation-likely,"Why bitcoin's rare oversold RSI crash signals a long, slow grind ahead","-3.6231884057971,1.44927536231884,5.07246376811594,6.52173913043478,19.9275362318841,1.08695652173913,241"
20260219144500,coindesk.com,https://www.coindesk.com/business/2026/02/19/the-bank-of-the-future-77-of-stablecoin-users-say-they-d-open-a-wallet-with-their-bank-today,Majority of stablecoin users would use a crypto wallet issued by their bank,"3.68271954674221,3.68271954674221,0,3.68271954674221,20.3966005665722,1.13314447592068,329"
20260219144500,coindesk.com,https://www.coindesk.com/markets/2026/02/19/bitcoin-ether-rise-as-altcoins-lag-in-low-volatility-trade,Crypto steadies after selloff while derivatives flash caution signals,"-3.2319391634981,1.33079847908745,4.56273764258555,5.893536121673,20.9125475285171,0.570342205323194,470"
20260219144500,coindesk.com,https://www.coindesk.com/research/digital-assets-2026-above-the-noise,Digital Assets 2026: Above the Noise,"-0.26160889470242,2.02746893394375,2.28907782864617,4.31654676258993,20.2746893394375,0.196206671026815,1414"
20260219144500,coindesk.com,https://www.coindesk.com/daybook-us/2026/02/19/crypto-markets-feel-the-chill-base-ether-fi-reorganize-layer-2-landscape,"Crypto markets feel the chill, Base, ether.fi reorganize layer-2 landscape: Crypto Daybook Americas","0.465477114041893,1.86190845616757,1.39643134212568,3.25833979829325,17.9208688906129,0.232738557020946,1101"
20260219161500,cointelegraph.com,https://cointelegraph.com/news/deutsche-borse-tokenization-evolution-not-a-threat,Traditional Markets Key in Tokenization: Deutsche B&#xF6;rse Exec,"0,3.84615384615385,3.84615384615385,7.69230769230769,20.6959706959707,1.28205128205128,464"
20260219161500,cointelegraph.com,https://cointelegraph.com/news/dash-integrates-z-cash-orchard-privacy,Dash Integrates Zcash Privacy Pool As the Privacy Narrative Heats Up,"-0.446428571428572,2.67857142857143,3.125,5.80357142857143,19.1964285714286,0,407"
20260219161500,cointelegraph.com,https://cointelegraph.com/news/bitcoin-going-to-zero-searches-spike-extreme-fear,'Bitcoin Going to Zero' Google Searches Hit Highest Level Since FTX,"-5.05780346820809,1.30057803468208,6.35838150289017,7.65895953757225,21.6763005780347,0.144508670520231,604"
20260219161500,cointelegraph.com,https://cointelegraph.com/news/south-korea-prosecutors-recover-320-bitcoin-returned-phishing,South Korean Authorities Recover 320 Bitcoin Lost in 2025 Investigation,"-7.41687979539642,1.79028132992327,9.20716112531969,10.997442455243,19.9488491048593,0.51150895140665,379"
20260219161500,cointelegraph.com,https://cointelegraph.com/news/banks-service-crypto-even-mainstream,"Banks Can't Seem To Service Crypto, Even as It Goes Mainstream","-3.14625850340136,1.6156462585034,4.76190476190476,6.37755102040816,18.1972789115646,0.510204081632653,1085"
20260219161500,cointelegraph.com,https://cointelegraph.com/news/robinhood-l2-testnet-4m-transactions-first-week,"Robinhood Chain Testnet Hits 4M Transactions in First Week, Tenev Says","-0.273972602739726,0.821917808219178,1.0958904109589,1.91780821917808,17.2602739726027,0.273972602739726,321"
20260219161500,cointelegraph.com,https://cointelegraph.com/news/blockchain-data-may-predict-drug-overdose-surges-months-in-advance-chainalysis,"Blockchain Data May Predict Drug Overdose Surges, Chainalysis Says","-6.07476635514019,0.934579439252336,7.00934579439252,7.94392523364486,19.1588785046729,0,386"
20260219164500,bitcoinmagazine.com,https://bitcoinmagazine.com/news/cme-plans-24-7-crypto-futures-trading,CME Plans 24/7 Crypto Futures Trading Starting May 29,"-1.44665461121157,0.904159132007233,2.35081374321881,3.25497287522604,22.2423146473779,0.180831826401447,499"
20260219164500,bitcoinmagazine.com,https://bitcoinmagazine.com/news/the-uae-453-million-bitcoin-reserve,The UAE Has Built Up A $453 Million Bitcoin Reserve,"0,1.97869101978691,1.97869101978691,3.95738203957382,15.9817351598174,0,590"
20260219164500,bitcoinmagazine.com,https://bitcoinmagazine.com/news/voltage-revolving-credit-line-bitcoin,Voltage Introduces Credit Line For Bitcoin Settlement,"1.28205128205128,6.66666666666667,5.38461538461539,12.0512820512821,21.2820512820513,0,360"
20260130150000,bitcoinmagazine.com,https://bitcoinmagazine.com/news/binance-to-move-1-billion-fund-to-bitcoin,Binance To Move $1 Billion In Protection Funds Into Bitcoin,"-1.65094339622642,2.59433962264151,4.24528301886792,6.83962264150943,21.6981132075472,0.235849056603774,378"
20260130150000,bitcoinmagazine.com,https://bitcoinmagazine.com/news/trump-names-kevin-warsh-as-pick-for-fed,Trump Names Bitcoin-Friendly Kevin Warsh As Fed Chair Pick,"0.731261425959781,2.92504570383912,2.19378427787934,5.11882998171846,20.109689213894,0.182815356489945,511"
20260130160000,coindesk.com,https://www.coindesk.com/daybook-us/2026/01/30/crypto-s-rough-day-sets-giants-into-plunge-protection-mode,Tumbling market sets giants into 'plunge protection' mode: Crypto Daybook Americas,"0,1.67760758570387,1.67760758570387,3.35521517140773,17.3595915390226,0.364697301239971,1191"
20260130160000,coindesk.com,https://www.coindesk.com/policy/2026/01/30/president-donald-trump-nominates-kevin-warsh-as-fed-chair,President Donald Trump nominates Kevin Warsh as Fed Chair,"1.27659574468085,1.70212765957447,0.425531914893617,2.12765957446809,23.4042553191489,1.27659574468085,220"
20260130160000,coindesk.com,https://www.coindesk.com/markets/2026/01/30/druckenmiller-on-warsh-as-fed-chair-no-one-better-equipped,"Fed chair nominee Kevin Warsh not necessarily a hawk, says close colleague Stanley Druckenmiller","-0.638977635782747,1.91693290734824,2.55591054313099,4.47284345047923,22.3642172523962,0.958466453674121,282"
20260130160000,coindesk.com,https://www.coindesk.com/markets/2026/01/30/bitcoin-ether-extend-declines-as-leverage-unwind-accelerates-crypto-markets-today,"Risk assets retreat as BTC, ETH prices drop further, dollar strengthens: Crypto Markets Today","-3.72168284789644,2.26537216828479,5.98705501618123,8.25242718446602,21.6828478964401,0.485436893203883,554"
20260130153000,cointelegraph.com,https://cointelegraph.com/news/bitcoin-miner-exodus-may-push-btc-price-below-dollar60k,Bitcoin 'Miner Exodus' Risks Crashing BTC Price Below $60K,"-1.78970917225951,1.56599552572707,3.35570469798658,4.92170022371365,26.3982102908277,0.223713646532438,408"
20260130153000,cointelegraph.com,https://cointelegraph.com/news/trump-say-us-government-shutdown-deal-near-market-jitters,"US Shutdown Deal Nears as Bitcoin, Gold and Silver Swing","-3.73983739837398,2.11382113821138,5.85365853658537,7.96747967479675,22.1138211382114,0.650406504065041,562"
20260130153000,cointelegraph.com,https://cointelegraph.com/news/bitcoin-loses-crucial-84k-support-how-low-can-btc-price-go,Bearish Bitcoin Analysts Predict BTC Price Can Drop to as Low as $50K,"-3.27332242225859,1.30932896890344,4.58265139116203,5.89198036006547,24.8772504091653,0.818330605564648,537"
20260130153000,cointelegraph.com,https://cointelegraph.com/news/bitcoin-ether-etfs-1-billion-outflows-crypto-6-percent-slump,Crypto ETFs Shed Over $1B In Daily Outflows As Market Slides,"-2.80172413793103,0.646551724137931,3.44827586206897,4.0948275862069,15.948275862069,0.21551724137931,416"
20260130153000,cointelegraph.com,https://cointelegraph.com/news/bitcoin-bear-market-almost-over-btc-price-metric-outpaces-2022-bottom,"Bitcoin More 'Undervalued' Than During All Previous Bear Markets, Data Says","-1.27388535031847,0.849256900212314,2.12314225053079,2.9723991507431,24.6284501061571,0.636942675159236,410"
20260130153000,cointelegraph.com,https://cointelegraph.com/news/kevin-warsh-officially-picked-federal-reserve-chair,Trump Picks Kevin Warsh as Next Federal Reserve Chair,"-2.23880597014925,2.48756218905473,4.72636815920398,7.21393034825871,27.1144278606965,1.24378109452736,372"
20260115141500,cointelegraph.com,https://cointelegraph.com/news/blackrock-leads-840-million-bitcoin-etf-inflows,Bitcoin ETFs Post $840M Inflows As BTC Rallies Above $97K,"-0.920245398773006,1.53374233128834,2.45398773006135,3.98773006134969,12.5766871165644,0,282"
20260115141500,cointelegraph.com,https://cointelegraph.com/news/2026-sovereign-bitcoin-reserves-tradfi-tokenization-adoption-sygnum,"2026 New Sovereign Bitcoin Reserves, TradFi Tokenization Adoption: Sygnum","0.69060773480663,2.90055248618785,2.20994475138122,5.11049723756906,22.2375690607735,0.69060773480663,660"
20260115141500,cointelegraph.com,https://cointelegraph.com/news/five-bitcoin-narratives-analysts-are-watching-beyond-price,Five Bitcoin Narratives Analysts Are Watching Beyond Price in 2026,"-0.819672131147541,2.71122320302648,3.53089533417402,6.2421185372005,24.4010088272383,0.693568726355612,1434"
20260115141500,cointelegraph.com,https://cointelegraph.com/news/short-squeeze-top-500-cryptos-traders-bearish-bets,"Short Squeeze Hits Top 500 Cryptos, Traders Unwind Bearish Bets","-2.10280373831776,2.33644859813084,4.4392523364486,6.77570093457944,21.4953271028037,1.16822429906542,391"
20260115141500,cointelegraph.com,https://cointelegraph.com/news/galaxy-digital-closes-75m-tokenized-clo-on-avalanche,Galaxy Digital Closes $75 Million Tokenized CLO on Avalanche,"0.469483568075118,2.8169014084507,2.34741784037559,5.16431924882629,19.7183098591549,0.704225352112676,386"
20260115141500,cointelegraph.com,https://cointelegraph.com/news/bitcoin-backed-credit-card-argentina-lemon,Lemon Launches Argentina's First Bitcoin-Backed Credit Card,"1.50093808630394,3.93996247654784,2.4390243902439,6.37898686679174,19.1369606003752,0,456"
20260115141500,cointelegraph.com,https://cointelegraph.com/news/bitcoin-analysts-this-must-happen-100k-btc-price-comeback,Bitcoin's Recovery Pauses at $96K: What Will Trigger BTC Price Breakout?,"-0.322061191626409,2.09339774557166,2.41545893719807,4.50885668276973,25.7648953301127,0.161030595813205,566"
20260115141500,cointelegraph.com,https://cointelegraph.com/news/bitcoin-bottom-signal-btc-eyes-unique-101k-bear-market-reclaim,"Bitcoin RSI Leads Bullish Signals With All Eyes on $101,000","0.191938579654511,2.49520153550864,2.30326295585413,4.79846449136276,24.3761996161228,0.383877159309021,474"
20260115141500,cointelegraph.com,https://cointelegraph.com/news/universal-blockchains-real-demands,Universal Blockchains Buckle Under Real-World Demands,"-2.96442687747036,2.4703557312253,5.43478260869565,7.90513833992095,24.3083003952569,0.296442687747036,916"
20260106161500,coindesk.com,https://www.coindesk.com/daybook-us/2026/01/06/ai-tokens-outpace-memecoins-as-crypto-comeback-strengthens-crypto-daybook-americas,AI tokens outpace memecoins as crypto comeback strengthens: Crypto Daybook Americas,"-0.250312891113892,1.81476846057572,2.06508135168961,3.87984981226533,18.0225281602002,0.250312891113892,1337"
20260106161500,bitcoinmagazine.com,https://bitcoinmagazine.com/markets/bitcoin-price-jumps-8-into-new-year,Bitcoin Price Jumps 8% Into New Year As Bullish Momentum Builds,"-1.66414523449319,1.66414523449319,3.32829046898638,4.99243570347958,21.78517397882,0,592"
20260106161500,coindesk.com,https://www.coindesk.com/markets/2026/01/06/crypto-markets-today-bitcoin-tests-key-resistance-as-memecoin-trading-volume-explodes,Crypto Markets Today: BTC price rise meets resistance as memecoin trading volume explodes,"-0.346620450606586,2.4263431542461,2.77296360485269,5.19930675909879,23.9168110918544,0.519930675909879,518"
20260106161500,coindesk.com,https://www.coindesk.com/markets/2026/01/06/circle-s-usdc-outpaces-growth-of-tether-s-usdt-for-second-year-running,Stablecoin News: Circle's USDC outpaces Tether's USDT growth for second year running,"1.57170923379175,2.35756385068762,0.785854616895874,3.1434184675835,20.0392927308448,0.589390962671906,462"
20260106161500,bitcoinmagazine.com,https://bitcoinmagazine.com/news/morgan-stanley-sec-approval-bitcoin-etf,Morgan Stanley Files With SEC For Spot Bitcoin ETF,"2.17391304347826,3.3596837944664,1.18577075098814,4.54545454545455,22.7272727272727,0,468"
20260106161500,coindesk.com,https://www.coindesk.com/business/2026/01/05/buck-launches-bitcoin-linked-savings-coin-tied-to-michael-saylor-s-strategy,"'SavingsCoin' Buck (BUCK) aims for 7% yield, backed by Strategy shares","5.66037735849057,6.46900269541779,0.808625336927224,7.27762803234501,26.4150943396226,0.808625336927224,338"
20260106161500,newsbtc.com,https://www.newsbtc.com/press-releases/binance-referral-system-earn-crypto-rewards/,Binance Referral System 2026: Earn Up to $100 in Crypto Rewards,"7.15789473684211,8.63157894736842,1.47368421052632,10.1052631578947,16.2105263157895,1.26315789473684,426"
20260106161500,coindesk.com,https://www.coindesk.com/markets/2026/01/06/bnb-breaks-usd910-resistance-on-wider-crypto-market-rally-momentum,BNB breaks $910 resistance on wider crypto market rally momentum,"1.27659574468085,2.97872340425532,1.70212765957447,4.68085106382979,21.7021276595745,2.12765957446809,219"
20260106161500,coindesk.com,https://www.coindesk.com/markets/2026/01/06/largest-bitcoin-etf-inflow-in-three-months-signals-institutional-bid-is-back,Largest bitcoin ETF inflow in three months signals institutional bid is back,"-0.921658986175115,0.921658986175115,1.84331797235023,2.76497695852535,18.4331797235023,1.38248847926267,194"
20260106161500,coindesk.com,https://www.coindesk.com/markets/2026/01/06/morgan-stanley-eyes-the-spot-bitcoin-etf-market,"Morgan Stanley files for bitcoin and solana ETFs, deepening crypto push","2.15264187866928,2.93542074363992,0.782778864970646,3.71819960861057,26.027397260274,0.587084148727984,465"
20260106161500,coindesk.com,https://www.coindesk.com/markets/2026/01/06/this-metric-suggests-bitcoin-s-late-november-plunge-was-the-bottom-and-major-upside-lies-ahead,Bitcoin price analysis: BTC could have major upside according to one metric,"-0.955414012738854,1.59235668789809,2.54777070063694,4.14012738853503,23.8853503184713,0.955414012738854,277"
20260106161500,coindesk.com,https://www.coindesk.com/markets/2026/01/06/solana-memecoin-frenzy-sends-pumpswap-trading-volume-to-record-usd1-2-billion,Solana memecoin frenzy sends PumpSwap trading volume to record $1.2 billion,"0.224719101123595,2.02247191011236,1.79775280898876,3.82022471910112,24.4943820224719,0.674157303370786,394"
20260106161500,coindesk.com,https://www.coindesk.com/markets/2026/01/06/arthur-hayes-maelstrom-enters-2026-at-almost-maximum-risk-betting-on-altcoins,Arthur Hayes' Maelstrom enters 2026 at 'almost maximum risk' betting on altcoins,"-3.01075268817204,2.79569892473118,5.80645161290323,8.60215053763441,23.010752688172,1.0752688172043,424"
20260106161500,newsbtc.com,https://www.newsbtc.com/news/bitcoin/santiment-bitcoin-bulls-loading-up-as-whales-and-sharks-buy-the-dip/,Bitcoin Bulls Loading Up As Whales And Sharks Buy The Dip,"-1.80505415162455,2.16606498194946,3.97111913357401,6.13718411552347,23.4657039711191,0.36101083032491,495"
20260106150000,cointelegraph.com,https://cointelegraph.com/news/venezuela-shadow-60-billion-bitcoin-stash-verifiable-or-not,Venezuela's 'Shadow' 600K Bitcoin Stash: Verifiable Or Not?,"-1.22137404580153,1.6793893129771,2.90076335877863,4.58015267175572,21.8320610687023,0.610687022900763,596"
20260106150000,cointelegraph.com,https://cointelegraph.com/news/bitmex-pushes-24-7-stock-perps,BitMEX Has Launched Equity Perps for 24/7 Trading,"-0.31104199066874,2.17729393468118,2.48833592534992,4.6656298600311,17.7293934681182,1.08864696734059,582"
20260106150000,cointelegraph.com,https://cointelegraph.com/news/morgan-stanley-files-bitcoin-solana-etf,"Morgan Stanley Files For Bitcoin, Solana ETF With SEC","3.16205533596838,4.34782608695652,1.18577075098814,5.53359683794466,18.3794466403162,0.592885375494071,455"
20260106150000,cointelegraph.com,https://cointelegraph.com/news/telegram-revenue-2-billion-full-year-target-report,Telegram Sells $450M In Toncoin As Token Plunges: Report,"-1.66666666666667,1.04166666666667,2.70833333333333,3.75,18.3333333333333,0.208333333333333,429"
20260106150000,cointelegraph.com,https://cointelegraph.com/news/bitcoin-core-v30-wallet-bug-upgrade,Bitcoin Core v30 Bug Can Delete Files When Migrating Legacy Wallets,"-2.42085661080074,1.67597765363128,4.09683426443203,5.77281191806332,23.463687150838,0,488"
20260106150000,cointelegraph.com,https://cointelegraph.com/news/bitcoin-etfs-697m-second-trading-day-2026-clean-slate,Bitcoin ETFs Attract $697M in Second Trading Day of 2026,"1.4,3.2,1.8,5,20.6,0.2,443"
20260227161500,newsbtc.com,https://www.newsbtc.com/news/bitcoin/bitcoin-sell-off-slows-down-but-the-road-to-recovery-is-long-analyst/,"Bitcoin Sell-Off Slows Down, But The Road To Recovery Is Long -- Analyst","-0.732600732600732,1.83150183150183,2.56410256410256,4.3956043956044,29.1208791208791,0.183150183150183,479"
20260227161500,newsbtc.com,https://www.newsbtc.com/news/bitcoin/bitcoin-chart-points-below-4000/,"Expert Trader Who Correctly Predicted Bitcoin Top Just Shared A Chart Pointing Below $4,000","-1.37254901960784,1.96078431372549,3.33333333333333,5.29411764705882,25.0980392156863,0,463"
20260227161500,newsbtc.com,https://www.newsbtc.com/bitcoin-news/fidelity-bitcoin-leaving-80-crashes-behind/,Fidelity Thinks Bitcoin May Be Leaving Its 80% Crashes Behind,"-0.997506234413965,2.86783042394015,3.86533665835411,6.73316708229426,20.9476309226933,0.124688279301746,697"
20260227183000,cointelegraph.com,https://cointelegraph.com/news/bitcoin-to-30k-analysts-debate-when-what-price-btc-price-will-bottom,Here's Why Bitcoin Analysts Say BTC Market Will Bottom in Q4 2026,"-1.15511551155116,1.48514851485149,2.64026402640264,4.12541254125412,25.2475247524752,0.495049504950495,530"
20260227183000,cointelegraph.com,https://magazine.cointelegraph.com/bitcoin-price-manipulation-jane-street-bitcoiners-debate-cointelegraph/,Would Bitcoin really be at $200K if not for Jane Street? Trade Secrets,"-2.30607966457023,1.25786163522013,3.56394129979036,4.82180293501048,24.8427672955975,0.314465408805031,840"
20260227183000,cointelegraph.com,https://cointelegraph.com/news/south-korea-tax-office-leaked-wallet-seed,South Korea Tax Office Leaks Seed Phrase in Press Release,"-7.88863109048724,0.696055684454756,8.58468677494199,9.28074245939675,24.5939675174014,0.232018561484919,398"
20260227183000,cointelegraph.com,https://cointelegraph.com/news/bitcoin-threatens-new-breakdown-us-ppi-gold-1-month-high,US PPI Gives Bitcoin Bulls a New Headache Into the Monthly Close,"-1.84426229508197,2.25409836065574,4.0983606557377,6.35245901639344,19.2622950819672,1.4344262295082,438"
20260227183000,cointelegraph.com,https://cointelegraph.com/news/crypto-taxes-btc-stuck-70k-month-in-charts,"BTC Stuck Below $70K, Japan Inflation Below 2%: Month In Charts","-3.29256820319849,1.78739416745061,5.07996237064911,6.86735653809972,24.1768579492004,0.940733772342427,965"
20260227183000,cointelegraph.com,https://cointelegraph.com/news/how-the-eu-s-crypto-tax-rules-are-expected-to-work-for-users-and-platforms,How EU Crypto Tax Laws Are Set to Work in Practice,"-3.62095531587057,1.84899845916795,5.46995377503852,7.31895223420647,19.5685670261941,0.231124807395994,1198"
20260227183000,cointelegraph.com,https://cointelegraph.com/news/minnesota-ban-crypto-kiosks-scams,Minnesota to Weigh Ban on Crypto Kiosks after Scam Reports,"-3.57142857142857,1.27551020408163,4.8469387755102,6.12244897959184,21.1734693877551,1.78571428571429,366"
20260227183000,cointelegraph.com,https://cointelegraph.com/news/uk-gambling-watchdog-allow-crypto-payments-fca-framework,UK Gambling Watchdog May Allow Crypto Payments Under New FCA Framework,"-1.16822429906542,2.80373831775701,3.97196261682243,6.77570093457944,23.3644859813084,1.16822429906542,406"
20260227190000,bitcoinmagazine.com,https://bitcoinmagazine.com/news/mara-holdings-mara-jumps-after-1-71b,"MARA Stock Jumps After $1.71B Loss, Firm Pivots To AI","-0.968992248062016,1.35658914728682,2.32558139534884,3.68217054263566,22.2868217054264,0,459"
20260227171500,coindesk.com,https://www.coindesk.com/press-release/2026/02/27/bitmart-us-launches-full-u-s-operations-with-all-state-licensing-zero-fee-trading-and-complete-regulatory-compliance,"BitMart US Launches Full U.S. Operations with All-State Licensing, Zero-Fee Trading, and Complete Regulatory Compliance","3.47648261758691,4.9079754601227,1.43149284253579,6.33946830265849,18.4049079754601,3.68098159509202,444"
20260227181500,bitcoinmagazine.com,https://bitcoinmagazine.com/news/u-s-government-seizes-over-580-m-crypto,U.S. Government Seizes Over $580 Million In Crypto,"-8.81763527054108,1.20240480961924,10.0200400801603,11.2224448897796,19.2384769539078,0.200400801603206,433"
20260204231500,newsbtc.com,https://www.newsbtc.com/news/bitcoin/analyst-called-bitcoin-price-crash/,"This Analyst Called The Bitcoin Price Crash 4 Months Ago, But There's More","-3.18949343339587,1.68855534709193,4.8780487804878,6.56660412757974,22.5140712945591,0,477"
20260204231500,newsbtc.com,https://www.newsbtc.com/breaking-news-ticker/ripple-throws-weight-behind-hyperliquid-fueling-hypes-rally-toward-crucial-levels/,"Ripple Throws Weight Behind Hyperliquid, Fueling HYPE's Rally Toward Crucial Levels","1.07991360691145,3.02375809935205,1.9438444924406,4.96760259179266,25.0539956803456,0,430"
20260204231500,newsbtc.com,https://www.newsbtc.com/bitcoin-news/bitcoin-extended-coinbase-discount/,Bitcoin Shows Extended Coinbase Discount In Recent Market Data &#x2014; Here's What This Means,"0,3.36134453781513,3.36134453781513,6.72268907563025,24.7899159663866,0.420168067226891,438"
20260205000000,cointelegraph.com,https://cointelegraph.com/news/bitcoin-open-interest-falls-by-dollar55b-in-30-days-what-s-next-for-btc-price,$55B in BTC Futures Positions Unwound In 30 Days: Will Bitcoin Recover?,"-2.03442879499218,0.469483568075117,2.50391236306729,2.97339593114241,24.4131455399061,0,552"
20260205000000,cointelegraph.com,https://cointelegraph.com/news/cme-group-exploring-issuing-token,CME Group Weighs Issuing Proprietary Token for Collateral and Margin,"1.41342756183746,2.47349823321555,1.06007067137809,3.53356890459364,25.4416961130742,1.59010600706714,517"
20260205000000,cointelegraph.com,https://cointelegraph.com/news/spot-bitcoin-etf-outflows-total-2-9b-as-btc-price-drops-to-new-2026-low,"$2.9B Bitcoin ETF Outflow, Bearish Futures Data Project More BTC Downside","-6.60225442834138,0.966183574879227,7.56843800322061,8.53462157809984,21.256038647343,0.483091787439614,560"
20260218200000,coindesk.com,https://www.coindesk.com/coindesk-indices/2026/02/18/crypto-long-and-short-crypto-s-liquidity-mirage,Crypto Long & Short: Crypto's liquidity mirage,"-2.41411327762303,2.04271123491179,4.45682451253482,6.49953574744661,24.7910863509749,0.74280408542247,964"
20260218200000,coindesk.com,https://www.coindesk.com/markets/2026/02/18/bitcoin-volatile-but-flat-while-crypto-stocks-bounce-amid-cooling-ai-fears,"Bitcoin price news: BTC holding in tight range, but COIN, CRCL, IREN and RIOT enjoying gains","-3.14285714285714,1.71428571428571,4.85714285714286,6.57142857142857,18.5714285714286,0.857142857142857,315"
20260218200000,coindesk.com,https://www.coindesk.com/business/2026/02/18/bitcoin-miner-riot-platforms-stock-jumps-nearly-7-as-starboard-urges-ai-data-center-expansion,Riot stock jumps roughly 7% as Starboard pushes $1.6 billion AI data center shift,"-2.61096605744125,2.088772845953,4.69973890339426,6.78851174934726,28.7206266318538,0.783289817232376,338"
20260218200000,coindesk.com,https://www.coindesk.com/business/2026/02/18/bitwise-wants-to-list-prediction-markets-etfs-for-u-s-elections-in-2026-and-2028,Bitwise wants to list prediction markets ETFs for U.S. elections in 2026 and 2028,"2.41935483870968,2.82258064516129,0.403225806451613,3.2258064516129,14.5161290322581,1.20967741935484,230"
20260218200000,coindesk.com,https://www.coindesk.com/markets/2026/02/18/goldman-sachs-david-solomon-says-he-owns-very-little-bitcoin-but-watching-it-closely,Goldman Sachs' David Solomon says he owns 'very little' bitcoin,"-1.05263157894737,1.31578947368421,2.36842105263158,3.68421052631579,22.8947368421053,2.10526315789474,340"
20260218164500,cointelegraph.com,https://cointelegraph.com/magazine/bitcoin-7-years-upgrade-post-quantum-bip-360-co-author/,Bitcoin may take 7 years to upgrade to post-quantum: BIP-360 co-author,"-0.19588638589618,2.64446620959843,2.84035259549461,5.48481880509305,22.869735553379,0.734573947110676,1810"
20260218173000,newsbtc.com,https://www.newsbtc.com/news/bitcoin/bitcoin-may-gain-if-ai-job-losses-trigger-bank-stress-hayes-says/,"Bitcoin May Gain If AI Job Losses Trigger Bank Stress, Hayes Says","-2.9045643153527,2.69709543568465,5.60165975103734,8.29875518672199,31.3278008298755,0,440"
20260218173000,newsbtc.com,https://www.newsbtc.com/altcoin/bitcoin-falls-but-robert-kiyosaki-says-hes-excited-and-buys-more/,"Bitcoin Falls, But Robert Kiyosaki Says He's 'Excited' And Buys More","-3.26295585412668,3.6468330134357,6.90978886756238,10.5566218809981,32.6295585412668,0.959692898272553,475"
20260216174500,coindesk.com,https://www.coindesk.com/business/2026/02/16/harvard-cuts-bitcoin-exposure-by-20-adds-new-ether-position,"Harvard cuts bitcoin exposure by 20%, adds new ether position","1.48936170212766,2.97872340425532,1.48936170212766,4.46808510638298,20.2127659574468,0.638297872340425,425"
20260216174500,coindesk.com,https://www.coindesk.com/policy/2026/02/13/crypto-mining-can-help-energy-volatility-paradigm-says-to-u-s-policy-pushback,"Crypto mining can help energy volatility, Paradigm responds to policy onslaught","-0.649350649350649,1.73160173160173,2.38095238095238,4.11255411255411,19.9134199134199,0.865800865800866,428"
20260216174500,coindesk.com,https://www.coindesk.com/business/2026/02/16/from-wall-street-to-web3-this-is-crypto-s-year-of-integration-silicon-valley-bank-says,"From Wall Street to web3: 2026 is crypto's integration year, Silicon Valley Bank says","1.16009280742459,2.78422273781903,1.62412993039443,4.40835266821346,20.7269914926527,0.464037122969838,1129"
20260216174500,coindesk.com,https://www.coindesk.com/markets/2026/02/16/bitcoin-s-slide-may-signal-broader-market-trouble-and-a-u-s-recession-mike-mcglone-says,"Bitcoin's slide may signal broader market trouble and a U.S. recession, Mike McGlone says","-6.65467625899281,1.79856115107914,8.45323741007194,10.2517985611511,23.2014388489209,0.719424460431655,496"
20260216164500,cointelegraph.com,https://cointelegraph.com/news/when-will-crypto-clarity-act-law-pass,Timeline: When Will The CLARITY Act Pass?,"0.601503759398497,3.98496240601504,3.38345864661654,7.36842105263158,22.5563909774436,0.977443609022556,1229"
20260216164500,cointelegraph.com,https://cointelegraph.com/news/how-south-korea-is-using-ai-to-detect-crypto-market-manipulation,How South Korea Is Using AI to Detect Crypto Market Manipulation,"-4.34389140271493,3.34841628959276,7.69230769230769,11.0407239819005,22.4434389140272,0.271493212669683,1034"
20260216164500,cointelegraph.com,https://cointelegraph.com/news/nexo-relaunch-united-states,Nexo Relaunches Crypto Platform in the United States,"-0.1669449081803,3.33889816360601,3.50584307178631,6.84474123539232,23.2053422370618,3.17195325542571,548"
20260216164500,cointelegraph.com,https://cointelegraph.com/news/dalio-collapse-world-order-permissionless-money,Collapse of World Order Puts Permissionless Money in the Spotlight,"-3.18949343339587,2.6266416510319,5.81613508442777,8.44277673545966,23.4521575984991,0.187617260787992,487"
20260216164500,cointelegraph.com,https://cointelegraph.com/news/metaplanet-revenue-jumps-738-percent-bitcoin-generates-95-percent-revenue,Metaplanet Revenue Jumps 738% as Bitcoin Accounts for 95% of Income,"0,3.32541567695962,3.32541567695962,6.65083135391924,20.6650831353919,0.475059382422803,381"
20260216183000,newsbtc.com,https://www.newsbtc.com/ethereum-news/hyperunit-whale-dumps-500m-in-ethereum-as-massive-crypto-bet-turns-sour/,Hyperunit Whale Dumps $500M In Ethereum As Massive Crypto Bet Turns Sour,"-2.90519877675841,2.29357798165138,5.19877675840979,7.49235474006116,22.4770642201835,0,615"
20260216183000,newsbtc.com,https://www.newsbtc.com/analysis/xrp/xrp-historic-40-trend-appears/,Historic Trend That Led XRP To A Sharp 40% Trend Has Just Reappeared,"0.211864406779661,1.69491525423729,1.48305084745763,3.17796610169492,20.1271186440678,0.211864406779661,453"
20260216153000,bitcoinmagazine.com,https://bitcoinmagazine.com/news/harvard-trims-bitcoin-position,"Harvard Reduces Bitcoin Holdings In Q4, Picks Up Ethereum","-1.43540669856459,2.39234449760766,3.82775119617225,6.2200956937799,18.1818181818182,0,367"
20260220224500,newsbtc.com,https://www.newsbtc.com/breaking-news-ticker/bitcoin-and-ethereum-post-worst-start-to-a-year-on-record-fortune/,Bitcoin And Ethereum Post Worst Start To A Year On Record: Fortune,"-1.77777777777778,2.44444444444444,4.22222222222222,6.66666666666667,21.5555555555556,1.11111111111111,407"
20260220234500,coindesk.com,https://www.coindesk.com/markets/2026/02/20/bitcoin-shrugs-off-trump-s-new-tariffs-nears-usd68-000-as-altcoins-lead-modest-bounce,"Crypto price news: BTC unfazed by Trump tariff news; DOGE, SOL, ADA lead modest bounce","-1.63487738419619,2.45231607629428,4.08719346049046,6.53950953678474,20.9809264305177,1.36239782016349,324"
20260221013000,bitcoinmagazine.com,https://bitcoinmagazine.com/authors/nik?mab_v3=50650,Nik - Author Archives - Bitcoin Magazine,"5.40540540540541,5.40540540540541,0,5.40540540540541,16.2162162162162,0,28"
20260221013000,bitcoinmagazine.com,https://bitcoinmagazine.com/news/nakamoto-inc-naka-completes-acquisition-of-btc-inc-and-utxo-management,Nakamoto Inc. ($NAKA) Completes Acquisition Of BTC Inc. And UTXO Management,"3.11750599520384,3.35731414868106,0.239808153477218,3.59712230215827,13.6690647482014,1.19904076738609,353"
20260221014500,cointelegraph.com,https://cointelegraph.com/news/bitcoin-whales-participate-in-v-shaped-accumulation-offsetting-230k-btc-sell-off,Bitcoin Whales Rebuild Reserves With 236K BTC in 90-days,"-0.645161290322581,1.29032258064516,1.93548387096774,3.2258064516129,23.2258064516129,0,391"
20260126064500,cointelegraph.com,https://cointelegraph.com/news/institutional-investors-say-bitcoin-undervalued-coinbase-survey,Over 70% of Institutional Investors Say Bitcoin Undervalued,"-3.16455696202532,1.68776371308017,4.85232067510549,6.54008438818565,24.0506329113924,0.421940928270042,431"
20260126064500,cointelegraph.com,https://cointelegraph.com/news/cz-rules-out-binance-return-predicts-2026-bitcoin-supercycle,"CZ Won't Return to Binance, Bullish on Bitcoin Supercycle","-0.568181818181818,2.84090909090909,3.40909090909091,6.25,22.3484848484848,2.08333333333333,450"
20260126064500,cointelegraph.com,https://cointelegraph.com/news/gold-reaches-all-time-high-5k-diverging-bitcoin,Gold Hits Record High Over $5K As Bitcoin Falls Below $86K,"0.719424460431655,4.31654676258993,3.59712230215827,7.9136690647482,21.3429256594724,0.959232613908873,381"
20260126091500,newsbtc.com,https://www.newsbtc.com/analysis/solana-sol-slips-further-120/,Solana (SOL) Slips Further As Bears Target Deeper Support Zones,"0.243309002433091,3.89294403892944,3.64963503649635,7.54257907542579,30.4136253041363,0.24330900243309,389"
20260126091500,newsbtc.com,https://www.newsbtc.com/analysis/xrp/xrp-price-bearish-continuation-1-90/,XRP Price Bearish Continuation Confirmed As Downside Pressure Builds,"-1.05932203389831,2.11864406779661,3.17796610169492,5.29661016949153,29.6610169491525,0,445"
20260303163000,cointelegraph.com,https://cointelegraph.com/sponsored/one-platform-two-strategies-merging-everyday-crypto-investing-and-a-tax-advantaged-strategy,"One platform, two strategies: Merging everyday crypto investing and a tax-advantaged strategy","1.25,5.67307692307692,4.42307692307692,10.0961538461538,23.0769230769231,0.576923076923077,935"
20260303163000,cointelegraph.com,https://cointelegraph.com/news/strive-joe-burnett-ai-deflation-bitcoin-11m-2036-forecast,"AI-Driven Deflation Could Push Bitcoin To $11 Million By 2036, Strive Says","-1.6366612111293,3.60065466448445,5.23731587561375,8.8379705400982,22.9132569558101,0.490998363338789,551"
20260303163000,cointelegraph.com,https://cointelegraph.com/news/sanae-token-27m-japan-pm-denies-links-fsa-probe,Sanae Token Hits $27M Before Japan PM Denies Links,"-3.41463414634146,0.48780487804878,3.90243902439024,4.39024390243902,24.6341463414634,0.24390243902439,376"
20260303163000,cointelegraph.com,https://cointelegraph.com/press-releases/botwork-orange-capital-announces-launch-of-new-bitcoin-powered-venture-fund-for-the-machine-world,Botwork Orange Capital announces launch of new Bitcoin-powered venture fund for the Machine World,"0.964630225080386,4.34083601286174,3.37620578778135,7.71704180064309,22.3472668810289,0.160771704180064,543"
20260303163000,cointelegraph.com,https://cointelegraph.com/news/ai-driven-onchain-monitoring-300m-losses-bybit,Bybit Says AI Risk System Blocked $300M in Scam Withdrawals in Q4 2025,"-11.2637362637363,1.64835164835165,12.9120879120879,14.5604395604396,18.4065934065934,0,322"
20260303164500,coindesk.com,https://www.coindesk.com/daybook-us/2026/03/03/oil-shock-and-inflation-fears-drag-down-bitcoin,Oil shock and inflation fears drag down bitcoin :Crypto Daybook Americas,"-3.03030303030303,1.03473762010347,4.0650406504065,5.09977827050998,17.8861788617886,0.221729490022173,1149"
20260303164500,coindesk.com,https://www.coindesk.com/markets/2026/03/03/dollar-surge-pressures-crypto-and-gold-after-escalation-in-iran-conflict,Dollar surge pressures crypto and gold after escalation in Iran conflict: Crypto Markets Today,"-2.01207243460765,2.61569416498994,4.62776659959759,7.24346076458753,19.9195171026157,0,450"
20260303164500,coindesk.com,https://www.coindesk.com/markets/2026/03/03/bitcoin-attempting-to-make-a-stand-as-global-stock-markets-melt-down-on-iran-war,"Bitcoin price news: BTC rises to $68,000 as traditional markets tumble","-5.04731861198738,1.57728706624606,6.62460567823344,8.2018927444795,20.5047318611987,0,285"
20260303164500,coindesk.com,https://www.coindesk.com/markets/2026/03/03/end-of-bitcoin-hodl-public-miners-going-all-in-on-ai-signaling-more-btc-selling,"Over 15,000 BTC sold and more coming as public miners pivot to AI","-0.783699059561128,2.50783699059561,3.29153605015674,5.79937304075235,20.5329153605016,0.156739811912226,579"
20260303164500,coindesk.com,https://www.coindesk.com/markets/2026/03/02/bitcoin-could-slide-further-on-liquidity-squeeze-but-long-term-bull-case-intact-sygnum-cio,"Bitcoin price analysis: BTC long-term bull case remains, says Fabian Dori","-3.83480825958702,3.24483775811209,7.07964601769912,10.3244837758112,24.4837758112094,0.491642084562439,893"
20260303164500,coindesk.com,https://www.coindesk.com/business/2026/03/03/here-is-why-harvard-trimmed-bitcoin-and-bought-ether-and-why-the-move-is-bullish-for-crypto,Inside the Harvard's crypto play: Why the endowment is swapping bitcoin for ethereum ETFs,"-1.04408352668213,2.55220417633411,3.59628770301624,6.14849187935035,22.737819025522,0,796"
20260303143000,newsbtc.com,https://www.newsbtc.com/analysis/xrp/xrp-over-bitcoin-ethereum/,Why XRP Is Being Hailed As The Top Trade Over Bitcoin And Ethereum,"-0.836820083682008,0.418410041841004,1.25523012552301,1.67364016736402,17.3640167364017,0,428"
20260303143000,newsbtc.com,https://www.newsbtc.com/news/bitcoin/bitcoin-coiling-at-key-support/,Bitcoin Coiling At Key Support &#x2014; Major Move Brewing,"3.48360655737705,4.71311475409836,1.22950819672131,5.94262295081967,21.9262295081967,0,456"
20260303143000,newsbtc.com,https://www.newsbtc.com/news/bitcoin/bitcoin-harmonic-oscillator-100/,Bitcoin Harmonic Oscillator Hits The Floor With A 100% Historical Win Rate That BTC Price Will Double,"-0.596421471172962,2.78330019880716,3.37972166998012,6.16302186878728,23.4592445328032,0,468"
20260130064500,coindesk.com,https://www.coindesk.com/markets/2026/01/30/here-s-why-fed-contender-kevin-warsh-is-seen-as-bearish-for-bitcoin,Here's why Fed contender Kevin Warsh is seen as bearish for bitcoin,"-6.42978003384095,1.35363790186125,7.7834179357022,9.13705583756345,23.6886632825719,0.676818950930626,556"
20260130064500,coindesk.com,https://www.coindesk.com/markets/2026/01/30/bitcoin-options-flash-troubling-signs-as-dvol-spikes-most-since-november,"Bitcoin price prediction: BTC options flash troubling signs as traders eye $70,000","-5.38116591928251,1.34529147982063,6.72645739910314,8.07174887892377,22.8699551569507,0.672645739910314,403"
20260130044500,newsbtc.com,https://www.newsbtc.com/analysis/xrp/xrp-price-breakdown-1-80/,XRP Price Breakdown Accelerates &#x2014; Can Support Absorb The Shock?,"-1.07066381156317,2.14132762312634,3.21199143468951,5.35331905781585,29.7644539614561,0,432"
20260130044500,newsbtc.com,https://www.newsbtc.com/analysis/eth/ethereum-price-dumps-to-2700/,"Ethereum Price Dumps To $2,700, Bulls Scramble To Defend Support","-1.53508771929825,2.41228070175439,3.94736842105263,6.35964912280702,28.7280701754386,0,418"
20260130044500,newsbtc.com,https://www.newsbtc.com/analysis/btc/bitcoin-price-10-tumble-80k/,Bitcoin Price 10% Tumble Sparks Fears Of $80K Give-Way,"-0.437636761487965,2.40700218818381,2.84463894967177,5.25164113785558,27.7899343544858,0,407"
20260130044500,newsbtc.com,https://www.newsbtc.com/bitcoin-news/bitcoin-money-of-ai-economy-cryptoquant-ceo/,Bitcoin Is The Money Of The AI-Economy: CryptoQuant CEO,"-2.1356783919598,2.26130653266332,4.39698492462312,6.65829145728643,21.105527638191,0.125628140703518,705"
20260130054500,cointelegraph.com,https://cointelegraph.com/news/blackrock-buidl-helps-avalanche-tokenization-value-q4,Avalanche Tokenization Value Rises to $1.3b in 2025,"-2.68292682926829,0.975609756097561,3.65853658536585,4.63414634146341,20,0.24390243902439,361"
20260130054500,cointelegraph.com,https://cointelegraph.com/news/bitcoin-falls-to-81k-causing-billions-in-liquidations,"Bitcoin Crashes To Nine-Month Low On Tariffs, Liquidations","-3.02325581395349,2.32558139534884,5.34883720930233,7.67441860465116,21.8604651162791,1.16279069767442,386"
20260130054500,cointelegraph.com,https://cointelegraph.com/news/trump-tipped-to-name-kevin-warsh-next-fed-chair,Trump Set to Name Kevin Warsh Next Fed Chair: Report,"0.286532951289399,2.57879656160458,2.29226361031519,4.87106017191977,23.7822349570201,1.14613180515759,321"
20260130054500,cointelegraph.com,https://cointelegraph.com/news/bybit-slow-steady-comeback-after-2025-hack-coingecko,Bybit Rebounds After Hack as Crypto Trading Volumes Climb in 2025,"-1.84049079754601,1.84049079754601,3.68098159509202,5.52147239263804,19.0184049079755,0,423"
20260130054500,cointelegraph.com,https://cointelegraph.com/news/ethereum-dao-hack-fund-security-initiative-griff-green,Unclaimed ETH From The DAO Hack To Be Used For Security Fund,"0.990099009900991,3.21782178217822,2.22772277227723,5.44554455445545,26.2376237623762,0.99009900990099,370"
20260205183000,newsbtc.com,https://www.newsbtc.com/breaking-news-ticker/bitcoin-crashes-below-67000-as-stifel-warns-of-potential-drop-to-38000/,"Bitcoin Crashes Below $67,000 As Stifel Warns Of Potential Drop To $38,000","-4.06320541760722,0.225733634311512,4.28893905191874,4.51467268623025,21.6704288939052,0.451467268623025,405"
20260205183000,newsbtc.com,https://www.newsbtc.com/analysis/xrp/xrp-revisited-october-10-lows/,What Happens Now That The XRP Price Has Revisited The October 10 Lows?,"-2.85132382892057,1.0183299389002,3.86965376782077,4.88798370672098,22.1995926680244,0,460"
20260205184500,cointelegraph.com,https://cointelegraph.com/magazine/big-questions-sell-bitcoin-nickels-5-cent-coin-metals-profit/,Big questions: Should you sell your Bitcoin for nickels for a 43% profit?,"-2.64681555004136,1.0752688172043,3.72208436724566,4.79735318444996,23.1596360628619,0.992555831265509,1043"
20260205184500,cointelegraph.com,https://cointelegraph.com/news/ether-slips-below-dollar2k-as-eth-holder-confidence-faces-major-stress-test,"ETH Falls Under $2K, But Whales Accumulate as Retail Traders Capitulate","-3.1404958677686,0.165289256198347,3.30578512396694,3.47107438016529,23.4710743801653,0,512"
20260205184500,cointelegraph.com,https://cointelegraph.com/news/three-signs-bitcoin-price-near-full-capitulation,"Here's Why Bitcoin Analysts Say BTC Market Has Entered ""Full Capitulation""","-6.63841807909605,1.12994350282486,7.7683615819209,8.89830508474576,25.4237288135593,0.282485875706215,626"
20260205184500,cointelegraph.com,https://cointelegraph.com/news/bitcoin-price-may-drop-below-64k-veteran-campaign-selling,Bitcoin May Drop Below $64K as Veteran Raises 'Campaign Selling' Alarm,"-2.52873563218391,0.919540229885057,3.44827586206897,4.36781609195402,24.1379310344828,0.689655172413793,401"
20260205170000,bitcoinmagazine.com,https://bitcoinmagazine.com/markets/bitcoin-price-crashes-to-69000,"Bitcoin Price Crashes To $69,000 As Crypto Panic Spreads","-4.26997245179063,1.65289256198347,5.92286501377411,7.57575757575758,20.3856749311295,0,635"
20260205170000,bitcoinmagazine.com,https://bitcoinmagazine.com/markets/bitcoin-falls-over-59000-in-large-dip,"Bitcoin Falls Over $59,000 In Largest Drawdown Ever","-6.35964912280702,1.53508771929825,7.89473684210526,9.42982456140351,18.4210526315789,0,396"
20260205170000,bitcoinmagazine.com,https://bitcoinmagazine.com/news/sdm-executes-1-million-lightning-kraken,SDM Executes $1 Million Lightning Network Payment To Kraken,"-4.21545667447307,2.34192037470726,6.55737704918033,8.89929742388759,20.6088992974239,0.234192037470726,378"
20260205170000,bitcoinmagazine.com,https://bitcoinmagazine.com/news/virginia-advances-bill-for-bitcoin-fund,Virginia Lawmakers Advance Bill For A State Bitcoin Fund,"3.53130016051364,5.29695024077047,1.76565008025682,7.06260032102729,24.0770465489567,0,559"
20260203173000,bitcoinmagazine.com,https://bitcoinmagazine.com/news/smarter-web-company-listed-on-london,Bitcoin-Treasury Smarter Web Company Debuts On LSE,"3.24675324675325,4.97835497835498,1.73160173160173,6.70995670995671,23.5930735930736,0,440"
20260203173000,bitcoinmagazine.com,https://bitcoinmagazine.com/news/ing-opens-retail-access-to-bitcoin-etps,ING Deutschland Opens Retail Access To Bitcoin ETPs,"-1.34831460674157,2.24719101123596,3.59550561797753,5.84269662921348,19.5505617977528,0,403"
20260203173000,bitcoinmagazine.com,https://bitcoinmagazine.com/news/tether-launches-open-bitcoin-mining-system,Tether Launches Open-Source Bitcoin Mining Operating System,"1.36054421768707,2.72108843537415,1.36054421768707,4.08163265306122,22.4489795918367,0,394"
20260203160000,cointelegraph.com,https://cointelegraph.com/news/bitcoin-reflation-bets-diverge-after-us-pmi-breaks-three-year-resistance,Bitcoin Analysts Disagree Over Reflation Trade After PMI Overshoot,"-0.686106346483705,1.88679245283019,2.57289879931389,4.45969125214408,20.5831903945111,1.71526586620926,524"
20260203160000,cointelegraph.com,https://cointelegraph.com/news/spanish-red-cross-launches-redchain-privacy-blockchain,Spanish Red Cross Rolls Out RedChain for Private Donations,"3.55329949238579,4.90693739424704,1.35363790186125,6.26057529610829,20.4737732656514,0.338409475465313,546"
20260203160000,cointelegraph.com,https://cointelegraph.com/news/suspicious-projects-outpublish-legitimate-crypto-press,"'High Risk' Projects Dominate Crypto Press Releases, Report Finds","-4.4350580781415,1.68954593453009,6.12460401267159,7.81414994720169,27.3495248152059,0.527983104540655,857"
20260203160000,cointelegraph.com,https://cointelegraph.com/news/xapo-bitcoin-backed-loans-long-term-planning-2025,Xapo Bank Data Shows Bitcoin-Backed Loans Skew Long-Term,"1.4018691588785,2.57009345794392,1.16822429906542,3.73831775700935,26.6355140186916,0.700934579439252,379"
20260203160000,cointelegraph.com,https://cointelegraph.com/news/epstein-files-3-2m-coinbase-investment-2014,Epstein Files Point To $3.2M Coinbase Investment In 2014,"-0.562851782363977,1.68855534709193,2.25140712945591,3.93996247654784,17.6360225140713,2.25140712945591,478"
20260203160000,cointelegraph.com,https://cointelegraph.com/press-releases/matrixdock-releases-2026-outlook-on-reserve-grade-assets-in-on-chain-finance,Matrixdock releases 2026 Outlook on reserve-grade assets in on-chain finance,"5.5045871559633,5.81039755351682,0.305810397553517,6.11620795107034,18.6544342507645,0,286"
20260203160000,cointelegraph.com,https://cointelegraph.com/news/bitcoin-traders-explain-why-btc-price-rebound-toward-85k,Bitcoin Traders Bet on Price Rebound as BTC Eyes $85K Liquidity Grab,"0,2.09677419354839,2.09677419354839,4.19354838709677,25.9677419354839,0.32258064516129,559"
20260203151500,coindesk.com,https://www.coindesk.com/daybook-us/2026/02/03/bitcoin-bulls-forget-the-official-stats-u-s-inflation-is-crashing-in-real-time,"BTC price bulls, forget the official stats, U.S. inflation is crashing: Crypto Daybook Americas","0.337837837837838,1.95945945945946,1.62162162162162,3.58108108108108,17.3648648648649,0.405405405405405,1308"
20260203151500,coindesk.com,https://www.coindesk.com/markets/2026/02/03/moscow-exchange-to-add-sol-xrp-and-trx-futures-contracts-to-crypto-derivatives-lineup,"Moscow Exchange to add SOL, XRP, and TRX futures contracts to crypto derivatives lineup","-0.606060606060606,1.81818181818182,2.42424242424242,4.24242424242424,21.5151515151515,0.909090909090909,297"
20260203151500,coindesk.com,https://www.coindesk.com/markets/2026/02/03/galaxy-digital-shares-plunge-over-6-in-pre-market-over-usd482-million-q4-loss,Galaxy Digital (GLXY) earnings news: Shares drop after Q4 results,"-0.815217391304348,2.17391304347826,2.98913043478261,5.16304347826087,15.7608695652174,0.815217391304348,237"
20260203151500,coindesk.com,https://www.coindesk.com/markets/2026/02/03/strategy-slides-toward-eighth-straight-monthly-decline,Shares of Michael Saylor's Strategy (MSTR) slide toward eighth straight monthly decline,"-2.56410256410256,1.46520146520147,4.02930402930403,5.49450549450549,25.2747252747253,1.0989010989011,249"
20260203151500,coindesk.com,https://www.coindesk.com/markets/2026/02/03/bitwise-argues-crypto-is-near-the-end-of-a-brutal-winter,Bitwise argues crypto is near the end of a brutal winter,"-2.68714011516315,3.83877159309021,6.52591170825336,10.3646833013436,23.2245681381958,0.575815738963532,478"
20260203151500,coindesk.com,https://www.coindesk.com/markets/2026/02/03/bitcoin-holds-key-support-as-extreme-fear-grips-traders-crypto-markets-today,Altcoins bounce from oversold levels despite broader market caution: Crypto Markets Today,"-3.01003344481605,2.0066889632107,5.01672240802676,7.02341137123746,25.2508361204013,0.501672240802676,532"
20260227111500,newsbtc.com,https://www.newsbtc.com/news/bitcoin/why-the-bitcoin-price-may-have-hit-rock-bottom-already-at-63000/,"Why The Bitcoin Price May Have Hit Rock Bottom Already At $63,000","-3.81165919282511,0.224215246636771,4.03587443946188,4.26008968609865,30.2690582959641,0,418"
20260227111500,newsbtc.com,https://www.newsbtc.com/xrp-news/xrp-triangle-support-between-0-60-and-0-90/,XRP Triangle Could Point To Support Between $0.60 And $0.90,"-0.214132762312634,1.71306209850107,1.9271948608137,3.64025695931478,26.7665952890792,0,439"
20260112180000,cointelegraph.com,https://cointelegraph.com/news/standard-chartered-crypto-prime-brokerage-plans,"Standard Chartered Said to Launch Crypto Brokerage, Lowers ETH Forecasts","0.225733634311512,1.35440180586907,1.12866817155756,2.48306997742664,18.961625282167,0.225733634311512,400"
20260112180000,cointelegraph.com,https://cointelegraph.com/news/bitcoin-loses-to-gold-debasement-trade-with-btc-2-year-lows-analyst,Analysis: 'Book Closed' On Bitcoin Vs. Gold Debasement Trade,"-1.5695067264574,3.36322869955157,4.93273542600897,8.29596412556054,23.542600896861,0.896860986547085,416"
20260112180000,cointelegraph.com,https://cointelegraph.com/press-releases/coinup-released-its-2025-report-from-growth-to-compliance-for-tier-2-exchanges,CoinUp released its 2025 report: From growth to compliance for tier-2 exchanges,"4.35323383084577,5.59701492537313,1.24378109452736,6.8407960199005,21.5174129353234,0,684"
20260112180000,cointelegraph.com,https://cointelegraph.com/news/world-liberty-financial-crypto-lending-usd1-stablecoin,World Liberty Financial Enters Crypto Lending with USD1 Stablecoin,"0.911854103343465,4.25531914893617,3.3434650455927,7.59878419452887,24.3161094224924,0.911854103343465,303"
20260112180000,cointelegraph.com,https://cointelegraph.com/news/ethereum-set-for-95-percent-copycat-rally-against-bitcoin,Ethereum Prints Copycat 95% Rally Setup Against Bitcoin,"-1.12994350282486,2.54237288135593,3.67231638418079,6.21468926553672,19.2090395480226,0,330"
20260112180000,cointelegraph.com,https://cointelegraph.com/news/bitgo-custody-launches-ipo-201-million,BitGo Launches IPO Targeting $1.96B Valuation,"0.60790273556231,0.911854103343465,0.303951367781155,1.21580547112462,23.7082066869301,0.911854103343465,295"
20260112180000,cointelegraph.com,https://cointelegraph.com/news/strategy-adds-13627-bitcoin-1-25b-buy-2026,"Strategy Buys $1.25B in Bitcoin as Holdings Near 690,000 BTC","2.22222222222222,3.45679012345679,1.23456790123457,4.69135802469136,20.9876543209877,0,355"
20260112180000,cointelegraph.com,https://cointelegraph.com/news/charles-hoskinson-doubts-clarity-act-urges-david-sacks-exit,"'American Crypto' Doesn't Exist, Cardano Founder Says","-0.408997955010225,4.29447852760736,4.70347648261759,8.99795501022495,23.721881390593,2.45398773006135,440"
20260112174500,newsbtc.com,https://www.newsbtc.com/analysis/xrp/xrps-99-crash-ripples-blockchain/,XRP's 99% Crash: What's Really Going On With Ripple's Blockchain?,"-1.77865612648221,1.38339920948617,3.16205533596838,4.54545454545455,20.3557312252964,0,453"
20260112174500,newsbtc.com,https://www.newsbtc.com/news/solana/solana-jumps-network-adoption-remains-weak/,"Solana Price Jumps, But Network Adoption Remains Weak","0.560747663551402,1.68224299065421,1.1214953271028,2.80373831775701,25.0467289719626,0,507"
20260112174500,bitcoinmagazine.com,https://bitcoinmagazine.com/featured/strategy-mstr-buys-13627-bitcoin,"Strategy ($MSTR) Just Spent $1.25 Billion On 13,627 Bitcoin","0.146842878120411,3.67107195301028,3.52422907488987,7.19530102790015,19.3832599118943,0,601"
20260302150000,newsbtc.com,https://www.newsbtc.com/news/bitcoin/expert-flags-bitcoin-buy-signal/,"CMT-Certified Expert Flags Bitcoin Buy Signal, Is It Time To Go All In On BTC?","0.201207243460764,2.01207243460765,1.81086519114688,3.82293762575453,27.9678068410463,0,469"
20260302150000,newsbtc.com,https://www.newsbtc.com/news/bitcoin/blood-moon-affecting-bitcoin/,"Blood Moon Affecting Bitcoin Price? Why A Surge Above $100,000 Could Be Coming","-0.628930817610063,0.628930817610063,1.25786163522013,1.88679245283019,27.2536687631027,0,442"
20260302150000,newsbtc.com,https://www.newsbtc.com/bitcoin-news/bitcoin-sentiment-wall-street-negative-galaxy-thorn/,Bitcoin Sentiment On Wall Street Turned Negative: Galaxy's Thorn,"-3.17241379310345,2.48275862068966,5.6551724137931,8.13793103448276,26.4827586206897,1.51724137931034,636"
20260302164500,coindesk.com,https://www.coindesk.com/business/2026/03/02/south-korea-investigates-seed-phrase-leak-in-photo-leading-to-usd4-8-million-crypto-theft-from-tax-authority,South Korea probes $4.8 million crypto theft after tax seizure photo blunder,"-7.71604938271605,0.617283950617284,8.33333333333333,8.95061728395062,22.2222222222222,0.308641975308642,300"
20260302164500,coindesk.com,https://www.coindesk.com/daybook-us/2026/03/02/battered-bitcoin-could-find-solace-in-war-led-debasement-trade,Battered BTC price could find solace in 'debasement' trade: Crypto Daybook Americas,"-1.80475799835931,1.4766201804758,3.28137817883511,4.75799835931091,17.8014766201805,0,1052"
20260302164500,coindesk.com,https://www.coindesk.com/policy/2026/03/02/turkey-s-ruling-party-unveils-10-crypto-income-tax-proposal,Turkey's ruling party unveils 10% crypto income tax proposal,"-6.59340659340659,0.732600732600733,7.32600732600733,8.05860805860806,25.6410256410256,0,248"
20260302164500,coindesk.com,https://www.coindesk.com/markets/2026/03/02/bitcoin-surges-above-usd68-000-amid-muted-stock-market-reaction-to-iran-war,"Bitcoin price news: BTC takes aim at $69,000 as stocks shrug off Iran strikes","-0.964630225080386,1.60771704180064,2.57234726688103,4.18006430868167,15.7556270096463,0.321543408360129,279"
20260302164500,coindesk.com,https://www.coindesk.com/business/2026/03/02/bitmine-boosts-ether-holdings-to-4-47m-tokens-after-usd98m-eth-purchase,Bitcoin miner turned Ethereum treasury firm stakes over $6B in ETH as BMNR shares slide and ether dips.,"2.92682926829268,3.41463414634146,0.48780487804878,3.90243902439024,21.9512195121951,1.46341463414634,181"
20260302164500,coindesk.com,https://www.coindesk.com/markets/2026/03/02/anthony-pompliano-s-procap-financial-buys-450-bitcoin-steps-up-share-buybacks,"Anthony Pompliano's ProCap Financial buys 450 BTC, steps up share buybacks","1.01522842639594,1.52284263959391,0.50761421319797,2.03045685279188,23.8578680203046,1.01522842639594,178"
20260302164500,coindesk.com,https://www.coindesk.com/business/2026/03/02/iranian-crypto-outflows-jump-700-minutes-after-airstrikes-elliptic-says,"Iranian crypto outflows jump 700% minutes after airstrikes, Elliptic says","-3.35429769392034,1.46750524109015,4.82180293501048,6.28930817610063,16.7714884696017,0,425"
20260302164500,coindesk.com,https://www.coindesk.com/markets/2026/03/02/strategy-purchased-more-than-usd200-million-in-bitcoin-last-week,"Michael Saylor's MSTR added 3,015 BTC for $204.1 million","0,1.72413793103448,1.72413793103448,3.44827586206897,18.9655172413793,0,106"
20260101124500,cointelegraph.com,https://cointelegraph.com/news/tether-buys-another-8-888-btc,"Tether Snaps up Another 8,888 BTC, Now Fifth-Largest Bitcoin Wallet","1.5,3.5,2,5.5,22.5,0.25,341"
20260101141500,newsbtc.com,https://www.newsbtc.com/altcoin/crypto-etfs-defy-the-pullback-with-32-billion-in-fresh-investor-cash/,Crypto ETFs Defy The Pullback With $32 Billion In Fresh Investor Cash,"0.65359477124183,2.17864923747277,1.52505446623094,3.7037037037037,18.082788671024,0.65359477124183,407"
20260101141500,newsbtc.com,https://www.newsbtc.com/news/bitcoin/bitcoin-could-be-setting-up-a-comeback-vs-gold-analyst-suggests/,"Bitcoin Could Be Setting Up A Comeback Vs. Gold, Analyst Suggests","2.32558139534884,5.23255813953488,2.90697674418605,8.13953488372093,24.2248062015504,0.193798449612403,459"
20260101131500,coindesk.com,https://www.coindesk.com/markets/2026/01/01/how-crypto-s-promised-year-end-fireworks-turned-into-a-bloodbath,How the $19 billion crypto crash broke the 2025 bitcoin (BTC) narrative,"-1.06644790812141,3.11730926989336,4.18375717801477,7.30106644790812,21.4109926168991,0.246103363412633,1106"
20260101131500,coindesk.com,https://www.coindesk.com/markets/2026/01/01/strategy-shares-register-first-six-month-losing-streak-since-adoption-of-bitcoin-strategy-in-2020,"Strategy shares dropped nearly 50% in 2025, far outpacing bitcoin's decline","0.245098039215686,2.94117647058824,2.69607843137255,5.63725490196078,18.8725490196078,0.735294117647059,358"
20260113033000,bitcoinmagazine.com,https://bitcoinmagazine.com/news/sec-chair-on-rumored-venezuelan-bitcoin,Rumored Venezuelan Bitcoin Fate 'Remains To Be Seen': SEC,"-0.226757369614512,3.40136054421769,3.6281179138322,7.02947845804989,18.140589569161,0,402"
20260113033000,cointelegraph.com,https://cointelegraph.com/news/trump-wants-tech-giants-pay-their-own-way-electricity-demand-soars,Trump: Tech Giants Must Pay Their Own Data Center Power Bills,"0.424628450106157,1.48619957537155,1.06157112526539,2.54777070063694,24.203821656051,1.48619957537155,428"
20260113033000,cointelegraph.com,https://cointelegraph.com/news/bitcoin-shows-strength-as-us-doj-mulls-fed-chair-investigation-will-btc-price-hold,Bitcoin Strength Under Question As DOJ Fed Probe Looms,"-1.18421052631579,3.42105263157895,4.60526315789474,8.02631578947368,22.3684210526316,1.44736842105263,691"
20260121113000,newsbtc.com,https://www.newsbtc.com/bitcoin-news/tom-lee-bitcoin-250000-warns-2026-gets-jagged/,Tom Lee Still Sees Bitcoin At $250k But Warns 2026 Gets 'Jagged',"-1.26404494382023,3.08988764044944,4.35393258426966,7.4438202247191,22.1910112359551,0.561797752808989,634"
20260121120000,cointelegraph.com,https://cointelegraph.com/news/nansen-autonomous-ai-crypto-trading-base-solana,"Nansen Debuts Autonomous AI Crypto Trading On Base, Solana","3.17757009345794,4.11214953271028,0.934579439252336,5.04672897196262,20.5607476635514,0.560747663551402,481"
20260121120000,cointelegraph.com,https://cointelegraph.com/news/can-bitcoin-regain-90k-bulls-risk-long-term-holders-selling,Bitcoin Drops Below $90K On Whale and Long-Term Holder Selling Pressure.,"-1.5177065767285,1.5177065767285,3.035413153457,4.5531197301855,23.7774030354132,0.168634064080944,511"
20260121120000,cointelegraph.com,https://cointelegraph.com/news/bitcoin-fills-new-year-cme-gap-sub-88k-btc-price-dip,"Bitcoin Closes $88,000 CME Gap as it Wipes 2026 Gains","0,1.08695652173913,1.08695652173913,2.17391304347826,24.3478260869565,0.434782608695652,405"
20260129161500,bitcoinmagazine.com,https://bitcoinmagazine.com/markets/bitcoin-price-crashes-5-to-85k,"Bitcoin Price Crashes 6% To $84,000 In Sharp Sell-Off","-4.75161987041037,1.72786177105832,6.47948164146868,8.207343412527,20.3023758099352,0,411"
20260129161500,bitcoinmagazine.com,https://bitcoinmagazine.com/news/russia-to-roll-out-bitcoin-and-crypto,"Russia To Roll Out Bitcoin, Crypto Rules In July","-1.81086519114688,2.21327967806841,4.02414486921529,6.2374245472837,23.3400402414487,0.201207243460765,462"
20260129161500,bitcoinmagazine.com,https://bitcoinmagazine.com/news/metaplanet-raises-137-million-to-buy-btc,Metaplanet Raises $137 Million To Buy Bitcoin And Pay Debts,"-0.186915887850468,2.42990654205607,2.61682242990654,5.04672897196262,21.4953271028037,0,475"
20260129163000,coindesk.com,https://www.coindesk.com/daybook-us/2026/01/29/bitcoin-s-no-gold-and-it-s-falling-short-for-payments-too,"BTC's not gold, and it's falling short for payments, too: Crypto Daybook Americas","0.224719101123596,1.87265917602996,1.64794007490637,3.52059925093633,16.4044943820225,0.299625468164794,1156"
20260129163000,coindesk.com,https://www.coindesk.com/business/2026/01/29/sygnum-bank-and-starboard-raise-over-750-btc-for-market-neutral-bitcoin-yield-fund,Sygnum's new bitcoin fund pulls in $65 million from investors looking for steady yield,"2.1978021978022,2.93040293040293,0.732600732600733,3.66300366300366,24.1758241758242,1.0989010989011,251"
20260129163000,coindesk.com,https://www.coindesk.com/business/2026/01/29/dubai-sees-first-insurance-firm-issued-crypto-wallet-for-premiums-and-claims,Dubai Insurance offers a crypto wallet so you can pay premiums and collect claims in bitcoin,"2.07612456747405,2.07612456747405,0,2.07612456747405,16.6089965397924,1.3840830449827,276"
20260129163000,coindesk.com,https://www.coindesk.com/policy/2026/01/29/russia-to-roll-out-crypto-market-rules-by-2027-rules-out-bitcoin-and-ether-as-legal-tender,"Russia plans to cap retail crypto buys at $4,000 as it brings digital assets into the legal fold","-1.96560196560197,1.71990171990172,3.68550368550369,5.40540540540541,23.8329238329238,1.71990171990172,376"
20260129163000,coindesk.com,https://www.coindesk.com/markets/2026/01/29/crypto-markets-today-largest-tokens-decline-with-derivatives-signaling-caution-ahead,"Crypto Markets Today: Largest tokens decline, with derivatives signaling caution ahead","-1.51975683890578,2.73556231003039,4.25531914893617,6.99088145896657,22.644376899696,0.60790273556231,592"
20260129163000,coindesk.com,https://www.coindesk.com/tech/2026/01/29/bitcoin-s-quantum-threat-is-real-but-distant-says-wall-street-analyst-as-debate-rages-on,"Bitcoin's Quantum threat is 'real but distant,' says Wall Street analyst as doomsday debate rages on","-4.2674253200569,2.98719772403983,7.25462304409673,10.2418207681366,23.1863442389758,0.568990042674253,643"
20260129163000,coindesk.com,https://www.coindesk.com/markets/2026/01/29/bitcoin-tumbles-to-2026-low-of-usd85-200-as-gold-reverses-big-gains-microsoft-leads-nasdaq-lower,"Bitcoin price news: BTC falls back to $85,200 alongside selloffs in stocks and precious metals","-3.48837209302326,1.74418604651163,5.23255813953488,6.97674418604651,18.3139534883721,0.872093023255814,303"
20260129163000,coindesk.com,https://www.coindesk.com/markets/2026/01/29/gold-in-extreme-greed-sentiment-as-it-adds-the-entire-bitcoin-market-cap-in-one-day,"Gold in ""extreme greed"" sentiment as it adds the entire bitcoin market cap in one day","-2.06896551724138,2.75862068965517,4.82758620689655,7.58620689655172,29.4252873563218,0.689655172413793,390"
20260129153000,cointelegraph.com,https://cointelegraph.com/news/metaplanet-137m-overseas-raise-bitcoin-debt,Metaplanet Greenlights $137M Overseas Capital Raise,"1.82232346241458,3.18906605922551,1.36674259681093,4.55580865603645,20.9567198177677,0.227790432801822,387"
20260129153000,cointelegraph.com,https://cointelegraph.com/news/bitcoin-vs-gold-key-differences-that-could-position-btc-for-a-big-rally,Bitcoin Could Catch Up to Gold's Rally Due to These Key Differences,"2.98850574712644,5.74712643678161,2.75862068965517,8.50574712643678,22.5287356321839,0,386"
20260129153000,cointelegraph.com,https://cointelegraph.com/news/citrea-bitcoin-rollup-is-stress-testing-block-space,"Citrea Bitcoin Rollup Launches Mainnet, ctUSD Stablecoin","-2.6865671641791,2.08955223880597,4.77611940298508,6.86567164179105,20,0.746268656716418,586"
20260129153000,cointelegraph.com,https://cointelegraph.com/news/single-bitcoin-entity-keeping-btc-price-suppressed-below-90k-analysis,"Bitcoin Risks a Trip to ""Bearadise"" at the Hands of a Manipulative Entity","-1.82555780933063,1.21703853955375,3.04259634888438,4.25963488843813,29.0060851926978,0.202839756592292,462"
20260129153000,cointelegraph.com,https://cointelegraph.com/news/bitcoin-price-rejected-at-90k-again-what-will-trigger-breakout,Analysts Say This Must Happen for Bitcoin to Take Out $90K Resistance,"-0.548446069469835,2.37659963436929,2.92504570383912,5.30164533820841,25.0457038391225,0.182815356489945,474"
20260119131500,cointelegraph.com,https://cointelegraph.com/news/crypto-funds-billion-inflows-bitcoin-dominance,Bitcoin Drives Crypto ETP Inflows Above $2 Billion: CoinShares,"0,1.21212121212121,1.21212121212121,2.42424242424242,15.4545454545455,0.909090909090909,281"
20260119131500,cointelegraph.com,https://cointelegraph.com/news/certik-traces-tornado-cash-funds-jan-10-crypto-hack,CertiK Traces $63M in Tornado Cash Funds to $282M Crypto Hack,"-5.75692963752665,1.27931769722815,7.0362473347548,8.31556503198294,25.1599147121535,0,416"
20260119131500,cointelegraph.com,https://cointelegraph.com/news/bridges-crypto-next-ftx,Bridges Are Crypto's Next FTX Waiting To Happen,"-5.65302144249513,2.14424951267056,7.79727095516569,9.94152046783626,26.4132553606238,0.389863547758285,925"
20260119131500,cointelegraph.com,https://cointelegraph.com/news/btc-vs-new-80k-liquidity-grab-5-things-bitcoin-this-week,"Bitcoin's New Tariff Battle May Take BTC Back to $80,000","-1.0752688172043,2.5932953826692,3.6685641998735,6.26185958254269,22.6438962681847,0.695762175838077,1443"
20260127171500,bitcoinmagazine.com,https://bitcoinmagazine.com/news/tether-launches-dollar-stablecoin-for-u-s,Tether Launches Dollar-Backed Stablecoin For The U.S. Market,"0.21978021978022,1.75824175824176,1.53846153846154,3.2967032967033,20.8791208791209,0,419"
20260127171500,bitcoinmagazine.com,https://bitcoinmagazine.com/news/39-percent-merchants-now-accept-crypto,"39% Of U.S. Merchants Now Accept Crypto, Survey Finds","4.04040404040404,5.05050505050505,1.01010101010101,6.06060606060606,17.7777777777778,0.404040404040404,450"
20260127171500,bitcoinmagazine.com,https://bitcoinmagazine.com/news/citrea-launches-mainnet-to-bitcoin,"Citrea Launches Mainnet, Bringing Lending, Trading, And USD Settlement To Bitcoin","0.245098039215687,2.20588235294118,1.96078431372549,4.16666666666667,23.2843137254902,0,358"
20260127171500,bitcoinmagazine.com,https://bitcoinmagazine.com/news/trump-family-backed-american-bitcoin,"Trump-Backed American Bitcoin ($ABTC) Now Holds 5,843 BTC","0,1.12612612612613,1.12612612612613,2.25225225225225,18.4684684684685,0,380"
20260127171500,coindesk.com,https://www.coindesk.com/daybook-us/2026/01/27/bitcoin-bullish-bets-now-a-bargain-as-7-weekly-loss-underlines-bearish-trend,Bitcoin bullish bets now a bargain as weekly loss underlines bearish trend: Crypto Daybook Americas,"0.271554650373387,2.1724372029871,1.90088255261371,4.07331975560081,17.7189409368635,0.543109300746775,1298"
20260127171500,coindesk.com,https://www.coindesk.com/news-analysis/2026/01/27/rick-rieder-a-rising-favorite-for-trump-s-fed-chair-pick-sees-bitcoin-as-new-gold,BlackRock's Rieder is frontrunner for Powell replacement. Here's what it means for crypto,"-0.61633281972265,2.77349768875193,3.38983050847458,6.1633281972265,23.8828967642527,0.308166409861325,607"
20260127171500,coindesk.com,https://www.coindesk.com/markets/2026/01/27/trump-family-backed-american-bitcoin-lifts-holdings-to-nearly-5-900-btc,"Bitcoin treasury news: American Bitcoin (ABTC) lifts holdings to nearly 5,900 BTC","0.431034482758621,1.93965517241379,1.50862068965517,3.44827586206897,18.5344827586207,0.646551724137931,407"
20260127171500,coindesk.com,https://www.coindesk.com/business/2026/01/27/tether-debuts-federally-regulated-usat-stablecoin-via-anchorage-digital,Tether takes the fight to Circle with a new 'made in America' stablecoin,"0.707547169811321,1.65094339622642,0.943396226415094,2.59433962264151,21.6981132075472,0.707547169811321,386"
20260127171500,coindesk.com,https://www.coindesk.com/business/2026/01/27/privacy-focused-miden-korea-digital-asset-agree-to-build-crypto-infrastructure-for-institutional-adoption,"Miden, Korea's KODA sign MOU on institutional digital asset infrastructure","2.82776349614396,3.59897172236504,0.77120822622108,4.37017994858612,20.8226221079692,0.77120822622108,354"
20260127171500,coindesk.com,https://www.coindesk.com/markets/2026/01/27/hype-token-surges-24-as-silver-futures-volume-soars-on-hyperliquid-exchange,HYPE token surges 24% as silver futures volume soars on Hyperliquid exchange,"1.25391849529781,2.19435736677116,0.940438871473354,3.13479623824451,25.0783699059561,0.940438871473354,290"
20260127171500,coindesk.com,https://www.coindesk.com/markets/2026/01/27/bitcoin-miners-hive-bitfarm-and-bitdeer-downgraded-as-analyst-warns-on-ai-shift,"HIVE, BITF, BTDR downgraded at KBW: AI/HPC plans could take longer than hoped to pay off","-2.33463035019455,2.33463035019455,4.66926070038911,7.00389105058366,26.2645914396887,0.583657587548638,472"
20260127171500,coindesk.com,https://www.coindesk.com/policy/2026/01/27/crypto-money-laundering-balloons-to-usd82b-as-chinese-language-services-dominate-chainalysis-says,Chinese-language crypto laundering networks surge as illicit on-chain flows hit $82B,"-2.41691842900302,0.906344410876133,3.32326283987915,4.22960725075529,21.7522658610272,0.906344410876133,297"
20260127161500,cointelegraph.com,https://cointelegraph.com/news/ethereum-post-quantum-resilience-interview,ETH is already 20% of the way toward quantum resilience,"-0.0826446280991733,2.06611570247934,2.14876033057851,4.21487603305785,23.7190082644628,2.06611570247934,1089"
20260127161500,cointelegraph.com,https://cointelegraph.com/news/animoca-japan-rootstocklabs-bitcoin-defi-treasury,"Animoca Japan, RootstockLabs Partner to Bring Bitcoin DeFi to Corporates","5,6,1,7,22.5,0,366"
20260127161500,cointelegraph.com,https://cointelegraph.com/news/tucker-carlson-presses-peter-schiff-on-bitcoin,Tucker Carlson Presses Peter Schiff on Bitcoin as Global Reserve Currency,"-1.41287284144427,3.45368916797488,4.86656200941915,8.32025117739403,21.6640502354788,1.25588697017268,576"
20260127161500,cointelegraph.com,https://cointelegraph.com/news/is-bitcoin-versus-gold-chart-completely-broken,Bitcoin-to-Gold Bottom Fractal is Breaking as BTC Looks for a Bottom,"-2.01342281879195,3.13199105145414,5.14541387024608,8.27740492170022,21.923937360179,0.671140939597315,402"
20260127161500,cointelegraph.com,https://cointelegraph.com/news/bitcoin-price-due-sub-80k-bottom-this-week-new-wyckoff-forecast,"Bitcoin May Dip Below $80,000 in This Week's Volatility","-1.17647058823529,1.51260504201681,2.6890756302521,4.20168067226891,25.8823529411765,0.336134453781513,556"
20260127161500,cointelegraph.com,https://cointelegraph.com/news/us-crypto-capital-claim-developer-prosecutions,US 'Crypto Capital' Claim Meets Developer Pushback,"-0.688705234159779,4.40771349862259,5.09641873278237,9.50413223140496,22.4517906336088,0.964187327823691,677"
20260127161500,cointelegraph.com,https://cointelegraph.com/news/openai-too-big-to-fail,"OpenAI Is Too Big To Fail, And That's The Point","-3.09155766944114,2.14030915576694,5.23186682520809,7.37217598097503,23.9001189060642,0.951248513674197,743"
20260127161500,cointelegraph.com,https://cointelegraph.com/news/bitcoin-trendline-cross-2022-insane-btc-vs-silver-breakdown,Bitcoin EMA Bear Cross Brings 2022 Comparisons,"-2.60303687635575,0.867678958785249,3.470715835141,4.33839479392625,28.6334056399132,0.433839479392625,414"
20260209130000,coindesk.com,https://www.coindesk.com/markets/2026/02/09/bitcoin-mining-difficulty-drops-by-most-since-2021-as-miners-capitulate,Bitcoin news: Mining difficulty drops by most since 2021 as miners capitulate,"-5.82010582010582,1.58730158730159,7.40740740740741,8.99470899470899,19.5767195767196,0.793650793650794,348"
20260209130000,coindesk.com,https://www.coindesk.com/business/2026/02/09/crypto-com-founder-buys-ai-com-for-record-usd70-million-ft,Crypto.com founder Kris Marszalek buys ai.com domain name for record $70 million: FT,"-1.66666666666667,1.11111111111111,2.77777777777778,3.88888888888889,20.8333333333333,1.66666666666667,328"
20260209130000,newsbtc.com,https://www.newsbtc.com/analysis/xrp/next-xrp-breakout-target-at-15/,Next XRP Breakout Target At $15 Following This Measured Move; Analyst,"-0.93984962406015,0.75187969924812,1.69172932330827,2.44360902255639,20.3007518796992,0,502"
20260209130000,newsbtc.com,https://www.newsbtc.com/altcoin/after-predicting-xrps-drop-analyst-says-the-bottom-may-be-in/,"After Predicting XRP's Drop, Analyst Says The Bottom May Be In","-3.64298724954463,1.27504553734062,4.91803278688525,6.19307832422587,27.6867030965392,0,497"
20260209130000,newsbtc.com,https://www.newsbtc.com/news/strategy-stock-surge-bitcoin-hyper-presale-svm-layer2/,"Strategy's Stocks Surged by 26% to 85.8%, Fueling Bitcoin Hyper's Presale","0.399999999999999,4.13333333333333,3.73333333333333,7.86666666666667,21.7333333333333,0.133333333333333,690"
20260209130000,coindesk.com,https://www.coindesk.com/markets/2026/02/09/bitcoin-major-tokens-drop-as-traders-position-for-downside-protection,"Bitcoin (BTC), major tokens drop as traders position for downside protection: Crypto Markets Today","-4.95049504950495,1.15511551155116,6.10561056105611,7.26072607260726,22.6072607260726,0.495049504950495,542"
20260209130000,coindesk.com,https://www.coindesk.com/markets/2026/02/09/here-s-how-market-makers-likely-accelerated-bitcoin-s-crash-to-usd60-000,"Here's how 'invisible hands' likely accelerated bitcoin's crash to $60,000","-2.65654648956357,1.32827324478178,3.98481973434535,5.31309297912714,26.1859582542694,0.759013282732448,473"
20260209130000,newsbtc.com,https://www.newsbtc.com/bitcoin-news/retail-dumps-bitcoin-inflows-on-chain-data-capitulation/,"Retail Dumps, Bitcoin Inflows Surge: On-Chain Data Flags Capitulation","-5.35455861070912,0.434153400868307,5.78871201157742,6.22286541244573,22.4312590448625,0.144717800289436,604"
20260209134500,cointelegraph.com,https://cointelegraph.com/news/vitalik-buterin-defi-usdc-yield-stablecoin-critique,"Cointelegraph: Bitcoin, Ethereum, Crypto News & Price Indexes","-3.41880341880342,1.88034188034188,5.2991452991453,7.17948717948718,24.1025641025641,0.170940170940171,517"
20260209134500,cointelegraph.com,https://cointelegraph.com/news/binance-buys-bitcoin-safu-reserve-market-dip,"Cointelegraph: Bitcoin, Ethereum, Crypto News & Price Indexes","-2.11764705882353,2.35294117647059,4.47058823529412,6.82352941176471,20.4705882352941,0.705882352941177,379"
20260209134500,cointelegraph.com,https://cointelegraph.com/news/crypto-etp-selling-slowdown-187-million-outflows-coinshares,"Cointelegraph: Bitcoin, Ethereum, Crypto News & Price Indexes","-1.45631067961165,0.728155339805825,2.18446601941748,2.9126213592233,17.9611650485437,0.485436893203883,376"
20260209134500,cointelegraph.com,https://cointelegraph.com/opinion/prediction-markets-new-spycraft,Prediction Markets Are The New Open-Source Spycraft,"-2.25624496373892,2.73972602739726,4.99597099113618,7.73569701853344,20.6285253827558,0.8058017727639,1123"
20260209134500,cointelegraph.com,https://cointelegraph.com/news/french-police-arrest-six-suspects-over-crypto-ransom-kidnapping-of-magistrate,"Cointelegraph: Bitcoin, Ethereum, Crypto News & Price Indexes","-9.67184801381693,0.863557858376511,10.5354058721934,11.3989637305699,20.3799654576857,0.518134715025907,522"
20260209134500,cointelegraph.com,https://cointelegraph.com/news/bitcoin-whales-took-advantage-60k-price-dip-scooping-40k-btc,"Cointelegraph: Bitcoin, Ethereum, Crypto News & Price Indexes","-1.20274914089347,1.20274914089347,2.40549828178694,3.60824742268041,22.3367697594502,0.515463917525773,514"
20260209134500,cointelegraph.com,https://cointelegraph.com/news/infini-exploit-wallet-buys-ether-dip-tornado-cash,"Cointelegraph: Bitcoin, Ethereum, Crypto News & Price Indexes","-6.63983903420523,0.804828973843058,7.44466800804829,8.24949698189135,20.523138832998,0.201207243460765,462"
20260209134500,cointelegraph.com,https://cointelegraph.com/news/ton-pay-aims-to-turn-telegram-into-a-crypto-checkout-layer-for-ton,"Cointelegraph: Bitcoin, Ethereum, Crypto News & Price Indexes","-0.175746924428823,2.46045694200351,2.63620386643234,5.09666080843585,18.4534270650264,0.175746924428822,506"
20260209134500,cointelegraph.com,https://cointelegraph.com/authors/joshua-chu,Joshua Chu 's articles on Cointelegraph,"-2.27272727272727,1.13636363636364,3.40909090909091,4.54545454545455,20.4545454545455,0,75"
20260209134500,cointelegraph.com,https://cointelegraph.com/news/openclaw-ai-plugin-hub-supply-chain-poisoning,"Cointelegraph: Bitcoin, Ethereum, Crypto News & Price Indexes","-5.49450549450549,3.95604395604396,9.45054945054945,13.4065934065934,23.5164835164835,0,415"
20260214020000,cointelegraph.com,https://cointelegraph.com/news/white-house-banks-shouldnt-fear-stablecoin-yield,Banks Should Embrace Stablecoin Yield in CLARITY Act: White House Adviser,"-0.246913580246913,2.96296296296296,3.20987654320988,6.17283950617284,26.9135802469136,0.987654320987654,382"
20260214020000,cointelegraph.com,https://cointelegraph.com/news/ether-holds-dollar2k-but-will-dollar242m-spot-eth-etf-outflow-reignite-price-downside,ETH ETF Outflows Top $242M Despite Ether Holding $2K,"-3.28227571115974,2.18818380743982,5.47045951859956,7.65864332603939,22.5382932166302,1.96936542669584,411"
20260214020000,cointelegraph.com,https://cointelegraph.com/news/eth-open-interest-falls-to-3-year-low-what-does-it-mean-for-ether-price,ETH Open Interest Drops To 3-Year Low: Is A Short Squeeze Next?,"-0.741839762611276,1.92878338278932,2.67062314540059,4.59940652818991,22.2551928783383,0.29673590504451,594"
20260214010000,newsbtc.com,https://www.newsbtc.com/bitcoin-news/bitcoin-undervalued-mvrv-slides-toward-1/,Bitcoin Flirts With 'Undervalued' As MVRV Slides Toward 1,"-2.76752767527675,0.738007380073801,3.50553505535055,4.24354243542435,22.3247232472325,0.3690036900369,489"
20260102081500,coindesk.com,https://www.coindesk.com/markets/2026/01/02/cardano-s-ada-pops-7-bitcoin-ether-show-steady-gains-as-traders-enter-2026,"BTC, ETH, ADA, SOL Price: Cardano pops 7%, bitcoin, ether climb as 2026 begins","-1.1441647597254,2.51716247139588,3.66132723112128,6.17848970251716,23.5697940503432,0.91533180778032,394"
20260102081500,coindesk.com,https://www.coindesk.com/markets/2026/01/02/tether-adds-nearly-usd800-million-in-bitcoin-bringing-holdings-above-96-000-btc,Bitcoin news: Tether adds nearly $800 million BTC in fresh buys,"2.03389830508475,4.40677966101695,2.3728813559322,6.77966101694915,18.9830508474576,1.01694915254237,258"
20260102081500,coindesk.com,https://www.coindesk.com/markets/2026/01/02/bitcoin-etfs-lose-record-usd4-57-billion-in-two-months,Bitcoin ETFs lose record $4.57 billion in two months,"-1.84049079754601,2.14723926380368,3.98773006134969,6.13496932515337,20.5521472392638,0.920245398773006,276"
20260102081500,coindesk.com,https://www.coindesk.com/markets/2026/01/02/bitcoin-s-squeeze-sets-stage-for-major-price-swing,Bitcoin (BTC) Price Forecast: squeeze sets stage for volatility explosion,"-0.664451827242525,1.66112956810631,2.32558139534884,3.98671096345515,18.2724252491694,0.996677740863787,265"
20260223231500,coindesk.com,https://www.coindesk.com/business/2026/02/23/near-launches-near-com-super-app-touting-ai-capabilities-and-confidential-transactions,"NEAR Launches Near.com super app, touting AI capabilities and confidential transactions","1.92982456140351,3.15789473684211,1.2280701754386,4.3859649122807,24.0350877192982,2.63157894736842,530"
20260223231500,coindesk.com,https://www.coindesk.com/business/2026/02/23/iotex-bridge-exploit-sparks-debate-over-losses-and-recovery-prospects,IoTeX bridge exploit raises debate over losses and recovery prospects as CEO offers 10% bounty,"-5.33642691415313,1.85614849187935,7.19257540603248,9.04872389791183,26.2180974477958,0.580046403712297,768"
20260223231500,coindesk.com,https://www.coindesk.com/markets/2026/02/23/crypto-suffers-deeper-declines-as-ai-fears-send-ibm-plunging-11,"Bitcoin price news: BTC tumbles back to $64,000 as IBM becomes latest AI target","0.468384074941452,2.34192037470726,1.87353629976581,4.21545667447307,19.672131147541,1.17096018735363,387"
20260223213000,bitcoinmagazine.com,https://bitcoinmagazine.com/news/french-energy-engie-eyes-bitcoin-mining,French Energy Giant Engie Eyes Bitcoin Mining In Brazil,"-1.97628458498024,1.58102766798419,3.55731225296443,5.13833992094862,20.3557312252964,0.197628458498024,457"
20260224000000,bitcoinmagazine.com,https://bitcoinmagazine.com/news/crypto-com-receives-conditional-approval,Crypto.com Receives Conditional Approval For U.S. National Trust Bank Charter,"4.86111111111111,6.48148148148148,1.62037037037037,8.10185185185185,21.2962962962963,0.462962962962963,390"
20260223211500,newsbtc.com,https://www.newsbtc.com/news/ethereum/driving-ethereum-price-volatility/,"AI Explains What's Driving The Ethereum Price Volatility, Can It Rise Above $3,000 Again?","-2.3121387283237,1.34874759152216,3.66088631984586,5.00963391136801,20.616570327553,0.385356454720617,484"
20260223211500,newsbtc.com,https://www.newsbtc.com/analysis/xrp/the-xrp-bottom-could-be-in/,"Why The XRP Price Bottom Could Be In, And A Jump Above $2 Is Coming","-3.91389432485323,1.56555772994129,5.47945205479452,7.04500978473581,24.4618395303327,0,461"
20260223211500,newsbtc.com,https://www.newsbtc.com/news/bitcoin/when-bitcoin-will-reach-250000/,"Expert Crypto Trader Predicts The Exact Year Bitcoin Will Reach $250,000","0.386100386100386,1.35135135135135,0.965250965250965,2.31660231660232,22.3938223938224,0,468"
20260223220000,bitcoinmagazine.com,https://bitcoinmagazine.com/culture/from-40-meetups-a-month-to-nationwide-freedom-bitcoin-indonesias-real-life-comeback,From 40 Meetups A Month To Nationwide Freedom: Bitcoin Indonesia's Real-Life Comeback,"0.640204865556979,3.71318822023047,3.0729833546735,6.78617157490397,19.5262483994878,1.02432778489117,1394"
20260106061500,cointelegraph.com,https://cointelegraph.com/news/bitcoin-hit-new-all-time-high-in-2026,Bitcoin Well-Positioned to Hit New All-Time High in 2026,"1.36363636363636,2.04545454545455,0.681818181818182,2.72727272727273,24.7727272727273,1.13636363636364,398"
20260106061500,cointelegraph.com,https://cointelegraph.com/news/computing-resource-demand-skyrocketing-nvidia-ceo,Nvidia CEO Jensen Huang Says AI Is Skyrocketing Demand For GPUs,"1.38121546961326,3.31491712707182,1.93370165745856,5.24861878453039,20.1657458563536,0.552486187845304,325"
20260106061500,cointelegraph.com,https://cointelegraph.com/news/whale-accumulation-retail-profit-taking-signal-bullish-bitcoin-momentum-santiment,Whale Accumulation Signals Bullish Bitcoin Momentum Ahead,"0.481927710843374,2.65060240963855,2.16867469879518,4.81927710843374,23.3734939759036,0.481927710843374,361"
20260106061500,cointelegraph.com,https://cointelegraph.com/news/crypto-stocks-soar-double-digits-major-tokens-rally,Crypto Stocks Soar As Market Makes Comeback,"-0.233644859813084,2.33644859813084,2.57009345794392,4.90654205607477,17.9906542056075,0.467289719626168,377"
20260106063000,coindesk.com,https://www.coindesk.com/markets/2026/01/06/sui-outperforms-bitcoin-and-ether-as-mysten-labs-promotes-privacy-tech,"Sui outperforms BTC, ETH as Mysten Labs promotes privacy tech","-1.10619469026549,2.65486725663717,3.76106194690266,6.41592920353982,23.4513274336283,0.663716814159292,400"
20260106063000,coindesk.com,https://www.coindesk.com/markets/2026/01/06/xrp-rockets-11-to-nearly-usd2-40-as-ripple-linked-etfs-see-highest-trading-volumes,XRP price news: Rockets 11% as Ripple ETFs record highest trading volumes,"-0.26246719160105,1.0498687664042,1.31233595800525,2.36220472440945,23.8845144356955,0.78740157480315,348"
20260106063000,coindesk.com,https://www.coindesk.com/markets/2026/01/06/dogecoin-2x-etf-tops-early-2026-leaderboard-as-doge-prints-v-shaped-rebound,DOGE price news: Dogecoin 2x ETF tops early 2026 leaderboard in V-shaped recovery,"0.140449438202247,2.6685393258427,2.52808988764045,5.19662921348315,23.5955056179775,0.421348314606742,606"
20260106070000,newsbtc.com,https://www.newsbtc.com/bitcoin-news/bitcoin-accumulation-continues-strategy-purchases-1287-btc-amid-rising-prices/,"Bitcoin Accumulation Continues: Strategy Purchases 1,287 BTC Amid Rising Prices","-0.970873786407767,3.10679611650485,4.07766990291262,7.18446601941748,19.4174757281553,0.388349514563107,467"
20260106070000,newsbtc.com,https://www.newsbtc.com/news/bitcoin/bitcoin-wealth-isnt-about-hype-its-about-time-and-stacking-expert-says/,Bitcoin Wealth Isn't About Hype&#x2014;It's About Time And Stacking,"-0.922509225092251,2.9520295202952,3.87453874538745,6.82656826568266,28.0442804428044,1.1070110701107,492"
20260106070000,newsbtc.com,https://www.newsbtc.com/news/bitcoin/bitcoin-price-parabola-difference/,Bitcoin Price Parabola: What's Different Between The Last Bull Cycle And This One?,"-1.68224299065421,0.934579439252336,2.61682242990654,3.55140186915888,26.3551401869159,0,492"
20260106070000,newsbtc.com,https://www.newsbtc.com/analysis/btc/bitcoin-price-extends-surge-95k/,"Bitcoin Price Extends Surge, $95K Resistance Emerges as Next Barrier","1.9438444924406,4.1036717062635,2.15982721382289,6.26349892008639,28.7257019438445,0,411"
20260106070000,newsbtc.com,https://www.newsbtc.com/analysis/doge/dogecoin-doge-rally-isnt-fading-0-15/,Dogecoin (DOGE) Rally Isn't Fading Yet&#x2014;Here's What's Keeping It Alive,"1.58371040723982,3.39366515837104,1.80995475113122,5.20361990950226,28.0542986425339,0.226244343891403,391"
20260106070000,newsbtc.com,https://www.newsbtc.com/analysis/eth/ethereum-price-pullbacks-3185/,"Ethereum Price Pullbacks Fail to Scare Buyers, Momentum Tells a Story","1.53172866520788,3.7199124726477,2.18818380743982,5.90809628008753,28.4463894967177,0,409"
20260106070000,newsbtc.com,https://www.newsbtc.com/analysis/xrp/xrp-price-rips-higher-2-40/,"XRP Price Rips Higher by 15%, Shifting Short-Term Market Structure","1.33630289532294,3.11804008908686,1.78173719376392,4.89977728285078,28.9532293986637,0,420"
20260213200000,newsbtc.com,https://www.newsbtc.com/bitcoin-news/bitcoin-price-crash-to-35000/,"Historical Pattern From 2017 Signals Bitcoin Price Crash To $35,000","-2.42914979757085,0.607287449392713,3.03643724696356,3.64372469635628,20.8502024291498,0,447"
20260213200000,newsbtc.com,https://www.newsbtc.com/news/bitcoin/bitcoins-market-structure-shift/,Bitcoin's Market Structure May Be Changing &#x2014; This Metric Explains Why,"-0.210084033613445,2.3109243697479,2.52100840336134,4.83193277310924,29.2016806722689,0,443"
20260213200000,newsbtc.com,https://www.newsbtc.com/breaking-news-ticker/trump-media-files-for-cronos-bitcoin%E2%80%91ether-etfs-with-staking-focus/,"Trump Media Files For Cronos, Bitcoin&#x2011;Ether ETFs With Staking Focus","1.32275132275132,2.11640211640212,0.793650793650794,2.91005291005291,20.8994708994709,0.264550264550265,348"
20260213200000,newsbtc.com,https://www.newsbtc.com/bitcoin-news/jpmorgan-bitcoin-bull-case-266000-target/,"JPMorgan Keeps Bitcoin Bull Case: $266,000 Remains The Target","-0.43010752688172,4.73118279569892,5.16129032258065,9.89247311827957,23.4408602150538,0.43010752688172,420"
20260213174500,coindesk.com,https://www.coindesk.com/daybook-us/2026/02/13/crypto-market-wobbles-as-investors-ignore-good-news-look-for-the-exit-ramp,"Crypto market wobbles as investors ignore good news, look for the 'exit ramp': Crypto Daybook Americas","-0.464037122969837,1.62412993039443,2.08816705336427,3.7122969837587,17.5560711523589,0.541376643464811,1111"
20260213174500,coindesk.com,https://www.coindesk.com/markets/2026/02/13/wall-street-analysts-slash-coinbase-price-targets-after-q4-miss-but-shares-still-rally,Wall Street analysts slash Coinbase (COIN) price targets after Q4 miss &#x2014; but shares still rally,"-0.607287449392713,3.23886639676113,3.84615384615385,7.08502024291498,24.6963562753036,0.607287449392713,439"
20260204111500,cointelegraph.com,https://cointelegraph.com/news/bitcoin-etf-aum-below-100-billion-first-since-april-2025,Spot Bitcoin ETF AUM Hits Lowest Level Since April 2025,"-0.263852242744063,1.84696569920844,2.11081794195251,3.95778364116095,17.6781002638522,0.263852242744063,341"
20260204111500,cointelegraph.com,https://cointelegraph.com/news/whale-9b-bitcoin-sale-not-quantum-concerns-galaxy-digital,Whale's $9B Bitcoin Sale Not Quantum Concern: Galaxy Digital,"-0.588235294117647,3.72549019607843,4.31372549019608,8.03921568627451,23.3333333333333,1.56862745098039,464"
20260204111500,cointelegraph.com,https://cointelegraph.com/news/bitwise-acquire-chorus-one-crypto-staking-demand-surges,Bitwise to Acquire Chorus One as Crypto Staking Demand Accelerates,"0,1.16959064327485,1.16959064327485,2.33918128654971,25.7309941520468,0.292397660818713,308"
20260204111500,cointelegraph.com,https://cointelegraph.com/sponsored/new-donation-widget-lets-creators-accept-crypto-payments-24-7,New donation widget lets creators accept crypto payments 24/7,"0.902255639097744,3.30827067669173,2.40601503759399,5.71428571428571,20.9022556390977,0.300751879699248,604"
20260204083000,newsbtc.com,https://www.newsbtc.com/bitcoin-news/bitcoin-unrealized-losses-reach-22-still-no-capitulation-phase/,Bitcoin Unrealized Losses Reach 22% &#x2013; Still No Capitulation Phase,"-3.34224598930481,2.94117647058824,6.28342245989305,9.22459893048128,25.668449197861,0,688"
20260204083000,newsbtc.com,https://www.newsbtc.com/news/burry-warns-of-1b-sell-off-why-bitcoin-hyper-hyper-is-the-future-of-btc/,Burry Warns of $1B Sell-off: Why $HYPER is the Future of $BTC,"0.291545189504373,3.79008746355685,3.49854227405248,7.28862973760933,22.1574344023324,0.43731778425656,638"
20260204083000,newsbtc.com,https://www.newsbtc.com/bitcoin-news/sell-gold-buy-bitcoin-cathie-wood/,"'Sell Gold, Buy Bitcoin': Cathie Wood Makes The Rotation Call","-0.45662100456621,3.19634703196347,3.65296803652968,6.84931506849315,23.896499238965,1.06544901065449,584"
20260204083000,newsbtc.com,https://www.newsbtc.com/analysis/doge/dogecoin-doge-rebound-0-1065/,"Dogecoin (DOGE) Rebound Stumbles, Opening Door To Another Selloff","1.58730158730159,3.40136054421769,1.8140589569161,5.21541950113379,27.2108843537415,0.226757369614512,377"
20260204083000,newsbtc.com,https://www.newsbtc.com/analysis/xrp/xrp-price-recovery-mode-1-625/,XRP Price Recovery Mode Engaged &#x2014; Bulls Hunt An Upside Break,"-0.420168067226891,2.3109243697479,2.73109243697479,5.04201680672269,28.5714285714286,0,425"
20260204094500,coindesk.com,https://www.coindesk.com/policy/2026/02/04/incognito-market-founder-rui-siang-lin-sentenced-to-30-years-in-crypto-darknet-drug-marketplace-case,Incognito Market founder Rui-Siang Lin sentenced to 30 years in crypto darknet drug marketplace case,"-7.64705882352941,0.588235294117647,8.23529411764706,8.82352941176471,17.9411764705882,0.882352941176471,290"
20260204094500,coindesk.com,https://www.coindesk.com/markets/2026/02/04/ether-and-majors-rise-as-bitcoin-rebounds-to-usd76-000-but-the-bounce-may-not-last,"What next for bitcoin, ether, solana traders after BTC bounce to $76,000","-3.09278350515464,3.09278350515464,6.18556701030928,9.27835051546392,20,0.618556701030928,457"
20260204094500,coindesk.com,https://www.coindesk.com/markets/2026/02/04/etf-that-feasts-on-carnage-in-bitcoin-holder-strategy-hits-record-high,"Bitcoin, Strategy news: ETF that feasts on carnage in MSTR hits record high","-0.54054054054054,2.16216216216216,2.7027027027027,4.86486486486486,23.7837837837838,0.810810810810811,337"
20260204094500,coindesk.com,https://www.coindesk.com/markets/2026/02/04/tether-scales-back-usd20-billion-funding-ambitions-after-investor-resistance-ft,Tether scales back $20 billion funding ambitions after investor resistance: FT,"0.455580865603645,3.87243735763098,3.41685649202733,7.28929384965831,25.2847380410023,1.59453302961276,403"
20260204094500,coindesk.com,https://www.coindesk.com/markets/2026/02/04/bitcoin-etf-outflows-deepen-as-ether-and-xrp-funds-quietly-attract-inflows,Bitcoin ETF outflows deepen as ether and XRP funds quietly attract inflows,"-4.56026058631922,2.28013029315961,6.84039087947883,9.12052117263844,21.1726384364821,0.977198697068404,278"
20260204094500,coindesk.com,https://www.coindesk.com/markets/2026/02/04/bitcoin-s-rsi-screams-oversold-here-is-what-it-means,Bitcoin's 'RSI' screams oversold. Here is what it means,"-1.11317254174397,2.96846011131725,4.08163265306122,7.05009276437848,25.417439703154,0.742115027829314,472"
20260204094500,coindesk.com,https://www.coindesk.com/markets/2026/02/04/big-short-michael-burry-flags-death-spiral-after-silver-liquidations-beat-bitcoin,"""Big Short"" Michael Burry flags ""death spiral"" after silver liquidations beat bitcoin","-5.85683297180043,1.08459869848156,6.941431670282,8.02603036876356,21.2581344902386,0.650759219088937,427"
20260206134500,cointelegraph.com,https://cointelegraph.com/news/metaplanet-vows-to-keep-buying-bitcoin,Metaplanet Doubles Down on Bitcoin as Stock Slumps,"-0.264550264550264,4.23280423280423,4.4973544973545,8.73015873015873,23.2804232804233,0.264550264550265,337"
20260206134500,cointelegraph.com,https://cointelegraph.com/news/trend-research-reduces-eth-holdings-325k-187k-eth-binance,Trend Research Dumps Over 400K as Liquidation Risk Rises,"-2.29226361031519,1.14613180515759,3.43839541547278,4.58452722063037,24.3553008595989,0,327"
20260206134500,cointelegraph.com,https://cointelegraph.com/news/bitcoin-etf-434-million-outflows-price-touches-60k,Bitcoin ETFs Record $434M Outflows Amid BTC Slide Below $70K,"-2.7027027027027,1.47420147420147,4.17690417690418,5.65110565110565,20.1474201474201,0,369"
20260206134500,cointelegraph.com,https://cointelegraph.com/news/bitcoin-price-rebounds-65k-who-is-buying-the-dip,Bitcoin Traders Say $58K is Key as Dip-Buyers Help BTC Rebound 11%,"-0.663349917081261,1.16086235489221,1.82421227197347,2.98507462686567,22.2222222222222,1.16086235489221,526"
20260206134500,cointelegraph.com,https://cointelegraph.com/news/cathie-wood-ark-coinbase-dump-17-million-bullish-buy,ARK Invest Sells Coinbase And Buys Bullish Shares,"0.277777777777778,2.22222222222222,1.94444444444444,4.16666666666667,15.8333333333333,0,315"
20260206134500,cointelegraph.com,https://cointelegraph.com/news/bitcoin-record-10k-drop-model-93-5k-only-return-2028,"Bitcoin May Need Two Years to Flip $93,500 Back to Support","-3.125,0.625,3.75,4.375,21.25,0.625,429"
20260206134500,cointelegraph.com,https://cointelegraph.com/news/nft-market-cap-returns-pre-hype-levels-2021,NFT Market Cap Returns to Pre-Hype Levels Near $1.5B,"-4.15647921760391,0.733496332518337,4.88997555012225,5.62347188264059,22.9828850855746,0.244498777506112,351"
20260206123000,coindesk.com,https://www.coindesk.com/markets/2026/02/06/u-s-job-losses-at-17-year-high-raise-positive-signals-for-bitcoin-bulls,"U.S. layoffs spike to 17-year high on UPS, Amazon cuts","-2.29357798165138,1.37614678899083,3.6697247706422,5.04587155963303,23.8532110091743,0.688073394495413,401"
20260206123000,coindesk.com,https://www.coindesk.com/markets/2026/02/06/ark-invest-sells-usd17m-of-coinbase-stock-buys-usd18m-of-bullish-amid-crypto-market-chaos,"ARK offloads $17 million of Coinbase, adds $18 million of Bullish amid crypto rout","1.21457489878543,2.02429149797571,0.809716599190283,2.83400809716599,25.1012145748988,1.21457489878543,230"
20260206123000,coindesk.com,https://www.coindesk.com/markets/2026/02/06/strategy-to-initiate-a-bitcoin-security-program-addressing-quantum-uncertainty,Strategy to initiate a BTC security program addressing quantum uncertainty,"0.392156862745098,3.13725490196078,2.74509803921569,5.88235294117647,24.3137254901961,1.17647058823529,235"
20260206123000,coindesk.com,https://www.coindesk.com/markets/2026/02/06/crypto-markets-rebound-from-selloff-that-sent-bitcoin-to-lowest-since-october-2024,Crypto market rebounds after BTC price tumbles to 2024 low: Crypto Markets Today,"-4.60624071322437,1.48588410104012,6.09212481426449,7.57800891530461,22.8826151560178,0.445765230312036,603"
20260206123000,coindesk.com,https://www.coindesk.com/markets/2026/02/06/weak-earnings-drag-iren-amazon-bitcoin-stocks-rebound-in-pre-market,"IREN and AMZ down on earnings miss, as BTC equities bounce back","0,2.63157894736842,2.63157894736842,5.26315789473684,17.1052631578947,1.31578947368421,210"
20260206133000,newsbtc.com,https://www.newsbtc.com/bitcoin-news/bitcoin-crash-on-feb-5-was-historic-numbers/,Bitcoin Crash On Feb. 5 Was Historic: The Numbers Behind The Selloff,"-4.90716180371353,0.928381962864721,5.83554376657825,6.76392572944297,23.0769230769231,0.928381962864721,684"
20260206133000,newsbtc.com,https://www.newsbtc.com/news/bitcoin/bitcoin-price-38000-bottom/,"Previous Market Bottoms Suggest Bitcoin Price Is Headed To $38,000","-1.50375939849624,0.75187969924812,2.25563909774436,3.00751879699248,24.0601503759398,0,474"
20260206133000,newsbtc.com,https://www.newsbtc.com/news/bitcoin/5-bitcoin-red-months-in-a-row/,5 Red Months In A Row: What's Going On With Bitcoin And The Crypto Market?,"-2.11946050096339,0.770712909441233,2.89017341040462,3.66088631984586,25.2408477842004,0,482"
20260206133000,newsbtc.com,https://www.newsbtc.com/news/bitcoin/bitcoin-edges-past-gold-in-appeal-jpmorgan-says/,"Bitcoin Edges Past Gold In Appeal, JPMorgan Says","-0.75046904315197,4.31519699812383,5.0656660412758,9.38086303939962,24.202626641651,0.187617260787992,481"
20260211180000,coindesk.com,https://www.coindesk.com/tech/2026/02/11/the-protocol-robinhood-unveils-its-layer-2-testnet,The Protocol: Robinhood unveils its layer-2 testnet,"0.207325501036628,1.52038700760194,1.31306150656531,2.83344851416724,21.4927436074637,0.345542501727713,1308"
20260211180000,coindesk.com,https://www.coindesk.com/coindesk-indices/2026/02/11/crypto-long-and-short-gen-z-trusts-code-over-bank-promises,Gen Z trusts code over bank promises,"0.886699507389162,3.64532019704433,2.75862068965517,6.40394088669951,21.4778325123153,0.788177339901478,915"
20260211180000,coindesk.com,https://www.coindesk.com/business/2026/02/11/institutional-crypto-platform-blockfills-reportedly-halts-withdrawals-restricts-trading,"Crypto news: BlockFills halts withdrawals, restricts trading, according to reports","-2.99145299145299,1.70940170940171,4.7008547008547,6.41025641025641,23.0769230769231,1.28205128205128,214"
20260211180000,coindesk.com,https://www.coindesk.com/markets/2026/02/11/cryptos-crumble-bitcoin-falls-through-usd66-000-as-friday-s-bounce-fades,"Bitcoin price news: BTC trades sharply lower on Wednesday, giving up large chunk of Friday gains","-2.49520153550864,1.34357005758157,3.83877159309021,5.18234165067178,23.9923224568138,0.767754318618042,464"
20260211180000,coindesk.com,https://www.coindesk.com/markets/2026/02/11/bithumb-admits-to-serious-flaws-that-left-its-internal-systems-vulnerable-to-potential-sabotage,Bithumb's $40 Billion bitcoin blunder triggers major South Korean market probe,"-6.18811881188119,0.99009900990099,7.17821782178218,8.16831683168317,20.7920792079208,0.99009900990099,373"
20260211180000,coindesk.com,https://www.coindesk.com/business/2026/02/11/recapping-day-1-of-consensus-hong-kong,Recapping day 1 of Consensus Hong Kong,"1.65289256198347,2.89256198347107,1.2396694214876,4.13223140495868,22.1074380165289,2.47933884297521,441"
20260211180000,coindesk.com,https://www.coindesk.com/tech/2026/02/11/the-human-brain-s-edge-is-fading-ai-could-outhink-us-in-2-years-ben-goertzel-says,"AI likely to think better, more strategically than humans in 2 years, SingularityNET CEO says","0.872093023255814,4.06976744186047,3.19767441860465,7.26744186046512,21.8023255813953,1.45348837209302,314"
20260211180000,coindesk.com,https://www.coindesk.com/markets/2026/02/11/u-s-added-stronger-than-expected-130-000-jobs-in-january-with-unemployment-rate-falling-to-4-3,Bitcoin price news: BTC trims losses following strong January employment report,"0.346020761245675,1.73010380622837,1.3840830449827,3.11418685121107,16.9550173010381,1.03806228373702,257"
20260211180000,coindesk.com,https://www.coindesk.com/markets/2026/02/11/jpmorgan-bullish-on-crypto-for-rest-of-year-as-institutional-flows-set-to-drive-recovery,JPMorgan bullish on crypto for rest of year as institutional flows set to drive recovery,"0.558659217877095,3.35195530726257,2.79329608938547,6.14525139664804,25.4189944134078,1.39664804469274,335"
20260211171500,cointelegraph.com,https://cointelegraph.com/magazine/china-stockpiling-gold-yaun-global-reserve-us-dollar/,Is China hoarding gold so yuan becomes global reserve instead of USD?,"2.88562434417629,4.77439664218258,1.8887722980063,6.66316894018888,18.6778593913956,1.46904512067156,1719"
20260211171500,cointelegraph.com,https://cointelegraph.com/news/north-korean-hackers-malware-crypto-fintech-social-engineering,North Korea Linked Hackers Deploy New Crypto Malware,"-7.09534368070953,1.77383592017738,8.86917960088692,10.6430155210643,22.3946784922395,0.221729490022173,421"
20260211171500,cointelegraph.com,https://cointelegraph.com/news/russia-crypto-loophole-eu-20th-sanctions-package,EU Targets Russian Crypto And Banks In Sweeping Sanctions,"-5.25477707006369,1.7515923566879,7.00636942675159,8.75796178343949,22.1337579617834,0,574"
20260211171500,cointelegraph.com,https://cointelegraph.com/news/denmark-largest-bank-danske-pivots-bitcoin-ether,Danske Bank Opens Bitcoin and Ether ETPs to Clients,"-0.58252427184466,2.13592233009709,2.71844660194175,4.85436893203883,20.9708737864078,0,459"
20260211171500,cointelegraph.com,https://cointelegraph.com/news/bitcoin-reacts-to-major-us-jobs-data-beat-as-fed-rate-pause-odds-near-95,"Bitcoin Fails To Pass $69,000 In A US Nonfarm Payrolls Reaction","-2.19378427787934,2.0109689213894,4.20475319926874,6.21572212065814,25.2285191956124,0.731261425959781,506"
20260211171500,cointelegraph.com,https://cointelegraph.com/news/when-will-bitcoin-start-a-new-bull-cycle-toward-150k-look-for-these-signs,Bitcoin 2026 Rally To $150K Possible If These Conditions Are Met,"-1.47727272727273,2.04545454545455,3.52272727272727,5.56818181818182,25.9090909090909,0.113636363636364,783"
20260211171500,cointelegraph.com,https://cointelegraph.com/news/why-bitcoin-has-recently-reacted-more-to-liquidity-conditions-than-to-rate-cuts,Why Bitcoin Is Reacting More to Liquidity Than to Interest Rate Cuts,"-4.2654028436019,2.08530805687204,6.35071090047393,8.43601895734597,22.9383886255924,0.4739336492891,965"
20260211171500,cointelegraph.com,https://cointelegraph.com/news/lombard-unveils-bitcoin-smart-accounts-linking-institutional-custody-to-onchain-finance-embargo-weds-9am-et,Lombard to Launch Bitcoin Smart Accounts for Institutions,"1.05708245243129,2.5369978858351,1.47991543340381,4.0169133192389,26.0042283298097,1.26849894291755,428"
20260211171500,cointelegraph.com,https://cointelegraph.com/news/xrp-analysts-why-price-drop-below-1-dollar-possible,This XRP Indicator Warns That Price May Crash Below $1: Analyst,"-1.5177065767285,1.5177065767285,3.035413153457,4.5531197301855,23.4401349072513,0,539"
20260205091500,cointelegraph.com,https://cointelegraph.com/news/bhutan-reportedly-sells-more-bitcoin-from-its-reserve,Bhutan Sells $22.3M Bitcoin As Mining Conditions Worsen,"-2.0997375328084,1.0498687664042,3.1496062992126,4.1994750656168,17.0603674540682,0.5249343832021,333"
20260205091500,cointelegraph.com,https://cointelegraph.com/news/crypto-made-undid-100m-incognito-dark-web-market,Feds Crypto Trace Gets Incognito Market Creator 30 Years,"-3.13075506445672,0.920810313075507,4.05156537753223,4.97237569060773,21.731123388582,0.920810313075507,488"
20260205091500,cointelegraph.com,https://cointelegraph.com/news/bitcoin-etf-flows-performance-btc-downtrend-analyst,Bitcoin ETFs 'Hanging In There' Despite Price Plunge: Analyst,"-2,1.42857142857143,3.42857142857143,4.85714285714286,20,0.571428571428571,320"
20260205091500,cointelegraph.com,https://cointelegraph.com/news/bitcoin-price-erases-15-months-bull-market-69k-comedown,"Bitcoin Sees First $69,000 Dip in 15 Months as 'Someone Enormous' Sells","-1.93965517241379,2.58620689655172,4.52586206896552,7.11206896551724,21.7672413793103,0.646551724137931,412"
20260205101500,coindesk.com,https://www.coindesk.com/markets/2026/02/05/bhutan-moves-bitcoin-to-trading-firms-and-exchanges-as-btc-drops-to-nearly-usd70-000,"Bitcoin news: Bhutan shifts holdings after months of silence as BTC moves to $70,000","-1.69014084507042,2.25352112676056,3.94366197183099,6.19718309859155,18.5915492957746,0.845070422535211,314"
20260205101500,coindesk.com,https://www.coindesk.com/markets/2026/02/05/justin-says-keep-going-on-tron-inc-s-trx-buys,Justin Sun says 'keep going' on Tron Inc's TRX buys,"5.31914893617021,6.02836879432624,0.709219858156028,6.73758865248227,21.2765957446809,1.06382978723404,254"
20260205101500,coindesk.com,https://www.coindesk.com/markets/2026/02/05/bitcoin-slides-below-usd70-000-on-bitstamp,"Bitcoin news today: BTC tanks to $69,101 on Bitstamp","0,1.25,1.25,2.5,22.5,1.875,144"
20260205101500,coindesk.com,https://www.coindesk.com/markets/2026/02/05/bitcoin-climbs-back-above-usd71-000-as-tech-selloff-pauses,"BTC price news: Bitcoin back up above $71,000","-3.41614906832298,2.17391304347826,5.59006211180124,7.7639751552795,23.9130434782609,1.24223602484472,302"
20260129190000,newsbtc.com,https://www.newsbtc.com/bitcoin-news/bitcoin-liquidity-rising/,"Bitcoin Upside Hinges On Liquidity Rising Above This Level, Glassnode Says","-0.602409638554217,3.4136546184739,4.01606425702811,7.42971887550201,23.6947791164659,0,463"
20260129190000,newsbtc.com,https://www.newsbtc.com/news/dogecoin/dogecoin-make-or-break-floor/,Dogecoin Sits On A Make-or-Break Floor: Why It's Now Or Never,"-2.36087689713322,1.85497470489039,4.21585160202361,6.070826306914,28.4991568296796,0.337268128161889,543"
20260129200000,cointelegraph.com,https://cointelegraph.com/news/why-did-bitcoin-price-hit-two-month-lows-near-83k,"Bitcoin Drops Under $85,000 as Macro Assets Fall Worldwide","-2.96684118673647,2.26876090750436,5.23560209424084,7.5043630017452,23.5602094240838,0.698080279232112,514"
20260129200000,cointelegraph.com,https://cointelegraph.com/news/us-cftc-sec-agency-project-crypto-regulation,US CFTC to Partner with SEC on Agency's 'Project Crypto',"0,3.08641975308642,3.08641975308642,6.17283950617284,21.1934156378601,0.823045267489712,463"
20260129200000,cointelegraph.com,https://cointelegraph.com/news/live-senate-markup-crypto-market-structure-bill,US Senate Agriculture Committee Advances Crypto Market Structure Bill,"0.542986425339366,2.89592760180995,2.35294117647059,5.24886877828054,22.1719457013575,1.44796380090498,1007"
20260129200000,cointelegraph.com,https://cointelegraph.com/news/bitcoin-falls-to-dollar83-4k-as-gold-bugs-take-profit-and-ai-stocks-sell-off,BTC Slips to Yearly Low as Leverage Unwinds Below $85K,"-4.38756855575868,0.731261425959781,5.11882998171846,5.85009140767824,23.5831809872029,0,485"
20260129203000,bitcoinmagazine.com,https://bitcoinmagazine.com/news/paul-atkins-to-speak-at-bitcoin-conference,SEC Chair Paul Atkins Set To Speak At The Bitcoin Conference,"1.59090909090909,2.95454545454545,1.36363636363636,4.31818181818182,17.5,0,391"
20260129203000,bitcoinmagazine.com,https://bitcoinmagazine.com/markets/strategy-stock-mstr-hits-52-week-low,Strategy ($MSTR) Hits 52-Week Low As Bitcoin Crashes To $83k,"0.216919739696313,2.60303687635575,2.38611713665944,4.98915401301518,17.7874186550976,0,377"
20260201231500,newsbtc.com,https://www.newsbtc.com/news/bitcoin/bitcoin-breaks-key-support-analyst-signals-lower-levels-ahead/,"Bitcoin Breaks Key Support, Analyst Signals Lower Levels Ahead","-2.88065843621399,1.23456790123457,4.11522633744856,5.34979423868313,23.8683127572016,0,456"
20260201231500,newsbtc.com,https://www.newsbtc.com/altcoin/gold-vs-xrp-one-asset-just-added-20x-the-others-market-value/,Gold Vs. XRP: One Asset Just Added 20x The Other's Market Value,"-1.8018018018018,2.02702702702703,3.82882882882883,5.85585585585586,26.5765765765766,0,409"
20260202010000,cointelegraph.com,https://cointelegraph.com/news/bitcoin-miner-output-us-winter-storm-latest-data,"US Winter Storm Hits Bitcoin Miner Production, Data Shows","-6.2015503875969,1.03359173126615,7.23514211886305,8.2687338501292,19.3798449612403,1.03359173126615,361"
20260202010000,cointelegraph.com,https://cointelegraph.com/news/strategy-hints-bought-bitcoin-after-weekend-crash,Strategy's Saylor Hints It Bought Bitcoin Dip After Weekend Slide,"0.765306122448979,3.06122448979592,2.29591836734694,5.35714285714286,23.2142857142857,0.510204081632653,354"
20260205051500,coindesk.com,https://www.coindesk.com/markets/2026/02/05/silver-s-17-plunge-reignites-market-behaviour-that-once-topped-bitcoin,"Silver's 17% plunge amid bitcoin drop echoes Michael Burry's ""death spiral"" call","-3.54838709677419,1.61290322580645,5.16129032258065,6.7741935483871,27.0967741935484,0.967741935483871,293"
20260205051500,coindesk.com,https://www.coindesk.com/markets/2026/02/05/bitcoin-slips-below-usd71-000-as-ai-driven-tech-rout,"BTC price news: Bitcoin dumps below $71,000","-6.9204152249135,2.07612456747405,8.99653979238754,11.0726643598616,17.9930795847751,1.03806228373702,268"
20260205051500,coindesk.com,https://www.coindesk.com/markets/2026/02/05/bitcoin-slides-toward-usd70-000-as-on-chain-data-flags-bear-market-and-traders-bet-fed-holds-in-april-asia-morning-briefing,"Bitcoin slides toward $70,000 as on-chain data flags bear market and traders bet Fed holds in April: Asia Morning Briefing","-1.25588697017268,2.66875981161695,3.92464678178964,6.59340659340659,23.7048665620094,0.470957613814757,582"
20260205051500,coindesk.com,https://www.coindesk.com/markets/2026/02/05/xrp-crashes-to-its-lowest-since-trump-s-election-win,Ripple news: XRP crashes to its lowest since Trump's election win. What next,"-0.576368876080692,2.59365994236311,3.1700288184438,5.76368876080692,26.5129682997118,0.864553314121038,319"
20260205041500,newsbtc.com,https://www.newsbtc.com/bitcoin-news/bitcoins-1-million-dollar-path-starts-in-2026-bitwise-says/,"Bitcoin's $1 Million-Dollar Path Starts In 2026, Bitwise Says","-0.200400801603206,2.40480961923848,2.60521042084168,5.01002004008016,28.4569138276553,0.400801603206413,442"
20260205041500,newsbtc.com,https://www.newsbtc.com/news/bitcoin/bitcoin-drops-again-though-analysts-say-the-move-isnt-unusual/,"Bitcoin Drops Again, Though Analysts Say The Move Isn't Unusual","-3.74449339207048,1.10132158590308,4.84581497797357,5.94713656387665,27.3127753303965,0.220264317180617,419"
20260205041500,newsbtc.com,https://www.newsbtc.com/analysis/btc/bitcoin-price-falls-further-70k/,"Bitcoin Price Falls Further, Raising Stakes At The $70K Support","-1.10132158590308,2.20264317180617,3.30396475770925,5.50660792951542,28.1938325991189,0,404"
20260205041500,newsbtc.com,https://www.newsbtc.com/analysis/eth/ethereum-price-hangs-at-2100/,"Ethereum Price Hangs At $2,100, Downside Thrust Toward $2,000 Looms Large","-0.21505376344086,2.58064516129032,2.79569892473118,5.37634408602151,28.1720430107527,0,418"
20260205041500,newsbtc.com,https://www.newsbtc.com/bitcoin-news/bitcoin-mvrv-z-score-compresses-levels-last-29000/,"Bitcoin MVRV Z-Score Compresses To Levels Last Seen Near $29,000","-0.874125874125874,1.92307692307692,2.7972027972028,4.72027972027972,27.972027972028,0,538"
20260205043000,cointelegraph.com,https://cointelegraph.com/news/xrp-traders-sentiment-high-bitcoin-ethereum-santiment,XRP Sentiment Extremely Higher Than Bitcoin And Ethereum: Santiment,"-2.9126213592233,1.69902912621359,4.61165048543689,6.31067961165049,25.2427184466019,0.728155339805825,376"
20260205043000,cointelegraph.com,https://cointelegraph.com/news/multicoin-exec-kyle-samani-steps-down-explore-new-tech,Kyle Samani leaves Multicoin in 'bittersweet moment' to explore new tech,"0,3.42105263157895,3.42105263157895,6.8421052631579,20.5263157894737,0.789473684210526,339"
20260218064500,cointelegraph.com,https://cointelegraph.com/news/bitcoin-divergence-tech-fire-alarm-fiat-system-hayes,Arthur Hayes Predicts AI Banking Crisis And Bitcoin Surge,"-5.63106796116505,2.52427184466019,8.15533980582524,10.6796116504854,24.6601941747573,0.388349514563107,469"
20260218064500,cointelegraph.com,https://cointelegraph.com/news/4-data-points-suggest-xrp-price-bottomed-at-dollar1-12-are-bulls-ready-to-take-over,XRP's Price Bottom May Be In: Are Bulls Ready To Take Control?,"-1.55367231638418,1.41242937853107,2.96610169491525,4.37853107344633,22.316384180791,0.141242937853107,633"
20260218074500,newsbtc.com,https://www.newsbtc.com/bitcoin-news/is-bitcoin-supply-moving-to-strong-hands-whale-data-suggest-structural-shift/,Is Bitcoin Supply Moving To Strong Hands? Whale Data Suggest Structural Shift,"-3.81791483113069,1.61527165932452,5.43318649045521,7.04845814977974,26.1380323054332,0,629"
20260218074500,newsbtc.com,https://www.newsbtc.com/bitcoin-news/bitcoin-miners-pull-36k-btc-from-exchanges-in-weeks-what-comes-next/,Bitcoin Miners Pull 36K BTC From Exchanges In Weeks: What Comes Next?,"-2.91734197730956,2.26904376012966,5.18638573743922,7.45542949756888,26.2560777957861,0,592"
20260218074500,newsbtc.com,https://www.newsbtc.com/bitcoin-news/274-billion-in-potential-bitcoin-selling-could-hit-markets-expert-says/,"$274 Billion In Potential Bitcoin Selling Could Hit Markets, Expert Says","-2.85714285714286,1.83673469387755,4.69387755102041,6.53061224489796,21.8367346938776,0,440"
20260218074500,newsbtc.com,https://www.newsbtc.com/analysis/doge/dogecoin-doge-builds-accumulation-0-10/,Dogecoin (DOGE) Builds Accumulation Structure Ahead Of Possible Breakout,"-0.66079295154185,2.42290748898678,3.08370044052863,5.50660792951542,26.431718061674,0.220264317180617,392"
20260218074500,newsbtc.com,https://www.newsbtc.com/analysis/eth/ethereum-price-anchors-at-1920/,"Ethereum Price Anchors At $1,920 &#x2014; Can Bulls Ignite A Fresh Upside Leg?","2.17864923747277,4.57516339869281,2.39651416122004,6.97167755991285,28.9760348583878,0,413"
20260218074500,newsbtc.com,https://www.newsbtc.com/analysis/xrp/xrp-price-signals-upside-reversal-1-50/,XRP Price Signals Potential Upside Reversal After Prolonged Weakness,"-1.95652173913044,1.95652173913044,3.91304347826087,5.8695652173913,28.9130434782609,0,412"
20260218074500,newsbtc.com,https://www.newsbtc.com/bitcoin-news/bitcoin-accumulation-weaker-november-2025-glassnode/,Bitcoin Accumulation Notably Weaker Than Nov 2025 Bounce: Glassnode,"-0.543478260869565,1.26811594202899,1.81159420289855,3.07971014492754,28.804347826087,0,524"
20260218080000,coindesk.com,https://www.coindesk.com/markets/2026/02/18/bitcoin-losing-usd70-000-is-a-warning-sign-for-further-downside,"Bitcoin losing $70,000 is a warning sign for further downside","-2.92134831460674,2.02247191011236,4.9438202247191,6.96629213483146,24.4943820224719,0.898876404494382,411"
20260218080000,coindesk.com,https://www.coindesk.com/markets/2026/02/18/peter-thiel-dumps-all-his-stock-in-ether-treasury-firm-ethzilla,Peter Thiel's Founders Fund dumps every ETHZilla share,"0.873362445414847,3.49344978165939,2.62008733624454,6.11353711790393,22.2707423580786,1.31004366812227,209"
20260218080000,coindesk.com,https://www.coindesk.com/markets/2026/02/18/bitcoin-etfs-hold-billions-after-price-crash-but-resilience-masks-harsh-reality,"Bitcoin ETFs hold billions after price crash, but resilience masks harsh reality","-0.704225352112676,2.58215962441315,3.28638497652582,5.86854460093897,24.4131455399061,0.704225352112676,380"
20260128194500,cointelegraph.com,https://cointelegraph.com/news/bitcoin-price-fails-follow-gold-hits-5-3k-record-high,"Bitcoin Rethinks a $90,000 Breakout Despite a US Dollar Nosedive","-1.15321252059308,1.97693574958814,3.13014827018122,5.10708401976936,22.0757825370675,2.47116968698517,553"
20260128194500,cointelegraph.com,https://cointelegraph.com/news/crypto-pac-fairshake-contributions-us-midterms,"Crypto PAC Reports $193M after Donations from Ripple, Coinbase, a16z","0.656814449917898,2.29885057471264,1.64203612479475,3.94088669950739,16.9129720853859,1.3136288998358,533"
20260128194500,cointelegraph.com,https://cointelegraph.com/news/dubai-insurance-crypto-wallet-premium-payments-claims,Dubai Insurance Launches Crypto Wallet for Premium Payments and Claims,"0.54945054945055,3.2967032967033,2.74725274725275,6.04395604395604,18.6813186813187,0,345"
20260128194500,cointelegraph.com,https://cointelegraph.com/news/price-predictions-1-28-btc-eth-bnb-xrp-sol-doge-ada-bch-hype-xmr,"Gold rally, FOMC outcome And Weak DXY May Extend Crypto Market Rally","0.429491768074445,2.57695060844667,2.14745884037223,4.7244094488189,28.4896206156049,0,1312"
20260128194500,cointelegraph.com,https://cointelegraph.com/news/bitcoin-traders-eye-dollar93-5k-liquidation-sweep-despite-fed-interest-rate-pause,Bitcoin Bulls Target $93.5K As Short Positions Turn Into A Magnet,"-5.29411764705882,1.37254901960784,6.66666666666667,8.03921568627451,29.0196078431373,0.980392156862745,461"
20260128194500,cointelegraph.com,https://cointelegraph.com/news/hype-price-soars-58-percent-exploding-commodities-trading-hyperliquid,How High Can HYPE's Price Go After 58% Gains in 72 Hours?,"1.64203612479475,2.79146141215107,1.14942528735632,3.94088669950739,23.4811165845649,0,532"
20260128194500,cointelegraph.com,https://cointelegraph.com/news/fidelity-stablecoin-national-trust-bank-occ,Fidelity to Launch Stablecoin Through National Trust Bank,"3.39943342776204,5.09915014164306,1.69971671388102,6.79886685552408,17.8470254957507,2.26628895184136,324"
20260202180000,bitcoinmagazine.com,https://bitcoinmagazine.com/markets/strategy-mstr-bought-855-bitcoin,Strategy ($MSTR) Bought 855 More Bitcoin Before Price Crash,"1.0989010989011,3.2967032967033,2.1978021978022,5.49450549450549,17.5824175824176,0,385"
20260202180000,bitcoinmagazine.com,https://bitcoinmagazine.com/markets/bitcoin-is-coming-off-a-brutal-week,"Bitcoin Had A Brutal Dip To $74,500. Here's What's Happening","-6.58682634730539,2.09580838323353,8.68263473053892,10.7784431137725,21.7065868263473,0,582"
20260202180000,bitcoinmagazine.com,https://bitcoinmagazine.com/print/the-core-issue-letter-from-the-editor,The Core Issue: Letter From The Editor,"0.245098039215686,0.980392156862745,0.735294117647059,1.7156862745098,25,0.735294117647059,368"
20260202180000,bitcoinmagazine.com,https://bitcoinmagazine.com/news/crypto-fugitive-arrested-in-venezuela,Crypto Fugitive With $56M In Bitcoin Arrested In Venezuela,"-5.56900726392252,1.45278450363196,7.02179176755448,8.47457627118644,19.3704600484261,0,371"
20260202190000,newsbtc.com,https://www.newsbtc.com/analysis/xrp/trade-xrp-price-short-term/,How To Trade The XRP Price In The Short Term After The Massive Crash,"-4.27509293680297,3.53159851301115,7.80669144981413,11.3382899628253,27.1375464684015,0.185873605947955,496"
20260202190000,newsbtc.com,https://www.newsbtc.com/press-releases/creditblockchain-cloud-mining-helps-users-earn-up-to-0-078-bitcoins-of-passive-income-per-day/,CreditBlockchain cloud mining helps users earn up to 0.078 Bitcoins of passive income per day,"4.23728813559322,6.92090395480226,2.68361581920904,9.6045197740113,21.8926553672316,1.55367231638418,609"
20260202190000,newsbtc.com,https://www.newsbtc.com/news/bitcoin/bitcoins-market-crashes/,"While Bitcoin's market Crashes, Theo4 Is Quietly Dominating Polymarket","-0.606060606060606,2.82828282828283,3.43434343434343,6.26262626262626,23.6363636363636,0,461"
20260202190000,newsbtc.com,https://www.newsbtc.com/sui/sui-slides-into-key-fib-support/,SUI Slides Into Key Fib Support &#x2014; Is the Downtrend Far From Over?,"-1.43149284253579,2.24948875255624,3.68098159509202,5.93047034764826,27.4028629856851,0,463"
20260202190000,newsbtc.com,https://www.newsbtc.com/breaking-news-ticker/whats-next-for-bitcoin-two-key-scenarios-will-it-crash-to-60000-or-surge-to-100000/,"What's Next For Bitcoin? Two Key Scenarios: Will It Crash To $60,000 Or Surge To $100,000?","-2.82258064516129,2.01612903225806,4.83870967741935,6.85483870967742,25,0,454"
20260202194500,coindesk.com,https://www.coindesk.com/markets/2026/02/02/opera-shares-jump-17-after-announcing-expanded-support-for-tether-tokens,Opera (OPRA) shares surge after company's MiniPay adds USDT,"1.98019801980198,3.3003300330033,1.32013201320132,4.62046204620462,20.7920792079208,0.99009900990099,267"
20260202194500,coindesk.com,https://www.coindesk.com/markets/2026/02/02/earnings-season-gathers-steam-u-s-jobs-crypto-week-ahead,"Earnings season gathers steam, U.S. jobs: Crypto Week Ahead","1.53508771929825,1.97368421052632,0.43859649122807,2.41228070175439,14.9122807017544,0.657894736842105,284"
20260202194500,coindesk.com,https://www.coindesk.com/business/2026/02/02/gamestop-s-ryan-cohen-appears-to-be-moving-on-from-bitcoin-eyes-consumer-megadeal,'Way more compelling than bitcoin': GameStop's (GME) Ryan Cohen moving on to other acquisition targets,"1.55763239875389,2.80373831775701,1.24610591900312,4.04984423676012,24.2990654205607,0.934579439252336,290"
20260202194500,coindesk.com,https://www.coindesk.com/markets/2026/02/02/bitcoin-bounces-7-from-lows-but-crypto-remains-under-pressure-in-u-s-trade,"Bitcoin price news: BTC rebounds to $79,000, but HOOD, COIN, MSTR remain sizably lower","-0.650759219088937,2.16919739696312,2.81995661605206,4.98915401301518,21.4750542299349,0.650759219088937,403"
20260202194500,coindesk.com,https://www.coindesk.com/markets/2026/02/02/why-a-usd58-000-bitcoin-is-the-key-number-for-crypto-investors-right-now,Don't panic yet: Bitcoin has a line in the sand that has saved every bull market since 2015,"-0.612244897959184,2.24489795918367,2.85714285714286,5.10204081632653,25.5102040816327,0.612244897959184,427"
20260128163000,coindesk.com,https://www.coindesk.com/tech/2026/01/28/peter-thiel-and-galaxy-backed-citrea-wants-to-turn-idle-bitcoin-into-a-high-speed-bank-account,Peter Thiel and Galaxy-backed Citrea wants to turn your bitcoin into a high-speed bank account,"0.355871886120996,2.49110320284698,2.13523131672598,4.62633451957295,22.0640569395018,1.06761565836299,245"
20260128163000,coindesk.com,https://www.coindesk.com/markets/2026/01/28/altcoins-jump-as-dollar-slides-bitcoin-holds-steady-crypto-markets-today,"Altcoin strength builds as HYPE, JTO climb, BTC price consolidates, dollar falls: Crypto Markets Today","-0.814332247557003,1.95439739413681,2.76872964169381,4.72312703583062,21.0097719869707,0.488599348534202,541"
20260128163000,coindesk.com,https://www.coindesk.com/daybook-us/2026/01/28/traders-bet-on-calm-as-fed-rate-cut-looms,The Fed has an interest rate announcement today &#x2014; crypto traders think it will be boring,"0.840978593272171,2.217125382263,1.37614678899083,3.59327217125382,19.1896024464832,0.229357798165138,1095"
20260128163000,coindesk.com,https://www.coindesk.com/markets/2026/01/28/bullish-bitcoin-traders-grab-crash-protection-as-friday-s-usd8-9b-expiry-nears,Bullish bitcoin (BTC) traders grab crash protection as Friday's $8.9 billion expiry nears,"-2.33545647558386,2.12314225053079,4.45859872611465,6.58174097664544,23.7791932059448,0.849256900212314,424"
20260128163000,coindesk.com,https://www.coindesk.com/markets/2026/01/28/strive-clears-semler-debt-off-books-buys-more-bitcoin-after-usd225-million-preferred-stock-sale,"Bitcoin (BTC) treasury news: Strive (ASST) cleans up balance sheet, adds more BTC","0,1.67364016736402,1.67364016736402,3.34728033472803,18.8284518828452,1.25523012552301,210"
20260128163000,coindesk.com,https://www.coindesk.com/markets/2026/01/28/long-term-bitcoin-holders-resume-selling-as-price-lags-behind-traditional-markets,"LTH's resume heavy BTC selling, adding to downside pressure","-1.33689839572193,1.33689839572193,2.67379679144385,4.01069518716578,23.2620320855615,0.802139037433155,331"
20260128163000,coindesk.com,https://www.coindesk.com/policy/2026/01/28/uk-advertising-watchdog-bans-coinbase-ads-as-irresponsible,U.K. ad watchdog ASA bans Coinbase (COIN) 'irresponsible' crypto ads,"-4.39024390243902,1.95121951219512,6.34146341463415,8.29268292682927,20.7317073170732,1.46341463414634,378"
20260128164500,newsbtc.com,https://www.newsbtc.com/news/bitcoin/us-dollar-bitcoin-ethereum/,"What's Going On With The US Dollar And How Does It Affect Bitcoin, Ethereum Prices?","-4.02193784277879,1.46252285191956,5.48446069469835,6.94698354661792,24.3144424131627,2.37659963436929,499"
20260128160000,bitcoinmagazine.com,https://bitcoinmagazine.com/markets/bitcoin-price-jumps-above-90000,"Bitcoin Price Jumps Above $90,000 Ahead Of Fed Meeting, Senate Vote","-1.54525386313466,2.2075055187638,3.75275938189845,5.96026490066225,21.6335540838852,0,419"
20260128151500,cointelegraph.com,https://cointelegraph.com/news/speculative-capital-shifts-crypto-ai-robotics,"Speculative Capital Flows To Robotics, AI, From Crypto: Delphi Digital","-4.28305400372439,1.86219739292365,6.14525139664804,8.0074487895717,16.9459962756052,0.74487895716946,483"
20260128151500,cointelegraph.com,https://cointelegraph.com/news/tether-coinbase-gold-rush-xau-hit-5-300,"Gold at $5,300 Splits Strategies at Tether and Coinbase","4.82897384305835,5.83501006036217,1.00603621730382,6.841046277666,17.102615694165,0.804828973843058,445"
20260128151500,cointelegraph.com,https://cointelegraph.com/news/top-bitcoin-mining-stocks-soar-us-winter-hashrate-decline,Top Bitcoin Mining Stocks Soar Over US Winter Storm Hashrate Decline,"-3.65591397849462,2.36559139784946,6.02150537634409,8.38709677419355,20.2150537634409,1.29032258064516,432"
20260128151500,cointelegraph.com,https://cointelegraph.com/news/ecb-s-cipollone-says-digital-euro-key-to-payments-sovereignty-in-weaponised-world,ECB's Cipollone Says Digital Euro Key to Europe's Control Over Payments,"-1.95652173913043,2.39130434782609,4.34782608695652,6.73913043478261,20.4347826086957,0.217391304347826,420"
20260128151500,cointelegraph.com,https://cointelegraph.com/news/europe-defi-tax-gap-last-forever-ex-oecd,"EU's DeFi Tax Gap Won't Last Forever, Says Ex-OECD Official","-3.61757105943153,0.689061154177433,4.30663221360896,4.99569336778639,21.1024978466839,0.602928509905254,1060"
20260128151500,cointelegraph.com,https://cointelegraph.com/news/bitcoin-eyes-90k-fomc-watch-these-btc-price-levels-next,Watch These Bitcoin Price Levels Ahead of Fed Chair Powell's Speech,"-0.955414012738854,1.43312101910828,2.38853503184713,3.82165605095541,27.2292993630573,1.11464968152866,572"
20260128151500,cointelegraph.com,https://cointelegraph.com/news/bitcoin-etf-86k-break-even-level-us-wirehouse-influx,Bitcoin ETFs Hit a 'Pivot' Amid Reports of New Buyer Surge,"-1.73410404624277,1.73410404624277,3.46820809248555,5.20231213872832,23.3140655105973,1.15606936416185,487"
20260302063000,coindesk.com,https://www.coindesk.com/markets/2026/03/02/bitcoin-cryptos-under-pressure-as-oil-spikes-6-and-global-markets-price-in-u-s-iran-conflict,"BTC, ETH price news: Bitcoin under pressure as oil spikes 6%. What's next?","-3.44036697247706,1.60550458715596,5.04587155963303,6.65137614678899,23.8532110091743,0.229357798165138,404"
20260302053000,newsbtc.com,https://www.newsbtc.com/analysis/btc/bitcoin-price-trapped-below-70k/,"Bitcoin Price Trapped Below $70K, Market Awaits Breakout Catalyst","1.07991360691145,3.02375809935205,1.9438444924406,4.96760259179266,27.4298056155508,0,415"
20260302053000,newsbtc.com,https://www.newsbtc.com/analysis/eth/ethereum-price-support-intact-1880/,"Ethereum Price Support Intact, but Market Signals Waning Bullish Momentum","0.657894736842105,2.85087719298246,2.19298245614035,5.04385964912281,27.1929824561404,0,414"
20260302053000,newsbtc.com,https://www.newsbtc.com/analysis/xrp/xrp-price-upside-threatened-1-40/,XRP Price Upside Threatened as $1.42 Emerges Key Resistance,"0.655021834061136,2.83842794759825,2.18340611353712,5.02183406113537,28.6026200873362,0,405"
20260302034500,cointelegraph.com,https://cointelegraph.com/news/trump-media-considers-truth-social-spinout,Trump Media Considers Spinning Out Truth Social,"1.47492625368732,3.53982300884956,2.06489675516224,5.6047197640118,20.9439528023599,0.294985250737463,311"
20260225134500,coindesk.com,https://www.coindesk.com/daybook-us/2026/02/25/these-bitcoin-linked-stocks-are-doing-better-than-btc,These bitcoin-linked stocks are doing better than BTC: Crypto Daybook Americas,"-0.141542816702053,1.6277423920736,1.76928520877565,3.39702760084926,19.1082802547771,0.283085633404105,1202"
20260225134500,coindesk.com,https://www.coindesk.com/markets/2026/02/25/strategy-becomes-most-heavily-shorted-u-s-stock-but-don-t-assume-pure-bearishness,"MSTR tops list of most heavily shorted stocks, but don't assume pure bearishness","0.455580865603645,2.96127562642369,2.50569476082005,5.46697038724374,26.1958997722096,0.683371298405467,406"
20260225134500,coindesk.com,https://www.coindesk.com/business/2026/02/25/u-s-senator-opens-probe-on-binance-over-alleged-usd1-7-billion-flow-to-iranian-entities,Sen. Blumenthal probes Binance over alleged $1.7 billion in crypto Iran-linked transactions,"-3.82022471910112,2.92134831460674,6.74157303370786,9.66292134831461,17.752808988764,0.674157303370786,406"
20260225134500,coindesk.com,https://www.coindesk.com/markets/2026/02/25/one-of-longest-mining-capitulations-nears-end-signaling-potential-btc-price-bottom,"Historic mining capitulation nears end, pointing to bitcoin price stabilization","-2.45398773006135,1.84049079754601,4.29447852760736,6.13496932515337,24.2331288343558,1.22699386503067,292"
20260225134500,coindesk.com,https://www.coindesk.com/markets/2026/02/25/crypto-rebounds-from-oversold-levels-altcoin-season-indicator-revisits-january-high,Bitcoin's late-night spike fuels broad altcoin rally: Crypto Markets Today,"0.193423597678917,2.321083172147,2.12765957446809,4.44874274661509,21.6634429400387,0.580270793036751,445"
20260225141500,cointelegraph.com,https://cointelegraph.com/news/south-korea-finfluencer-crypto-stock-disclosure-bill,"South Korea to Require Crypto, Stock Influencers to Disclose Holdings","-3.59712230215827,2.39808153477218,5.99520383693046,8.39328537170264,18.9448441247002,0.239808153477218,371"
20260225141500,cointelegraph.com,https://cointelegraph.com/news/fg-nexus-offloads-14m-in-eth-corporate-ethereum-treasuries,FG Nexus Offloads $14M in ETH as Corporate Ethereum Treasuries in Pain,"-1.45833333333333,2.70833333333333,4.16666666666667,6.875,17.7083333333333,0.208333333333333,432"
20260225141500,cointelegraph.com,https://cointelegraph.com/news/bitcoin-price-climbs-3-percent-gold-divergence-significant-upside,Bitcoin Taps $66k as Stock Divergence Hints at a BTC Price Rally,"-1.08864696734059,2.33281493001555,3.42146189735614,5.7542768273717,20.2177293934681,1.39968895800933,564"
20260225141500,cointelegraph.com,https://cointelegraph.com/news/bitcoin-bounces-66k-rumors-swirl-jane-street-selling-algorithm,"Bitcoin Rebounds as Traders Debate Jane Street ""10am Price Slam""","-3.73001776198934,2.13143872113677,5.86145648312611,7.99289520426288,24.6891651865009,0.88809946714032,515"
20260220154500,cointelegraph.com,https://cointelegraph.com/news/bitcoin-etfs-166-million-outflow-btc-worst-yearly-start,Bitcoin ETFs Near Five-Week Outflow Streak With $404M Outflows,"-2.38095238095238,1.19047619047619,3.57142857142857,4.76190476190476,16.6666666666667,0.952380952380952,370"
20260220154500,cointelegraph.com,https://cointelegraph.com/news/democrats-press-treasury-on-trump-world-liberty-financial,House Democrats Press Bessent Over Trump-Linked Crypto Bank Bid,"0.619834710743802,3.30578512396694,2.68595041322314,5.99173553719008,21.6942148760331,0.413223140495868,438"
20260220154500,cointelegraph.com,https://cointelegraph.com/news/stablecoin-a7a5-parallel-network-sanctioned-companies,Stablecoin A7A5 Grows Parallel System for Sanctioned Companies,"-3.14192849404117,1.30010834236186,4.44203683640303,5.7421451787649,21.5601300108342,0,833"
20260220154500,bitcoinmagazine.com,https://bitcoinmagazine.com/markets/bitcoins-50-slide-quantum-scare,Bitcoin's 50% Slide: Quantum Scare Or Capital Rotation?,"-9.09090909090909,0,9.09090909090909,9.09090909090909,20.4545454545455,0,40"
20260220154500,cointelegraph.com,https://cointelegraph.com/news/tether-usdt-biggest-monthly-decline-ftx-collapse,Tether USDT Set for Biggest Monthly Decline Since FTX Collapse,"0.429184549356223,2.14592274678112,1.71673819742489,3.86266094420601,19.9570815450644,0.214592274678112,413"
20260220174500,newsbtc.com,https://www.newsbtc.com/news/bitcoin/bitcoin-market-bleeds-1-trillion-saylor-signals-strongest-crypto-conviction-yet/,"Bitcoin Bleeds $1T, Saylor Signals Strongest Crypto Conviction Yet","-1.2448132780083,2.69709543568465,3.94190871369295,6.63900414937759,25.3112033195021,0.20746887966805,420"
20260116120000,newsbtc.com,https://www.newsbtc.com/xrp-news/xrp-super-cycle-supertrend-suggests-another-story/,XRP In A 'Super Cycle'? SuperTrend Suggests Another Story,"2.37580993520518,3.88768898488121,1.51187904967603,5.39956803455724,22.8941684665227,0,433"
20260116120000,newsbtc.com,https://www.newsbtc.com/bitcoin-news/bitcoin-tailwind-cathie-wood-reaganomics-on-steroids/,Bitcoin Tailwind: Cathie Wood Predicts 'Reaganomics On Steroids',"-1.21703853955375,2.83975659229209,4.05679513184584,6.89655172413793,20.5882352941176,0.912778904665314,847"
20260301011500,newsbtc.com,https://www.newsbtc.com/altcoin/analyst-says-xrps-15-target-has-still-not-changed-heres-why/,"Analyst Says XRP's $15 Target Has Still Not Changed, Here's Why","0.386100386100386,3.28185328185328,2.8957528957529,6.17760617760618,20.0772200772201,0,470"
20260301011500,newsbtc.com,https://www.newsbtc.com/news/bitcoin/bitcoin-at-historic-rsi-lows/,Bitcoin At Historic RSI Lows &#x2014; Is The Final Flush Already Behind Us?,"-1.931330472103,1.931330472103,3.86266094420601,5.79399141630901,24.4635193133047,0.214592274678112,440"
20260206160000,coindesk.com,https://www.coindesk.com/business/2026/02/06/metaplanet-commits-to-bitcoin-accumulation-even-as-shares-decline,Metaplanet presses ahead with bitcoin purchase plans as shares slide,"-0.543478260869565,1.6304347826087,2.17391304347826,3.80434782608696,19.0217391304348,0.815217391304348,327"
20260206160000,coindesk.com,https://www.coindesk.com/daybook-us/2026/02/06/recovering-bitcoin-still-faces-macro-risks,Bitcoin (BTC) price recovery still faces macro risks: Crypto Daybook Americas,"-1.22887864823349,1.53609831029186,2.76497695852535,4.3010752688172,16.973886328725,0.307219662058372,1127"
20260206160000,coindesk.com,https://www.coindesk.com/business/2026/02/06/bitfarms-says-it-s-no-longer-a-bitcoin-company-doubling-down-on-ai-with-u-s-move,Bitfarms (BITF) says it's 'no longer a Bitcoin company' as it moves to U.S. under new name,"1.82370820668693,2.73556231003039,0.911854103343465,3.64741641337386,26.7477203647416,1.51975683890578,293"
20260206160000,coindesk.com,https://www.coindesk.com/markets/2026/02/06/citi-cuts-coinbase-price-target-to-usd400-after-stock-s-65-plunge-from-record-high,Coinbase (COIN) stock news: Citi trims price target after big decline,"-2.1505376344086,1.88172043010753,4.03225806451613,5.91397849462366,27.1505376344086,0.806451612903226,337"
20260206160000,coindesk.com,https://www.coindesk.com/markets/2026/02/06/record-breaking-stats-from-bitcoin-s-thursday-capitulation-signal-a-bottom-is-near,The record breaking stats from BTC's capitulation on Thursday signal a bottom is near,"-3.35051546391753,1.28865979381443,4.63917525773196,5.92783505154639,28.0927835051546,0.77319587628866,338"
20260206160000,coindesk.com,https://www.coindesk.com/markets/2026/02/06/bitcoin-rises-past-usd68-000-extending-bounce-from-thursday-s-crash,"Bitcoin price news: BTC re-takes $68,000 as Michael Saylor addresses Quantum Computing threat","-0.8,2.4,3.2,5.6,21.8666666666667,1.33333333333333,341"
20260206170000,bitcoinmagazine.com,https://bitcoinmagazine.com/news/bithumb-accidentally-sends-bitcoin-users,"Bithumb Mistakenly Sends Bitcoin To Users, Sparks Selloff","-6.06060606060606,1.63170163170163,7.69230769230769,9.32400932400932,20.5128205128205,0.466200466200466,393"
20260206183000,newsbtc.com,https://www.newsbtc.com/analysis/xrp/next-major-levels-to-watch-xrp/,Here Are The Next Major Levels To Watch For XRP As The Crypto Market Enters Red Season,"-3.7109375,2.9296875,6.640625,9.5703125,26.7578125,0,478"
20260206183000,newsbtc.com,https://www.newsbtc.com/news/bitcoin/bitcoin-shaken-by-major-capitulation-event-as-price-drops-to-65k/,Bitcoin Shaken By Major Capitulation Event As Price Drops To $66K,"-4.64135021097046,1.47679324894515,6.11814345991561,7.59493670886076,27.0042194092827,0.421940928270042,421"
20260206183000,newsbtc.com,https://www.newsbtc.com/analysis/xrp/xrp-not-reaching-10000-flawed/,"Why The Market Cap Argument For XRP Price Not Reaching $10,000 Is 'Flawed'","-3.94477317554241,0.788954635108481,4.73372781065089,5.52268244575937,24.8520710059172,0,460"
20260206184500,cointelegraph.com,https://cointelegraph.com/news/bitcoin-beats-ftx-covid-19-crash-record-dive-below-200-day-trend-line,Bitcoin Just Saw One of Its Fastest Crashes in History,"-2.5440313111546,0.978473581213307,3.52250489236791,4.50097847358121,22.8962818003914,0.978473581213307,455"
20260206184500,cointelegraph.com,https://cointelegraph.com/news/galaxy-approves-buyback-class-a-shares,Galaxy Authorizes $200M Share Buyback Amid Crypto Market Downturn,"-0.206611570247934,2.06611570247934,2.27272727272727,4.33884297520661,22.1074380165289,0,416"
20260206184500,cointelegraph.com,https://cointelegraph.com/magazine/bitcoin-bull-catalyst-michael-saylor-strategy-liquidation-makim-balashevich/,Bitcoin's 'biggest bull catalyst' would be Saylor's liquidation: Santiment founder,"-1.2512030798845,1.82868142444658,3.07988450433109,4.90856592877767,22.5216554379211,0.577478344562079,915"
20260206184500,cointelegraph.com,https://cointelegraph.com/news/bitcoin-core-dev-gloria-zhao-quits,Bitcoin Core Maintainer Gloria Zhao Quits After Six Years,"-3.92609699769053,2.54041570438799,6.46651270207852,9.00692840646651,21.7090069284065,0.46189376443418,368"
20260206184500,cointelegraph.com,https://cointelegraph.com/news/why-privacy-coins-often-appear-in-post-hack-fund-flows,Why Privacy Coins Often Appear in Post-Hack Fund Flows,"-4.95928941524796,2.81273131014064,7.7720207253886,10.5847520355292,20.5033308660252,0.296076980014804,1253"
20260206184500,cointelegraph.com,https://cointelegraph.com/news/ether-leads-crypto-losses-30-percent-crash-where-is-the-bottom,Ether's Technicals and Onchain Data Signals ETH Could Slip below $1.4K,"-2.60869565217391,0.695652173913043,3.30434782608696,4,23.304347826087,0.173913043478261,493"
20260206184500,cointelegraph.com,https://cointelegraph.com/news/what-really-weighing-on-bitcoin-samson-mow,Samson Mow Breaks Down Bitcoin Market Crash,"-3.58744394618834,2.24215246636771,5.82959641255605,8.07174887892377,24.6636771300448,1.34529147982063,202"
20260206194500,coindesk.com,https://www.coindesk.com/business/2026/02/06/bitcoin-crashed-to-usd55-000-on-bithumb-after-exchange-accidentally-airdropped-users-2-000-btc,"Bithumb mistake sent BTC price to $55,000 on that exchange","-4,1.6,5.6,7.2,19.6,1.2,235"
20260206194500,coindesk.com,https://www.coindesk.com/business/2026/02/06/crypto-s-eligibility-for-401k-retirement-is-under-fire-after-brutal-market-rout-wipes-out-usd2-trillion,Bitcoin's brutal crash just became a nightmare for the plan to put crypto in Americans' retirement,"-1.50753768844221,2.1105527638191,3.61809045226131,5.7286432160804,23.6180904522613,1.30653266331658,896"
20260206194500,coindesk.com,https://www.coindesk.com/business/2026/02/06/russia-s-largest-bank-sberbank-prepares-to-issue-crypto-backed-loans,Sberbank moves toward crypto-backed lending as Russia readies regulation,"1.21951219512195,1.46341463414634,0.24390243902439,1.70731707317073,19.7560975609756,0.731707317073171,347"
20260206194500,coindesk.com,https://www.coindesk.com/policy/2026/02/06/china-expands-crypto-crackdown-to-stablecoins-asset-tokenization,"China expands crypto crackdown to stablecoins, asset tokenization","-4.3360433604336,1.6260162601626,5.96205962059621,7.58807588075881,19.7831978319783,0.813008130081301,322"
20260206194500,coindesk.com,https://www.coindesk.com/markets/2026/02/06/bitwise-says-peak-anxiety-signals-crypto-market-is-nearing-a-bottom,"Crypto grinding out a bottom as fundamentals diverge from price, Bitwise says","-2.99785867237687,1.9271948608137,4.92505353319058,6.85224839400428,22.0556745182013,0.642398286937901,421"
20260206194500,coindesk.com,https://www.coindesk.com/markets/2026/02/06/bitcoin-rises-to-usd70-000-extending-bounce-from-thursday-s-crash,"Bitcoin price news: BTC re-takes $70,000 as Michael Saylor addresses Quantum Computing threat","-0.804289544235925,2.41286863270777,3.2171581769437,5.63002680965147,21.71581769437,1.34048257372654,338"
20260206194500,coindesk.com,https://www.coindesk.com/markets/2026/02/06/here-s-what-wall-street-analysts-are-saying-about-strategy-after-massive-q4-loss,"Michael Saylor's Strategy's (MSTR) big Q4 loss looks dramatic, but bitcoin would have to fall below $8K to trigger trouble","-0.852878464818764,4.26439232409382,5.11727078891258,9.3816631130064,24.7334754797441,0.639658848614073,423"
20260206194500,coindesk.com,https://www.coindesk.com/opinion/2026/02/06/why-normalization-of-digital-asset-treasuries-is-the-next-big-business-trend,Why normalization of digital asset treasuries is the next big business trend,"-0.331858407079646,4.97787610619469,5.30973451327434,10.287610619469,27.1017699115044,2.32300884955752,847"
20260131111500,cointelegraph.com,https://cointelegraph.com/news/coinbase-insider-trading-lawsuit-against-armstrong-directors-moves-forward,"Coinbase Insider Trading Lawsuit Against Armstrong, Andreessen Move Forward","-3.67647058823529,2.20588235294118,5.88235294117647,8.08823529411765,22.0588235294118,0.183823529411765,495"
20260131111500,cointelegraph.com,https://cointelegraph.com/news/crypto-larsen-draper-40m-california-politics-wealth-tax-unions,Crypto Billionaires Target California Wealth Tax With $40M Political Push,"-0.39447731755424,2.16962524654832,2.56410256410256,4.73372781065089,23.4714003944773,0.788954635108481,450"
20260131111500,cointelegraph.com,https://cointelegraph.com/news/us-treasury-sanctions-iran-linked-crypto-exchanges-first-time,US Treasury Sanctions Iran-Linked Crypto Exchanges for First Time,"-4.49678800856531,2.35546038543897,6.85224839400428,9.20770877944326,20.1284796573876,0.428265524625268,429"
20260131111500,coindesk.com,https://www.coindesk.com/markets/2026/01/31/binance-pins-crypto-s-worst-ever-liquidation-day-on-macro-risks-not-exchange-failure,"Binance pins crypto's worst-ever liquidation day on macro risks, not exchange failure","-7.77537796976242,0.863930885529158,8.63930885529158,9.50323974082074,21.8142548596112,0.647948164146868,406"
20260131111500,cointelegraph.com,https://cointelegraph.com/news/crypto-etf-bitcoin-ether-outflows-metals-sentiment-down,Bitcoin And Ether ETFs Post $1.82B Outflows Across Trading Week,"-1.48883374689826,1.98511166253102,3.47394540942928,5.4590570719603,23.0769230769231,0.744416873449132,341"
20260131111500,coindesk.com,https://www.coindesk.com/markets/2026/01/31/bitcoin-ether-fall-as-shutdown-clock-hits-and-markets-brace-for-a-messy-monday,"U.S. government enters partial shutdown, here's how it impacts bitcoin and ether","-3.89221556886228,0.598802395209581,4.49101796407186,5.08982035928144,27.5449101796407,0.898203592814371,302"
20260131111500,coindesk.com,https://www.coindesk.com/markets/2026/01/31/silver-s-35-plunge-ends-up-beating-bitcoin-in-a-rare-crypto-liquidation-shock,Silver's 35% plunge ends up beating bitcoin in a rare crypto liquidation shock,"-3.91304347826087,1.95652173913044,5.8695652173913,7.82608695652174,23.4782608695652,0.652173913043478,420"
20260131094500,newsbtc.com,https://www.newsbtc.com/crypto/hyperliquid-hype-rally-expert-suggests-continued-growth-35-target-looms/,"Hyperliquid (HYPE) Rally: Expert Suggests Continued Growth, $35 Target Looms","0,2.45901639344262,2.45901639344262,4.91803278688525,23.2786885245902,0,550"
20260212114500,cointelegraph.com,https://cointelegraph.com/news/securitize-to-launch-rwa-backed-stablecoin-with-okx-stbl-hamilton-lane,"Securitize Plans RWA Stablecoin with OKX, STBL, Hamilton Lane","-0.411522633744856,1.85185185185185,2.26337448559671,4.11522633744856,22.0164609053498,0.411522633744856,451"
20260212114500,cointelegraph.com,https://cointelegraph.com/news/gen-z-crypto-valentines-date-payments-okx-survey,Gen Z Open to Crypto for Valentine's Day Dates: Survey,"1.31578947368421,4.3859649122807,3.07017543859649,7.45614035087719,22.3684210526316,0.43859649122807,418"
20260212114500,cointelegraph.com,https://cointelegraph.com/news/binance-completes-1b-bitcoin-safu-conversion,Binance Completes $1B Bitcoin Conversion for SAFU Fund,"-3.03030303030303,1.2987012987013,4.32900432900433,5.62770562770563,23.3766233766234,0.865800865800866,423"
20260212114500,cointelegraph.com,https://cointelegraph.com/news/ark-buy-robinhood-34-million-bitcoin-slip-below-66k,ARK Invest Snaps Up $33M in Robinhood Shares Amid Bitcoin Dip,"-2.55220417633411,1.16009280742459,3.7122969837587,4.87238979118329,15.0812064965197,0.464037122969838,381"
20260212131500,coindesk.com,https://www.coindesk.com/markets/2026/02/12/bitcoin-defies-extreme-fear-hot-jobs-report-to-show-signs-of-resilience,"Bitcoin defies 'extreme fear,' hot jobs report to show signs of resilience: Crypto Markets Today","-2.46913580246914,2.64550264550265,5.11463844797178,7.76014109347443,22.9276895943563,0.529100529100529,506"
20260212131500,coindesk.com,https://www.coindesk.com/daybook-us/2026/02/12/crypto-bulls-ignore-extreme-fear-to-push-bitcoin-higher,:Crypto Daybook Americas,"-1.06295993458708,1.47179067865904,2.53475061324612,4.00654129190515,16.6802943581357,0.408830744071954,1061"
20260212131500,coindesk.com,https://www.coindesk.com/business/2026/02/12/binance-converts-its-usd1-billion-safu-fund-into-15-000-btc,Binance completes $1 billion shift of stablecoin reserves into bitcoin (BTC),"0.543478260869565,2.98913043478261,2.44565217391304,5.43478260869565,22.2826086956522,0.815217391304348,334"
20260212131500,coindesk.com,https://www.coindesk.com/markets/2026/02/12/transform-ventures-ceo-michael-terpin-says-bitcoin-could-see-one-more-point-of-pain,Transform Ventures CEO Michael Terpin says bitcoin could see 'one more point of pain',"-0.90293453724605,2.25733634311512,3.16027088036117,5.4176072234763,25.5079006772009,1.35440180586907,387"
20260212131500,coindesk.com,https://www.coindesk.com/markets/2026/02/12/ark-buys-usd11-6-million-of-bullish-shares-in-ninth-consecutive-day-of-buying-blsh,Cathie Wood's Ark buys $11.6 million of Bullish (BLSH) shares in 9th straight day of purchases,"1.49253731343284,2.61194029850746,1.11940298507463,3.73134328358209,17.5373134328358,1.11940298507463,217"
20260212131500,coindesk.com,https://www.coindesk.com/business/2026/02/12/recapping-day-2-of-consensus-hong-kong,"Recapping day 2 of Consensus Hong Kong: developers, scaling, PitchFest , Hackathon","-1.66112956810631,1.32890365448505,2.99003322259136,4.31893687707641,24.2524916943522,0.996677740863787,271"
20260212104500,newsbtc.com,https://www.newsbtc.com/news/ripple/xrp-slips-4-amid-policy-uncertainty-but-analysts-say-a-major-move-is-brewing/,"XRP Slips 4% Amid Policy Uncertainty, but Analysts Say a Major Move Is Brewing","-1.89873417721519,1.89873417721519,3.79746835443038,5.69620253164557,24.2616033755274,0,431"
20260212104500,newsbtc.com,https://www.newsbtc.com/bitcoin-news/bitcoin-realized-losses-hit-luna-crash-levels-but-price-context-points-to-a-different-market-phase/,Bitcoin Realized Losses Hit Luna Crash Levels &#x2014; But Price Context Points To A Different Market Phase,"-5.95611285266458,2.35109717868339,8.30721003134796,10.6583072100313,23.8244514106583,0,585"
20260212104500,newsbtc.com,https://www.newsbtc.com/bitcoin-news/bitcoin-luna-level-capitulation-signal/,"Bitcoin Flashes Luna-Level Capitulation Signal at $67K, Not $19K","-6.7948717948718,2.05128205128205,8.84615384615385,10.8974358974359,24.3589743589744,0,703"
20260212104500,newsbtc.com,https://www.newsbtc.com/bitcoin-news/bitcoin-social-bearish-price-recovers-60000-drop/,"Bitcoin Social Sentiment Stays Bearish Even As Price Recovers From $60,000 Drop","-2.05223880597015,1.30597014925373,3.35820895522388,4.66417910447761,25.5597014925373,0.186567164179104,518"
20260211080000,cointelegraph.com,https://cointelegraph.com/news/tokenized-commodities-like-gold-reach-6-billion,Tokenized Commodities Blows Past $6B on Gold Adoption,"2.54901960784314,4.11764705882353,1.56862745098039,5.68627450980392,21.7647058823529,0,441"
20260211080000,cointelegraph.com,https://cointelegraph.com/news/fairshake-barry-moore-alabama-senate-crypto,Fairshake Supporting Barry Moore's Senate Bid With $5M,"2.95454545454545,3.86363636363636,0.909090909090909,4.77272727272727,20.9090909090909,2.04545454545455,404"
20260211081500,coindesk.com,https://www.coindesk.com/policy/2026/02/11/hong-kong-working-to-allow-perpetual-contracts-chief-regulator-says,"Hong Kong working to allow perpetual contracts, chief regulator says","0.808625336927224,1.88679245283019,1.07816711590297,2.96495956873315,24.5283018867925,1.61725067385445,328"
20260211081500,coindesk.com,https://www.coindesk.com/business/2026/02/11/spark-looks-to-build-building-a-safe-bridge-between-onchain-capital-and-tradfi,Spark pushes DeFi stablecoin liquidity into institutional crypto lending,"-0.688073394495413,2.06422018348624,2.75229357798165,4.81651376146789,25.4587155963303,1.14678899082569,396"
20260211070000,newsbtc.com,https://www.newsbtc.com/bitcoin-news/bitcoin-chart-screams-2022-bear-market/,"Bitcoin Screams 2022 Bear Market, Until You Notice What's Missing","-3.93081761006289,1.10062893081761,5.0314465408805,6.13207547169811,25.4716981132075,0.943396226415094,576"
20260211070000,newsbtc.com,https://www.newsbtc.com/bitcoin-news/bitcoin-pumpable-says-cryptoquant-heres-why/,"Bitcoin Not ""Pumpable"" Right Now, Says CryptoQuant Founder: Here's Why","-2.45283018867925,0.754716981132076,3.20754716981132,3.9622641509434,32.0754716981132,0,485"
20260211070000,newsbtc.com,https://www.newsbtc.com/analysis/btc/bitcoin-price-fails-to-stabilize-70k/,"Bitcoin Price Fails To Stabilize, Is Another Drop Imminent?","0.440528634361233,2.6431718061674,2.20264317180617,4.84581497797357,29.295154185022,0,401"
20260211070000,newsbtc.com,https://www.newsbtc.com/analysis/eth/ethereum-price-slips-danger-2120/,Ethereum Price Slips Into Danger Zone As Breakdown Threat Grows,"0.222222222222222,2.44444444444444,2.22222222222222,4.66666666666667,27.1111111111111,0,404"
20260211070000,newsbtc.com,https://www.newsbtc.com/analysis/solana-sol-under-pressure-95/,Solana (SOL) Under Pressure As Downtrend Looks Ready To Resume,"1.23762376237624,3.21782178217822,1.98019801980198,5.1980198019802,29.9504950495049,0.247524752475248,383"
20260211070000,newsbtc.com,https://www.newsbtc.com/analysis/xrp/xrp-price-faces-critical-test-1-50/,"XRP Price Faces Critical Test, Failure Could Trigger Another Slide","-2.58215962441315,1.64319248826291,4.22535211267606,5.86854460093897,28.6384976525822,0,392"
20260115021500,bitcoinmagazine.com,https://bitcoinmagazine.com/news/russia-moves-to-make-crypto-everyday-bill,Russia Wants To Make Crypto 'Everyday Finance' In New Bill,"-1.34831460674157,2.69662921348315,4.04494382022472,6.74157303370786,24.0449438202247,0,412"
20260115024500,newsbtc.com,https://www.newsbtc.com/news/bitcoin/bitcoin-price-crash-to-57000/,"Bitcoin Price Crash To $57,000: The Bullish Path That Could End In Tears","1.39720558882236,2.39520958083832,0.998003992015968,3.39321357285429,25.9481037924152,0,449"
20260115024500,newsbtc.com,https://www.newsbtc.com/analysis/xrp/xrp-gold-ratio-support-zone/,"XRP/Gold Ratio Just Reached A Historical Support Zone, What This Means For Price","3.18091451292246,4.97017892644135,1.78926441351889,6.75944333996024,21.0735586481113,0,454"
20260115024500,newsbtc.com,https://www.newsbtc.com/analysis/xrp/xrp-at-a-breakout-line/,XRP Compresses At A Breakout Line &#x2014; Structure Says Expansion Is Brewing,"0.395256916996048,2.56916996047431,2.17391304347826,4.74308300395257,23.3201581027668,0,481"
20260115024500,newsbtc.com,https://www.newsbtc.com/news/litecoin/litecoin-whale-spikes-5-week-high-reversal/,Litecoin Whale Activity Spikes To 5-Week High: Reversal Or Continuation Signal?,"-0.82815734989648,0.41407867494824,1.24223602484472,1.65631469979296,27.9503105590062,0,457"
20260115024500,newsbtc.com,https://www.newsbtc.com/bitcoin-news/bitcoin-futures-flush-31-of-open-interest/,Bitcoin Futures Flush 31% Of Open Interest: Bottom Thesis Takes Shape,"-2.46478873239437,1.76056338028169,4.22535211267606,5.98591549295775,29.9295774647887,0.352112676056338,530"
20260115050000,cointelegraph.com,https://cointelegraph.com/news/crypto-industry-split-over-clarity-act,Crypto Industry Splits Over CLARITY Act Market Structure Bill,"0.638977635782747,4.63258785942492,3.99361022364217,8.62619808306709,23.0031948881789,1.2779552715655,574"
20260115050000,cointelegraph.com,https://cointelegraph.com/news/russia-bill-open-crypto-aims-common-occurrence-report,Russia Plans Bill to Open Crypto to Retail: Report,"-1.07296137339056,1.28755364806867,2.36051502145923,3.6480686695279,23.6051502145923,0.429184549356223,434"
20260115050000,cointelegraph.com,https://cointelegraph.com/news/crypto-fear-greed-hits-greed-bitcoin-two-month-high,Crypto Fear and Greed Hits Greed as Bitcoin Climbs Two Month High,"-4.07239819004525,1.35746606334842,5.42986425339367,6.78733031674208,23.3031674208145,0.226244343891403,395"
20260115050000,cointelegraph.com,https://cointelegraph.com/news/clarity-act-crypto-market-structure-coinbase-brian-armstrong,Coinbase Withdraws Support For Crypto Market Structure Bill,"-1.22448979591837,4.48979591836735,5.71428571428571,10.2040816326531,25.9183673469388,1.42857142857143,454"
20260124144500,newsbtc.com,https://www.newsbtc.com/news/bitcoin/bitcoin-price-still-has-room-to-fall-below-60k-crypto-ceo/,Bitcoin Price Still Has Room To Fall Below $60K &#x2014; Crypto CEO,"-0.526315789473684,2.10526315789474,2.63157894736842,4.73684210526316,24.2105263157895,0,352"
20260124120000,cointelegraph.com,https://cointelegraph.com/news/netherlands-unrealized-gains-tax-stocks-crypto-box-3,Netherlands Plans Unrealized Gains Tax on Stocks and Crypto,"-3.14009661835749,3.6231884057971,6.76328502415459,10.3864734299517,26.0869565217391,0,382"
20260124120000,cointelegraph.com,https://cointelegraph.com/news/ethereum-foundation-post-quantum-security-team,Ethereum Foundation Forms Dedicated Post-Quantum Security Team,"1.70731707317073,2.92682926829268,1.21951219512195,4.14634146341463,24.8780487804878,0,369"
20260109133000,cointelegraph.com,https://cointelegraph.com/news/bitcoin-ether-etf-outflows-january-2026-pullback,"Bitcoin, Ether ETFs See January Outflows After Early-Year Rebound","-0.873362445414847,2.40174672489083,3.27510917030568,5.67685589519651,14.1921397379913,0,387"
20260109133000,cointelegraph.com,https://cointelegraph.com/news/grayscale-bnb-hype-etf-delaware-trusts,Grayscale Forms Trusts for Potential BNB and HYPE ETFs,"2.3696682464455,3.3175355450237,0.947867298578199,4.2654028436019,18.7203791469194,0.4739336492891,378"
20260109133000,cointelegraph.com,https://cointelegraph.com/news/the-hidden-risk-of-public-wifi,The Hidden Risk of Public WiFi: How a Wallet Approval Wiped a Crypto Wallet,"-4.47530864197531,3.39506172839506,7.87037037037037,11.2654320987654,23.1481481481481,0.154320987654321,596"
20260109133000,cointelegraph.com,https://cointelegraph.com/news/zcash-developer-activity-2021-governance-dispute,"Zcash Developer Activity 2021 Low, ZEC Down 40% On Governance Dispute","0.448430493273543,3.36322869955157,2.91479820627803,6.2780269058296,21.0762331838565,0,403"
20260109133000,cointelegraph.com,https://cointelegraph.com/news/babylon-code-vulnerability-block-production,Babylon Code Vulnerability Risks Block Production Slowdown,"-6.78336980306346,1.31291028446389,8.09628008752735,9.40919037199125,24.0700218818381,0,428"
20260109133000,cointelegraph.com,https://cointelegraph.com/news/crypto-trading-consolidates-as-major-exchange-reports-34t-annual-volume,Crypto trading consolidates as major exchange reports $34T annual volume,"0.268096514745308,3.08310991957105,2.81501340482574,5.89812332439678,17.2922252010724,0.134048257372654,645"
20260109133000,cointelegraph.com,https://cointelegraph.com/news/sharplink-33m-ether-staking-170m-yield,"Sharplink Pockets $33M From Ether Staking, Deploys Another $170M","2.04081632653061,3.2069970845481,1.16618075801749,4.3731778425656,23.0320699708455,0.291545189504373,309"
20260109133000,cointelegraph.com,https://cointelegraph.com/news/south-korea-exchange-held-bitcoin,South Korea's Supreme Court Says Bitcoin Held on Exchanges Can Be Seized,"-3.9119804400978,1.9559902200489,5.8679706601467,7.8239608801956,22.4938875305623,0,372"
20260213213000,bitcoinmagazine.com,https://bitcoinmagazine.com/news/white-house-trillions-waiting-crypto,White House Staff: Trillions Are Waiting To Enter Crypto,"1.04166666666667,4.375,3.33333333333333,7.70833333333333,20,1.25,429"
20260213213000,bitcoinmagazine.com,https://bitcoinmagazine.com/news/brazil-proposes-national-bitcoin-reserve,Brazil Eyes 1 Million Bitcoin For National BTC Reserve,"1.3986013986014,3.26340326340326,1.86480186480186,5.12820512820513,16.7832167832168,0,383"
20260213213000,bitcoinmagazine.com,https://bitcoinmagazine.com/news/lightning-labs-rolls-out-ai-agent-tools,Lightning Labs Releases AI Tools To Help Bitcoin Payments,"-1.31578947368421,2.41228070175439,3.7280701754386,6.14035087719298,22.3684210526316,0,423"
20260213213000,bitcoinmagazine.com,https://bitcoinmagazine.com/business/how-silent-link-solves-sim-swap-risks-and-roaming-hassles-for-traveling-bitcoiners,How Silent.Link Solves SIM-Swap Risks And Roaming Hassles For Traveling Bitcoiners,"1.338199513382,3.40632603406326,2.06812652068127,5.47445255474453,23.3576642335766,0.364963503649635,768"
20260213213000,bitcoinmagazine.com,https://bitcoinmagazine.com/markets/coinbase-surges-18-strategy-mstr-jumps,Coinbase (COIN) And Strategy (MSTR) Shares Surge Today,"-1.48936170212766,4.04255319148936,5.53191489361702,9.57446808510638,20.4255319148936,0,412"
20260213210000,cointelegraph.com,https://cointelegraph.com/news/blackrock-enters-defi-institutional-crypto-push-finance-redefined,"BlackRock Enters DeFi Via UniSwap, Bitcoin Stages Modest Recovery","-0.544323483670295,1.94401244167963,2.48833592534992,4.43234836702955,21.2286158631415,0.933125972006221,1175"
20260213210000,cointelegraph.com,https://cointelegraph.com/news/digital-gold-or-tech-stock-bitcoin-s-identity-crisis-deepens,Crypto Biz: Is Bitcoin Trading Like a Tech Stock?,"-2.5,1.80555555555556,4.30555555555556,6.11111111111111,22.9166666666667,0.138888888888889,645"
20260213210000,cointelegraph.com,https://cointelegraph.com/news/bitcoin-dollar72k-target-possible-if-v-shaped-recovery-pattern-completes,Bitcoin Eyes $80K as Traders Expect A Short-term BTC Price Rebound.,"-0.510204081632653,1.87074829931973,2.38095238095238,4.25170068027211,26.3605442176871,0.170068027210884,519"
20260213210000,cointelegraph.com,https://cointelegraph.com/news/dutch-house-advances-36-tax-law,Netherlands Lower Chamber Passes 36% Tax Proposal Before Passing to Senate,"-4.09638554216868,1.92771084337349,6.02409638554217,7.95180722891566,21.9277108433735,0,361"
20260213210000,cointelegraph.com,https://cointelegraph.com/news/price-predictions-2-13-btc-eth-bnb-xrp-sol-doge-bch-hype-ada-xmr,"Bitcoin, Altcoin Relief Rally Aim To Restore Pre-crash Range Highs","-1.32404181184669,1.74216027874564,3.06620209059233,4.80836236933798,27.5261324041812,0,1330"
20260213210000,cointelegraph.com,https://cointelegraph.com/news/bitcoin-most-undervalued-since-march-2023-classic-btc-price-metric-shows,Bitcoin Price Metric Sees 'Undervaluation' As It Taps Three-Year Lows,"-2.53411306042885,0.584795321637427,3.11890838206628,3.7037037037037,23.5867446393762,0.194931773879142,471"
20260213210000,cointelegraph.com,https://cointelegraph.com/news/bitcoin-bulls-blitz-dollar69k-as-retail-traders-pressure-short-positioning,Bitcoin Pushes Above $69K as Retail Bulls Show Intent,"-0.945179584120983,1.51228733459357,2.45746691871456,3.96975425330813,23.4404536862004,0,469"
20260213223000,coindesk.com,https://www.coindesk.com/markets/2026/02/13/trump-linked-truth-social-seeks-sec-approval-for-two-crypto-etfs,Trump-linked Truth Social seeks SEC approval for two crypto ETFs,"2.60416666666667,4.16666666666667,1.5625,5.72916666666667,23.1770833333333,1.04166666666667,363"
20260126141500,newsbtc.com,https://www.newsbtc.com/news/bitcoin/bitcoin-price-prediction-30000/,"Bitcoin Price Prediction: Analyst Forecasts 72.86% Crash To $30,000","-2.35756385068762,1.17878192534381,3.53634577603143,4.71512770137525,20.8251473477407,0,463"
20260126141500,newsbtc.com,https://www.newsbtc.com/bitcoin-news/bitcoin-is-extremely-undervalued/,Global Liquidity Says Bitcoin Is Extremely Undervalued - Here's The 'Real' Figure,"-4.14201183431953,0.591715976331361,4.73372781065089,5.32544378698225,23.4714003944773,0,461"
20260126164500,bitcoinmagazine.com,https://bitcoinmagazine.com/conference/the-15-types-of-bitcoiners-youll-definitely-see-at-bitcoin-2026,The 15 Types Of Bitcoiners You'll Definitely See At Bitcoin 2026,"0.186741363211951,3.4547152194211,3.26797385620915,6.72268907563025,22.0354808590103,3.36134453781513,904"
20260126164500,bitcoinmagazine.com,https://bitcoinmagazine.com/news/strategy-sells-257-million-to-buy-2932-btc,"Strategy ($MSTR) Sells $257M In Stock To Buy 2,932 Bitcoin","1.15207373271889,3.68663594470046,2.53456221198157,6.22119815668203,19.3548387096774,0,372"
20260126164500,bitcoinmagazine.com,https://bitcoinmagazine.com/news/bitcoin-custody-rise-after-insider-theft,US Bitcoin At Risk After Insider Theft Raises Custody Concerns,"-5.66534914361001,1.71277997364954,7.37812911725955,9.09090909090909,20.5533596837945,0.131752305665349,677"
20260126161500,cointelegraph.com,https://cointelegraph.com/news/strategy-buy-264-million-bitcoin-market-sell-off,Strategy Buys $264M In Bitcoin As January Buying Slows Down,"2.91777188328912,4.50928381962865,1.59151193633952,6.10079575596817,18.3023872679045,0.26525198938992,329"
20260126161500,cointelegraph.com,https://cointelegraph.com/news/bitcoin-coinbase-premium-deeply-negative-is-66k-btc-price-next,Bitcoin Coinbase Premium Hits 12-month Low as Trader Sees Further Drop,"-2.19123505976096,1.39442231075697,3.58565737051793,4.9800796812749,26.0956175298805,0.99601593625498,441"
20260126161500,cointelegraph.com,https://cointelegraph.com/news/bitcoin-crashed-30-percent-last-yen-intervention-but-catch,Bitcoin 'True Bottom' Pending as Yen Fractal Signals 30% BTC Price Drop,"-1.99556541019956,1.55210643015521,3.54767184035477,5.09977827050998,23.9467849223947,0.221729490022173,420"
20260228154500,newsbtc.com,https://www.newsbtc.com/bitcoin-news/bitcoin-in-the-line-of-fire-price-dips-to-63k-as-us-israel-launch-strikes-on-iran/,"Bitcoin Price Dips To $63k As US, Israel Launch Strikes On Iran","-4.72103004291845,0.214592274678112,4.93562231759657,5.15021459227468,22.1030042918455,1.71673819742489,402"
20260228154500,newsbtc.com,https://www.newsbtc.com/altcoin/how-high-will-the-dogecoin-price-be-if-bitcoin-reaches-200000/,"How High Will The Dogecoin Price Be If Bitcoin Reaches $200,000?","-0.419287211740042,1.25786163522013,1.67714884696017,2.93501048218029,24.5283018867925,0,447"
20260228154500,newsbtc.com,https://www.newsbtc.com/news/bitcoin/bitcoin-enters-bearish-territory/,"Bitcoin Has Officially Entered Bearish Territory, And It's Headed To $35,000; Chart Shows","-1.1472275334608,1.7208413001912,2.86806883365201,4.58891013384321,22.1797323135755,0,483"
20260228173000,coindesk.com,https://www.coindesk.com/markets/2026/02/28/crypto-community-fears-iran-choking-oil-supply-and-crashing-markets-but-that-may-be-overblown,"Crypto community fears Iran choking oil supply and crashing markets, but that may be overblown","-5.97439544807966,0.85348506401138,6.82788051209104,7.68136557610242,20.9103840682788,0,628"
20260228173000,coindesk.com,https://www.coindesk.com/markets/2026/02/27/bitcoin-set-for-worst-5-month-streak-since-2018-as-usd3-8-billion-etf-outflows-mount,Market analysts spar as bitcoin heads for worst five-month losing streak since 2018,"-6.27450980392157,1.69934640522876,7.97385620915033,9.67320261437909,22.0915032679739,0.522875816993464,668"
20260228173000,coindesk.com,https://www.coindesk.com/tech/2026/02/28/former-mt-gox-ceo-proposed-a-rewrite-of-bitcoin-s-code-to-recover-usd5-billion-in-stolen-funds-gets-quickly-shutdown,Bitcoin's hard fork proposal to get back $5 billion in stolen Mt. Gox funds sees no takers,"-1.82481751824818,2.00729927007299,3.83211678832117,5.83941605839416,24.0875912408759,0,494"
20260228173000,coindesk.com,https://www.coindesk.com/markets/2026/02/28/xrp-tumbles-9-as-break-below-usd1-36-wipes-out-relief-rally,XRP price news: What next for Ripple-linked token as it nosedives 10%,"-11.864406779661,0,11.864406779661,11.864406779661,28.8135593220339,0,109"
20260217160000,bitcoinmagazine.com,https://bitcoinmagazine.com/authors/nik?mab_v3=50545,Nik - Author Archives - Bitcoin Magazine,"5.40540540540541,5.40540540540541,0,5.40540540540541,16.2162162162162,0,28"
20260217160000,bitcoinmagazine.com,https://bitcoinmagazine.com/featured/nakamoto-to-acquire-btcinc-utxo-management,Nakamoto Inc. ($NAKA) To Acquire BTC Inc And UTXO Management,"2.55427841634738,2.80970625798212,0.255427841634738,3.06513409961686,17.8799489144317,0.766283524904214,672"
20260217160000,bitcoinmagazine.com,https://bitcoinmagazine.com/news/strategy-mstr-buys-168m-in-bitcoin,Strategy ($MSTR) Spends $168 Million On More Bitcoin,"1.05485232067511,3.79746835443038,2.74261603375527,6.54008438818565,24.2616033755274,0,429"
20260217171500,cointelegraph.com,https://cointelegraph.com/news/monad-hires-ex-falconx-bvnk-and-optimism-executives-to-drive-institutional-expansion-post-mainnet-embargo-feb-17,"Monad Foundation Hires Execs from FalconX, BVNK, Optimism","0.191938579654511,1.53550863723608,1.34357005758157,2.87907869481766,20.5374280230326,0,454"
20260217171500,cointelegraph.com,https://cointelegraph.com/news/bitcoin-brothers-return-south-africa-africrypt-cajee-carte-blanche,Africrypt Founders Return to South Africa After Years in Hiding: Report,"-2.59481037924152,1.99600798403194,4.59081836327345,6.58682634730539,20.3592814371257,0.199600798403194,465"
20260217171500,cointelegraph.com,https://cointelegraph.com/news/stablecoin-outflows-slow-binance-65-cex-usdt-usdc-reserves,Stablecoin Flows Slow As Binance Consolidates CEX Liquidity,"-0.477326968973747,1.43198090692124,1.90930787589499,3.34128878281623,21.2410501193317,0,365"
20260217171500,cointelegraph.com,https://cointelegraph.com/news/starknet-taps-ey-nightfall-institutional-grade-privacy,Starknet Taps EY's Nightfall for Institutional Privacy on Ethereum Rails,"0.746268656716418,2.98507462686567,2.23880597014925,5.22388059701492,19.0298507462687,0,473"
20260217171500,cointelegraph.com,https://cointelegraph.com/news/gemini-space-station-executives-departing,Gemini to 'Part Ways' with Three Top Execs,"-0.533333333333333,1.86666666666667,2.4,4.26666666666667,21.0666666666667,1.06666666666667,344"
20260217171500,cointelegraph.com,https://cointelegraph.com/news/nakamoto-inc-btc-inc-utxo-acquisitions,"Nakamoto to Buy BTC Inc, UTXO in $107M Stock Deal","1.98019801980198,3.96039603960396,1.98019801980198,5.94059405940594,22.029702970297,0,365"
20260217171500,cointelegraph.com,https://cointelegraph.com/news/south-korea-lifts-9-year-corporate-crypto-ban-what-the-policy-change-means,South Korea Ends 9-Year Corporate Crypto Ban Under Strict New Rules,"-1.97075651621106,2.60648442466624,4.5772409408773,7.18372536554355,21.4876033057851,0.381436745073109,1461"
20260217173000,newsbtc.com,https://www.newsbtc.com/news/bitcoin/what-bitcoin-rout-michael-saylor-unfazed-teases-new-accumulation/,"What Bitcoin Rout? Saylor Unfazed, Teases New Accumulation","-2.03160270880361,3.16027088036117,5.19187358916479,8.35214446952596,27.9909706546275,0,413"
20260217173000,newsbtc.com,https://www.newsbtc.com/bitcoin-news/bitcoin-whales-flood-binance/,Bitcoin Whales Flood Binance As Correction Deepens,"-3.56612184249629,0.445765230312036,4.01188707280832,4.45765230312036,26.7459138187221,0.148588410104012,613"
20260109190000,bitcoinmagazine.com,https://bitcoinmagazine.com/news/south-korea-to-approve-spot-bitcoin-etfs,South Korea To Approve Spot Bitcoin ETFs In Policy Shift,"1.29310344827586,3.01724137931034,1.72413793103448,4.74137931034483,22.4137931034483,0,422"
20260109190000,bitcoinmagazine.com,https://bitcoinmagazine.com/news/the-united-states-is-going-to-buy-bitcoin,The United States Could Start Buying Bitcoin In 2026,"-0.363636363636364,2.72727272727273,3.09090909090909,5.81818181818182,26.3636363636364,0.363636363636364,500"
20260109190000,bitcoinmagazine.com,https://bitcoinmagazine.com/business/vexl-empowering-peer-to-peer-bitcoin-exchange-through-social-networks,Vexl: Empowering Peer-to-Peer Bitcoin Exchange Through Social Networks,"1.40388768898488,3.99568034557235,2.59179265658747,6.58747300215983,20.9503239740821,1.18790496760259,833"
20260109181500,cointelegraph.com,https://cointelegraph.com/news/bitcoin-price-clings-90k-traders-us-supreme-court-tariff-ruling,Bitcoin Traders Are Hands-Off Ahead of US Tariff Ruling,"-1.90114068441065,1.33079847908745,3.2319391634981,4.56273764258555,26.0456273764259,1.33079847908745,481"
20260109181500,cointelegraph.com,https://cointelegraph.com/news/price-predictions-1-9-btc-eth-xrp-bnb-sol-doge-ada-bch-link-hype,"Bitcoin, Altcoin Rallies Suppressed By Selling Near Range Highs","-0.736377025036819,2.06185567010309,2.79823269513991,4.860088365243,25.8468335787923,0,1291"
20260109181500,cointelegraph.com,https://cointelegraph.com/news/bitcoin-rsi-bull-signals-multiply-price-battles-90k-control,"Bitcoin Can Hit $105,000 in Weeks Based on RSI Signals, Says Trader","0,2.55402750491159,2.55402750491159,5.10805500982318,24.3614931237721,0.982318271119843,464"
20260109181500,cointelegraph.com,https://cointelegraph.com/news/ripple-uk-regulatory-approval-local-subsidiary-fca,Ripple Gains UK Regulatory Approval Via Local Arm,"2.73037542662116,3.41296928327645,0.68259385665529,4.09556313993174,22.5255972696246,0.341296928327645,272"
20260109203000,newsbtc.com,https://www.newsbtc.com/breaking-news-ticker/crucial-role-of-the-clarity-act-in-avoiding-a-new-october-10-crypto-crash-expert-explains/,"Crucial Role Of The CLARITY Act In Avoiding A New October 10 Crypto Crash, Expert Explains","-1.13960113960114,3.98860398860399,5.12820512820513,9.11680911680912,19.9430199430199,0,320"
20260109203000,newsbtc.com,https://www.newsbtc.com/bitcoin-news/bitcoin-risks-drop-69000-pennant-support-analyst/,"Bitcoin Risks Drop To $69,000 If Pennant Support Breaks, Analyst Warns","-0.190839694656489,1.33587786259542,1.52671755725191,2.86259541984733,31.6793893129771,0,495"
20260123113000,cointelegraph.com,https://cointelegraph.com/news/binance-applies-mica-license-greece-hcmc,Binance Pursues MiCA Approval in Greece As EU Deadlines Loom,"-0.843881856540084,2.74261603375527,3.58649789029536,6.32911392405063,16.4556962025316,0.632911392405063,406"
20260123113000,cointelegraph.com,https://cointelegraph.com/news/kansas-bill-bitcoin-digital-assets-reserve-fund,Kansas Bill Eyes Bitcoin Reserve From Unclaimed Crypto Assets,"1.61290322580645,2.99539170506912,1.38248847926267,4.3778801843318,23.2718894009217,1.15207373271889,398"
20260123113000,cointelegraph.com,https://cointelegraph.com/news/vitalik-buterin-declares-2026-self-sovereign-computing,Vitalik Buterin's 2026 Self-Sovereign Tech Stack,"-0.211416490486258,3.17124735729387,3.38266384778013,6.553911205074,22.4101479915433,0.211416490486258,414"
20260123113000,cointelegraph.com,https://cointelegraph.com/news/bitcoin-in-early-stage-bear-market-84k-crucial-btc-price,Key Bitcoin Price Levels to Watch as BTC Bear Market Begins,"0.47923322683706,3.99361022364217,3.51437699680511,7.50798722044728,26.038338658147,0.159744408945687,557"
20260110231500,cointelegraph.com,https://cointelegraph.com/news/bitcoiners-celebrate-17th-anniversary-hal-finney-bitcoin,17 Years On and Hal Finney's 'Running Bitcoin' Post Is Still Celebrated,"-0.492610837438424,1.47783251231527,1.97044334975369,3.44827586206897,16.7487684729064,0.246305418719212,367"
20260110231500,cointelegraph.com,https://cointelegraph.com/news/bitcoin-difficulty-falls-first-adjustment-2026,Bitcoin Network Mining Difficulty Falls in Jan 2026,"-7.30478589420655,0.755667506297229,8.06045340050378,8.81612090680101,18.1360201511335,0.251889168765743,358"
20260110224500,newsbtc.com,https://www.newsbtc.com/news/bitcoin/bitcoin-bulls-heres-why-99k-might-be-the-next-crucial-level-to-watch/,"Attention, Bitcoin Bulls: Here's Why $99K Might Be The Next Crucial Level To Watch","0.345423143350604,2.76338514680484,2.41796200345423,5.18134715025907,24.6977547495682,0,541"
20260110224500,newsbtc.com,https://www.newsbtc.com/news/bitcoin/bitcoin-weekend-range-bound/,"Bitcoin Range-Bound Into The Weekend, But Next Week Holds The Real Test","0.972762645914397,2.91828793774319,1.94552529182879,4.86381322957198,26.0700389105058,0,476"
20260110224500,newsbtc.com,https://www.newsbtc.com/news/chainlink/chainlink-in-a-micro-range/,Chainlink Stuck In A Micro-Range As Traders Await A Clear Trigger,"0.625,5.625,5,10.625,26.0416666666667,0,460"
20260208091500,cointelegraph.com,https://cointelegraph.com/news/crypto-companies-consolidation-industry-bullish-ceo,"Crypto Industry Heading For 'Massive Consolidation,' Says Bullish CEO","-1.90735694822888,0.817438692098093,2.72479564032698,3.54223433242507,25.3405994550409,1.36239782016349,327"
20260208091500,cointelegraph.com,https://cointelegraph.com/news/bitcoin-price-institutional-interest-ramping-up-bitwise-ceo,Bitcoin Is Offering 'New Crack Of The Apple' To Institutions: Bitwise CEO,"-0.462962962962963,0.925925925925926,1.38888888888889,2.31481481481481,18.0555555555556,0,379"
20260208091500,cointelegraph.com,https://cointelegraph.com/news/bithumb-claws-back-99-7-of-overpaid-bitcoin-covers-remaining-shortfall,"Bithumb Recovers Overpaid Bitcoin, Covers 1,788 BTC Shortfall","-5.37383177570093,1.4018691588785,6.77570093457944,8.17757009345794,21.7289719626168,0,405"
20260208091500,newsbtc.com,https://www.newsbtc.com/sponsored/liquidchain-joins-the-altcoins-to-buy-conversation-a-new-layer-under-ethereum-and-solana/,LiquidChain Joins the Altcoins to Buy Conversation: A New Layer Under Ethereum and Solana,"2.40112994350282,5.36723163841808,2.96610169491525,8.33333333333333,22.316384180791,0,627"
20260203091500,newsbtc.com,https://www.newsbtc.com/crypto/hyperliquid-unveils-hip%E2%80%914-sending-hype-14-higher-on-outcome-trading-plans/,"Hyperliquid Unveils HIP&#x2011;4, Sending HYPE 14% Higher On Outcome Trading Plans","-1.46579804560261,1.62866449511401,3.09446254071661,4.72312703583062,23.1270358306189,0,576"
20260203091500,newsbtc.com,https://www.newsbtc.com/analysis/solana-sol-keeps-100-alive/,"Solana (SOL) Keeps $100 Alive, Recovery Push Faces First Test","1.7632241813602,3.77833753148615,2.01511335012594,5.79345088161209,28.9672544080605,0.251889168765743,375"
20260203091500,newsbtc.com,https://www.newsbtc.com/bitcoin-news/bitcoin-bear-market-signal-emerges-supply-in-loss-rises-above-40/,Bitcoin Bear Market Signal Emerges: Supply in Loss Rises Above 40%,"-5.20231213872832,2.45664739884393,7.65895953757225,10.1156069364162,24.8554913294798,0,656"
20260203091500,newsbtc.com,https://www.newsbtc.com/news/erupee-goes-global-as-hyper-captures-l2-demand/,E-rupee Goes Global: How $HYPER Captures L2 Demand,"-1.10410094637224,3.62776025236593,4.73186119873817,8.3596214511041,19.8738170347003,0,580"
20260105211500,bitcoinmagazine.com,https://bitcoinmagazine.com/news/did-doj-prosecutors-violate-trumps-executive-order-by-selling-the-forfeited-samourai-wallet-bitcoin,Did DOJ Prosecutors Violate Trump's Executive Order By Selling The Forfeited Samourai Wallet Bitcoin?,"-5.0199203187251,1.67330677290837,6.69322709163347,8.36653386454183,19.7609561752988,0.0796812749003984,1162"
20260105211500,bitcoinmagazine.com,https://bitcoinmagazine.com/markets/bitcoin-weekly-analysis-momentum-builds-toward-98000-amid-neutral-mood,"Bitcoin Weekly Analysis: Momentum Builds Toward $98,000 Amid Neutral Mood","1.02171136653895,3.06513409961686,2.04342273307791,5.10855683269476,28.2247765006386,0.383141762452107,721"
20260105211500,newsbtc.com,https://www.newsbtc.com/analysis/xrp/xrp-to-16-still-on-the-table/,Analyst Updates XRP Price Prediction: Why $16 Is Still On The Table,"1.86335403726708,3.1055900621118,1.24223602484472,4.34782608695652,21.3250517598344,0,455"
20260105211500,newsbtc.com,https://www.newsbtc.com/news/ethereum/ethereum-defining-moment/,"Ethereum Faces A Defining Moment: Break $3,160 Or Set Up The Next Pullback","1.05708245243129,3.17124735729387,2.11416490486258,5.28541226215645,27.2727272727273,0,450"
20260105231500,cointelegraph.com,https://cointelegraph.com/magazine/civil-war-china-ethereum-bitcoin-etfs-2026-asia-express/,"'China's Ethereum's' civil war, Japan to embrace Bitcoin ETFs: Asia Express","-1.49606299212598,2.51968503937008,4.01574803149606,6.53543307086614,20.7874015748031,0.236220472440945,1139"
20260214193000,newsbtc.com,https://www.newsbtc.com/xrp-news/binance-records-sharp-drop-in-xrp-reserves-what-this-means-for-price/,Binance Records Sharp Drop In XRP Reserves &#x2014; What This Means For Price,"-0.91533180778032,1.37299771167048,2.2883295194508,3.66132723112128,24.0274599542334,0.22883295194508,406"
20260214193000,newsbtc.com,https://www.newsbtc.com/news/bitcoin/bitcoin-eyes-untapped-liquidity/,"Bitcoin Eyes Untapped Liquidity: $64,000 Support Could Be Next Target","1.66320166320166,2.91060291060291,1.24740124740125,4.15800415800416,27.4428274428274,0,445"
20260214193000,newsbtc.com,https://www.newsbtc.com/news/bitcoin/bitcoin-on-chain-data-indicates-high-volatility-ahead-following-post-cpi-reaction/,Bitcoin On-Chain Data Indicates High Volatility Ahead Following Post-CPI Reaction,"-4.7244094488189,0.78740157480315,5.51181102362205,6.2992125984252,26.7716535433071,0,464"
20260214174500,coindesk.com,https://www.coindesk.com/business/2026/02/14/galaxy-s-steve-kurz-sees-great-convergence-driving-crypto-s-long-term-outlook,Galaxy's Steve Kurz sees 'great convergence' driving crypto's long-term outlook,"0,3,3,6,20.4615384615385,0.230769230769231,1184"
20260208181500,coindesk.com,https://www.coindesk.com/business/2026/02/08/block-weighs-cutting-up-to-10-of-jobs-bloomberg,Block (XYZ) weighs cutting up to 10% of jobs: Bloomberg,"0.36231884057971,2.53623188405797,2.17391304347826,4.71014492753623,26.0869565217391,1.08695652173913,245"
20260208181500,coindesk.com,https://www.coindesk.com/markets/2026/02/08/odds-of-jesus-christ-appearing-in-2026-double-beating-return-on-bitcoin,Bitcoin has performed worse than a bet tracking the chance of Jesus Christ returning this year,"0.43859649122807,3.07017543859649,2.63157894736842,5.70175438596491,22.1491228070175,0.657894736842105,416"
20260208183000,cointelegraph.com,https://cointelegraph.com/magazine/vitalik-buterin-ethereum-sell-michael-saylor-strategy-loss-hodlers-digest/,"Bitcoin difficulty plunges, Buterin sells off Ethereum: Hodler's Digest, Feb. 1 &#x2013; 7","-1.98440822111977,2.12615166548547,4.11055988660524,6.23671155209072,20.198440822112,0.212615166548547,1293"
20260208183000,cointelegraph.com,https://cointelegraph.com/news/bitcoin-bear-market-not-over-trader-btc-price-real-bottom-50k,"Bitcoin Bear Market Comparison Sparks New $50,000 BTC Price Prediction","-1.49253731343284,0.852878464818763,2.3454157782516,3.19829424307036,23.454157782516,1.06609808102345,407"
20260208183000,newsbtc.com,https://www.newsbtc.com/xrp-news/xrp-funding-rate-drops-to-lowest-level-since-april/,XRP Funding Rate Drops To Lowest Level Since April 2025 &#x2014; What This Means,"-1.49253731343284,0.995024875621891,2.48756218905473,3.48258706467662,27.8606965174129,0,387"
20260121163000,cointelegraph.com,https://cointelegraph.com/news/spot-bitcoin-ether-etfs-heavy-outflows-macro-uncertainty,Spot Bitcoin and Ether ETFs See Heavy Outflows Amid Macro Uncertainty,"-3.76106194690266,0.884955752212389,4.64601769911504,5.53097345132743,21.4601769911504,0.221238938053097,385"
20260121163000,cointelegraph.com,https://cointelegraph.com/news/bitcoin-eyes-90k-donald-trump-sees-crypto-bill-signing-very-soon,Bitcoin 'Strong Support' Gets a Macro Boost From Trump WEF Speech,"0,2.4024024024024,2.4024024024024,4.8048048048048,23.7237237237237,0.750750750750751,591"
20260121163000,cointelegraph.com,https://cointelegraph.com/news/argentine-exchange-ripio-peso-stablecoins,Ripio CEO Bets on Local Stablecoins in Latin America,"-1.61812297734628,1.29449838187702,2.9126213592233,4.20711974110032,16.504854368932,0.323624595469256,546"
20260121163000,cointelegraph.com,https://cointelegraph.com/news/central-banks-vs-bitcoin-who-earns-trust,Coinbase CEO And Central Bank Governor Clash Over Trust At WEF,"1.81347150259067,4.40414507772021,2.59067357512953,6.99481865284974,20.4663212435233,0,354"
20260121163000,cointelegraph.com,https://cointelegraph.com/news/crypto-next-battle-privacy-regulators-chicken-egg-dilemma,Crypto's Next Battle Is Privacy: Regulators Face Chicken-Egg Dilemma,"-1.81470869149952,2.48328557784145,4.29799426934097,6.78127984718243,20.7258834765998,0.0955109837631328,949"
20260121163000,cointelegraph.com,https://cointelegraph.com/news/caroline-ellison-alameda-ftx-released-prison,First FTX-Linked Exec to be Released from Prison Today,"-3.7037037037037,1.97530864197531,5.67901234567901,7.65432098765432,22.2222222222222,0.493827160493827,346"
20260121163000,cointelegraph.com,https://cointelegraph.com/news/bitpanda-stocks-etfs-universal-exchange-europe,"Bitpanda Adds 10,000 Stocks and ETFs to All-In-One Platform","0.975609756097561,2.68292682926829,1.70731707317073,4.39024390243902,18.780487804878,0.731707317073171,370"
20260121163000,cointelegraph.com,https://cointelegraph.com/news/bitcoin-sharks-scoop-up-btc-like-it-s-2013-despite-perfect-bull-trap,Bitcoin Sharks Accumulate Despite 'Perfect Bull Trap' Warnings,"-3.18840579710145,1.73913043478261,4.92753623188406,6.66666666666667,24.6376811594203,0,304"
20260121161500,bitcoinmagazine.com,https://bitcoinmagazine.com/news/trump-vows-to-sign-major-bitcoin-bill,Trump Vows To Sign Major Bitcoin Bill 'Very Soon',"2.40174672489083,4.14847161572052,1.74672489082969,5.89519650655022,21.3973799126638,0.218340611353712,409"
20260121161500,bitcoinmagazine.com,https://bitcoinmagazine.com/news/coinbase-ceo-clashes-bitcoin-davos,Coinbase CEO Clashes With French Banker Over Bitcoin,"-1.27388535031847,2.33545647558386,3.60934182590234,5.9447983014862,18.4713375796178,0,420"
20260123161500,cointelegraph.com,https://cointelegraph.com/news/bitcoin-rolls-over-gold-gets-23k-price-target-2034,"Gold Can Hit Up to $23,000 in Eight Years as Bitcoin Stalls","2.05607476635514,4.11214953271028,2.05607476635514,6.16822429906542,20.9345794392523,1.86915887850467,487"
20260123161500,cointelegraph.com,https://cointelegraph.com/news/ubs-explores-crypto-trading-private-banking-clients,UBS May Be Eyeing Bitcoin and Ether Trading for Ultra&#x2011;Rich Clients,"0.263157894736842,2.36842105263158,2.10526315789474,4.47368421052632,18.4210526315789,0.526315789473684,349"
20260123161500,cointelegraph.com,https://cointelegraph.com/news/us-yield-spread-2021-highs-warning-for-bitcoin-price,US Yield Spread Hits Multi-Year High: How Will It Affect Bitcoin Price?,"-1.23456790123457,1.97530864197531,3.20987654320988,5.18518518518519,24.4444444444444,1.23456790123457,337"
20260123161500,cointelegraph.com,https://cointelegraph.com/magazine/crypto-generational-wealth-transfer-nansen-alex-svanevik/,A 'tsunami' of wealth is headed for crypto: Nansen's Alex Svanevik,"-0.738688827331486,1.84672206832872,2.5854108956602,4.43213296398892,19.2059095106187,1.2927054478301,945"
20260123161500,bitcoinmagazine.com,https://bitcoinmagazine.com/news/nasdaq-remove-position-limits-bitcoin-etf,Nasdaq To Remove Position Limits On Bitcoin ETF Options,"0.468384074941452,3.74707259953162,3.27868852459016,7.02576112412178,26.463700234192,0,376"
20260123161500,cointelegraph.com,https://cointelegraph.com/news/restaking-delivers-risk,Restaking Promises Yield But Delivers Only Stacked Risk,"-0.142653352353781,4.70756062767475,4.85021398002853,9.55777460770328,22.5392296718973,0.14265335235378,638"
20260123161500,bitcoinmagazine.com,https://bitcoinmagazine.com/business/epoch-ventures-predicts-bitcoin-hits-150k-in-2026-declares-end-of-4-year-halving-cycle,"Epoch Ventures Predicts Bitcoin Hits $150K In 2026, Declares End Of 4-Year Halving Cycle","-0.297872340425532,2.93617021276596,3.23404255319149,6.17021276595745,19.6595744680851,0.468085106382979,2139"
20260109024500,newsbtc.com,https://www.newsbtc.com/bitcoin-news/bitcoin-remains-in-a-high-risk-zone-as-short-term-holders-stay-underwater/,Bitcoin Remains In A High-Risk Zone As Short-Term Holders Stay Underwater,"-3.02631578947368,2.63157894736842,5.65789473684211,8.28947368421053,24.6052631578947,0,699"
20260109024500,newsbtc.com,https://www.newsbtc.com/analysis/xrp/strongest-xrp-rally-in-history/,"Analyst Predicts Strongest XRP Price Rally In History Is Coming, Here's Why","-1.77514792899408,1.38067061143984,3.15581854043393,4.53648915187377,21.8934911242604,0,453"
20260109024500,newsbtc.com,https://www.newsbtc.com/bitcoin-news/cryptoquant-ceo-boring-bitcoin-action-major-crash/,"CryptoQuant CEO Expects Boring Bitcoin Action, Not Major Crash","-1.80505415162455,1.08303249097473,2.88808664259928,3.97111913357401,27.6173285198556,0.180505415162455,507"
20260109034500,cointelegraph.com,https://cointelegraph.com/news/zcash-developers-unveil-new-wallet-cashz-hours-after-exiting-electric-coin-co,Zcash Developers Launch CashZ Wallet After Leaving ECC,"-0.904977375565611,1.35746606334842,2.26244343891403,3.61990950226244,21.2669683257919,1.13122171945701,396"
20260109034500,cointelegraph.com,https://cointelegraph.com/news/sanctions-illicit-crypto-transactions-record-2025,Sanctions Drive Illicit Crypto Address Flows to Record High in 2025,"-5.5944055944056,1.63170163170163,7.22610722610723,8.85780885780886,17.2494172494172,0.466200466200466,387"
20260109034500,cointelegraph.com,https://cointelegraph.com/news/bitcoin-hit-2-9m-2050-global-trade-vaneck,Bitcoin to Hit 2.9M by 2050 as it Becomes Global Trade Currency: VanEck,"-2.3936170212766,0.265957446808511,2.65957446808511,2.92553191489362,20.7446808510638,0.265957446808511,324"
20260303070000,coindesk.com,https://www.coindesk.com/markets/2026/03/03/bitcoin-climbs-as-btc-etfs-post-one-of-the-quarter-s-biggest-inflow-days-amid-iran-volatility,Bitcoin climbs as IBIT posts one of the quarter's biggest inflow days amid Iran volatility,"-6.2111801242236,0.62111801242236,6.83229813664596,7.45341614906832,18.0124223602484,0,148"
20260303054500,newsbtc.com,https://www.newsbtc.com/news/bitcoin/bitcoin-crypto-funds-1-billion-rebound/,Bitcoin Leads Crypto Funds $1B Rebound To End Negative Streak,"-2.74914089347079,0.687285223367698,3.43642611683849,4.12371134020619,19.4158075601375,0.687285223367698,521"
20260303054500,newsbtc.com,https://www.newsbtc.com/bitcoin-news/bitcoin-prints-fifth-straight-red-month-previous-streak-was-followed-by-300-surge/,Bitcoin Prints Fifth Straight Red Month; Previous Streak Was Followed By 300% Surge,"-1.28440366972477,1.46788990825688,2.75229357798165,4.22018348623853,23.6697247706422,0,507"
20260303054500,newsbtc.com,https://www.newsbtc.com/xrp-news/us-iran-war-crypto-fear-xrp-stands-out/,"US-Iran War Sparks Crypto Fear, But XRP Stands Out","-2.4745269286754,1.74672489082969,4.22125181950509,5.96797671033479,25.6186317321689,0.291120815138282,641"
20260303054500,newsbtc.com,https://www.newsbtc.com/analysis/btc/bitcoin-price-upside-capped-70k/,"Bitcoin Price Upside Capped Again, $70K Proves Tough Ceiling","0.638297872340426,2.97872340425532,2.34042553191489,5.31914893617021,27.2340425531915,0,419"
20260303054500,newsbtc.com,https://www.newsbtc.com/analysis/eth/ethereum-price-targets-2150/,"Ethereum Price Targets $2,150 Again, Bulls Seek Breakout Confirmation","1.10132158590308,3.30396475770925,2.20264317180617,5.50660792951542,27.7533039647577,0,412"
20260303054500,newsbtc.com,https://www.newsbtc.com/analysis/solana-sol-positions-for-breakout-85/,Solana (SOL) Positions for Breakout as Market Sentiment Turns Bullish,"1.00250626566416,4.26065162907268,3.25814536340852,7.5187969924812,29.3233082706767,0.25062656641604,380"
20260303054500,newsbtc.com,https://www.newsbtc.com/analysis/xrp/xrp-price-maintains-momentum-1-40/,XRP Price Maintains Momentum as Traders Anticipate Breakout Rally,"-1.34529147982063,2.24215246636771,3.58744394618834,5.82959641255605,28.0269058295964,0,393"
20260121203000,bitcoinmagazine.com,https://bitcoinmagazine.com/news/delaware-life-launches-index-bitcoin,Delaware Life Launches Index Annuity With Bitcoin Exposure,"0,3.3175355450237,3.3175355450237,6.63507109004739,19.1943127962085,0.947867298578199,383"
20260225193000,bitcoinmagazine.com,https://bitcoinmagazine.com/markets/strategy-mstr-becomes-shorted-25b,"Strategy (MSTR) Hits Most-Shorted Status, Shares Jump 8%","-0.838574423480084,3.56394129979036,4.40251572327044,7.9664570230608,23.4800838574423,0,438"
20260225193000,bitcoinmagazine.com,https://bitcoinmagazine.com/news/gd-culture-gdc-shares-surge,GD Culture (GDC) Shares Surge As Board Approves Bitcoin Sale,"-0.234741784037559,2.11267605633803,2.34741784037559,4.46009389671362,24.1784037558685,0,368"
20260225193000,bitcoinmagazine.com,https://bitcoinmagazine.com/markets/bitcoin-price-roars-7-to-69000,"Bitcoin Price Surges 8% To $69,000 As Crypto Market Rallies","-1.53508771929825,1.97368421052632,3.50877192982456,5.48245614035088,26.7543859649123,0,401"
20260225210000,newsbtc.com,https://www.newsbtc.com/news/tron-trx/trons-994m-q4-transactions-support-trx-push-toward-key-resistance-zones/,TRON's 994M Q4 Transactions Support TRX Push Toward Key Resistance Zones,"0.982318271119843,2.55402750491159,1.57170923379175,4.12573673870334,20.2357563850688,0.196463654223969,459"
20260225210000,newsbtc.com,https://www.newsbtc.com/bitcoin-news/peter-schiff-says-bitcoin-has-never-beaten-gold-since-2021/,Peter Schiff Says Bitcoin Has Never Beaten Gold Since 2021,"0.713266761768902,4.13694721825963,3.42368045649073,7.56062767475036,21.9686162624822,0.427960057061341,619"
20260225210000,newsbtc.com,https://www.newsbtc.com/bitcoin-news/strategy-mstr-wall-street-most-shorted-stock/,Strategy (MSTR) Is Now Wall Street's Most-Shorted Stock,"-0.138121546961326,3.31491712707182,3.45303867403315,6.76795580110497,25,2.34806629834254,635"
20260211123000,cointelegraph.com,https://cointelegraph.com/news/hong-kong-sfc-crypto-margin-perps-framework,SFC Expands Leverage Rules for Hong Kong Crypto Firms,"3.15789473684211,5,1.84210526315789,6.8421052631579,24.7368421052632,0,334"
20260211123000,cointelegraph.com,https://cointelegraph.com/news/ethereum-holders-full-scale-accumulation-eth-price-drops-below-2k,Ethereum Whales Accumulate Aggressively as ETH Price Drops Below $2K,"-0.126742712294043,1.52091254752852,1.64765525982256,3.16856780735108,22.4334600760456,0,683"
20260211123000,cointelegraph.com,https://cointelegraph.com/news/spot-bitcoin-etfs-add-167m-nearly-erase-last-week-s-outflows,Spot Bitcoin ETFs Post $166M Inflows Despite Market Dip,"-0.470588235294117,1.41176470588235,1.88235294117647,3.29411764705882,14.1176470588235,0.705882352941177,371"
20260211123000,cointelegraph.com,https://cointelegraph.com/news/bitcoin-price-drops-3-percent-analyst-warns-bulls-lack-momentum-69k,"Bitcoin Risks Getting Stuck At $69,000 Again, Says Analysis","-0.221729490022173,2.4390243902439,2.66075388026608,5.09977827050998,20.8425720620843,1.33037694013304,405"
20260211123000,cointelegraph.com,https://cointelegraph.com/news/spark-new-lending-suite-onchain-stablecoins,Spark Launches Institutional Lending Suite to Channel DeFi Stablecoins,"-0.793650793650793,1.19047619047619,1.98412698412698,3.17460317460317,24.0079365079365,0,451"
20260211113000,newsbtc.com,https://www.newsbtc.com/bitcoin-news/bitcoin-final-top-blocktower-cio/,BlockTower's Ari Paul: Bitcoin May Never Hit Another All-Time High,"-2.12014134275618,2.35571260306243,4.47585394581861,6.83156654888104,20.37691401649,0.235571260306243,764"
20260211113000,newsbtc.com,https://www.newsbtc.com/bitcoin-news/these-three-catalysts-could-spark-bitcoins-next-rally-according-to-wintermute/,"These Three Catalysts Could Spark Bitcoin's Next Rally, According To Wintermute","-3.76712328767123,2.05479452054794,5.82191780821918,7.87671232876712,21.9178082191781,0.342465753424658,544"
20260211113000,newsbtc.com,https://www.newsbtc.com/bitcoin-news/bitcoin-drop-wipes-billions-from-recent-buyers-new-whale-cost-basis-falls-toward-90k/,Bitcoin Drop Wipes Billions From Recent Buyers: New Whale Cost Basis Falls Toward $90K,"-6.5359477124183,1.30718954248366,7.84313725490196,9.15032679738562,23.5294117647059,0,576"
20260211113000,newsbtc.com,https://www.newsbtc.com/bitcoin-news/bitcoin-giant-awakens-2043-btc-7-year-slumber/,"Bitcoin Giant Awakens: 2,043 BTC Moved After 7-Year Slumber","-1.5748031496063,0.196850393700787,1.77165354330709,1.96850393700787,25.3937007874016,0.196850393700787,462"
20260225114500,newsbtc.com,https://www.newsbtc.com/crypto/expert-forecasts-5-trillions-pouring-into-crypto-post-clarity-act-passage/,Expert Forecasts $5 Trillions Pouring Into Crypto Post CLARITY Act Passage,"0.412371134020618,2.88659793814433,2.47422680412371,5.36082474226804,20.8247422680412,0.206185567010309,451"
20260225114500,newsbtc.com,https://www.newsbtc.com/news/bitcoin/mass-exodus-crypto-funds-lose-4-billion-across-weeks-of-red/,Crypto Funds Bleed $4 Billion As Investors Step Back,"-1.66666666666667,1.66666666666667,3.33333333333333,5,21.8518518518519,1.11111111111111,501"
20260225114500,newsbtc.com,https://www.newsbtc.com/news/dogecoin/dogecoin-vs-shiba-inu-2026/,Dogecoin Vs. Shiba Inu: What Meme Coin Should You Buy For Most Returns In 2026?,"-0.45662100456621,1.82648401826484,2.28310502283105,4.10958904109589,22.6027397260274,0,413"
20260225094500,cointelegraph.com,https://cointelegraph.com/news/bitcoin-adoption-is-booming-even-if-its-price-isn-t-river,"Bitcoin Adoption Hit Record Highs in 2025, Says River","-0.974658869395712,2.33918128654971,3.31384015594542,5.65302144249513,17.3489278752437,0.779727095516569,441"
20260225094500,cointelegraph.com,https://cointelegraph.com/news/us-seizes-61m-tether-pig-butchering-crypto-scam,US Seizes $61M in USDT Tied to Pig Butchering Crypto Scam,"-8.5995085995086,3.19410319410319,11.7936117936118,14.987714987715,15.7248157248157,0.982800982800983,370"
20260225094500,cointelegraph.com,https://cointelegraph.com/news/anchorage-digital-holds-strategy-strc-most-shorted-stock,Anchorage Digital Buys Strategy STRC as Stock Becomes Most-Shorted,"-1.24223602484472,3.1055900621118,4.34782608695652,7.45341614906832,24.223602484472,0.20703933747412,440"
20260225094500,cointelegraph.com,https://cointelegraph.com/news/spot-bitcoin-etfs-257m-inflows-fbtc-ibit-bitcoin-65k,Bitcoin ETF Flows Hit $258M in Largest Daily Inflows in Weeks,"1.52671755725191,2.03562340966921,0.508905852417303,2.54452926208651,15.0127226463104,1.01781170483461,348"
20260225084500,coindesk.com,https://www.coindesk.com/markets/2026/02/25/bitcoin-bounces-above-usd65-000-as-dollar-weakens-and-double-bottom-hopes-build,"Bitcoin price news: BTC zoomes above $65,000 as bullish 'double-bottom' hopes build","-2.04081632653061,2.49433106575964,4.53514739229025,7.02947845804989,24.2630385487528,0.680272108843537,411"
20260225084500,coindesk.com,https://www.coindesk.com/markets/2026/02/25/crypto-firm-with-a-u-s-bank-charter-adds-bitcoin-holder-strategy-stock-to-its-balance-sheet,Anchorage Digital holds Strategy holds bitcoin holder Strategy's preferred stock,"3,5.33333333333333,2.33333333333333,7.66666666666667,21.3333333333333,1,278"
20260225084500,coindesk.com,https://www.coindesk.com/markets/2026/02/25/leading-stablecoin-tether-shrinks-again-as-market-cap-eyes-second-straight-monthly-drop,Leading stablecoin Tether shrinks again as market cap looks set for second straight monthly drop,"-1.86170212765957,1.86170212765957,3.72340425531915,5.58510638297872,20.4787234042553,1.06382978723404,330"
20260225084500,coindesk.com,https://www.coindesk.com/markets/2026/02/25/dogecoin-jumps-5-as-breakout-flips-resistance-into-support,Dogecoin price news: DOGE jumps 5% as breakout flips resistance into support,"-4.16666666666667,1.38888888888889,5.55555555555556,6.94444444444444,25,0,134"
20260224180000,coindesk.com,https://www.coindesk.com/markets/2026/02/24/adam-back-s-bstr-moving-forward-with-public-listing-plans-hopes-for-april-approval,Bitcoin treasury news: Adam Back's SPAC merger with Cantor Equity Partners could come as soon as April,"1.42450142450142,5.12820512820513,3.7037037037037,8.83190883190883,21.9373219373219,0.854700854700855,326"
20260224180000,coindesk.com,https://www.coindesk.com/business/2026/02/24/moonpay-unveils-ai-onramp-for-brave-new-agent-economy,MoonPay unveils AI onramp for brave new agent economy,"-0.390625,0.78125,1.171875,1.953125,23.4375,1.5625,224"
20260224180000,coindesk.com,https://www.coindesk.com/business/2026/02/24/stripe-s-bridge-sees-stablecoin-volume-quadruple-as-utility-insulates-from-crypto-winter,Stripe says stablecoin adoption soars despite 'crypto winter',"-0.677966101694915,1.01694915254237,1.69491525423729,2.71186440677966,24.7457627118644,1.01694915254237,265"
20260224180000,coindesk.com,https://www.coindesk.com/business/2026/02/24/coinbase-adds-stock-etf-trading-as-it-expands-beyond-crypto,"Coinbase trading in equities, ETFs as it broadens product line beyond crypto","1.81818181818182,2.5974025974026,0.779220779220779,3.37662337662338,23.6363636363636,0.779220779220779,352"
20260224180000,coindesk.com,https://www.coindesk.com/markets/2026/02/24/bitcoin-s-u-s-demand-signal-turns-negative-for-a-record-40-days,"BTC news: U.S. demand turns negative for a record 40 days as ""bitcoin zero"" searches peak","-2.25352112676056,1.69014084507042,3.94366197183099,5.63380281690141,21.1267605633803,0.845070422535211,323"
20260224180000,coindesk.com,https://www.coindesk.com/markets/2026/02/24/bitcoin-retakes-usd64-000-crypto-miners-rally-as-ai-related-software-rout-eases,"Bitcoin price news: BTC narrows big early losses, rallying back above $64,000","-2.53164556962025,2.21518987341772,4.74683544303798,6.9620253164557,17.4050632911392,0.949367088607595,294"
20260224180000,coindesk.com,https://www.coindesk.com/markets/2026/02/24/bitcoin-price-pain-largely-over-but-time-pain-remains-james-check,"Bitcoin price analysis: BTC close to a bottom in price, but bulls will have to be patient","-1,2.33333333333333,3.33333333333333,5.66666666666667,24,1.66666666666667,266"
20260224181500,cointelegraph.com,https://cointelegraph.com/news/what-nyse-s-exploration-of-onchain-systems-means-for-financial-markets,What NYSE's Exploration of Onchain Systems Means for Financial Markets,"-1.62224797219004,3.70799536500579,5.33024333719583,9.03823870220162,23.117033603708,0.347624565469293,1570"
20260224194500,cointelegraph.com,https://cointelegraph.com/news/nansen-to-set-up-bhutan-entity-in-gelephu-mindfulness-city-to-support-digital-asset-ecosystem,Nansen to Set up Bhutan Entity in Gelephu Mindfulness City,"3.5650623885918,4.09982174688057,0.53475935828877,4.63458110516934,19.0730837789661,0.17825311942959,503"
20260224194500,bitcoinmagazine.com,https://bitcoinmagazine.com/news/canaan-acquires-ciphers-stake,"Bitcoin Miner Canaan Buys Cipher's Texas Stake, Boosts AI Plans","3.4965034965035,4.1958041958042,0.699300699300699,4.89510489510489,23.4265734265734,1.22377622377622,509"
20260224194500,bitcoinmagazine.com,https://bitcoinmagazine.com/news/michigan-introduces-bill-paid-in-bitcoin,Michigan Wants To Pay State Employees In Bitcoin,"2.70758122743682,3.97111913357401,1.26353790613718,5.23465703971119,22.3826714801444,0,483"
20260224194500,cointelegraph.com,https://cointelegraph.com/news/bitcoin-fair-value-gap-45k-target-ai-woes-haunt-stocks-gold,"Bitcoin Drops Closer to $60,000 as AI Tensions Weigh on Macro Assets","-1.99600798403194,2.79441117764471,4.79041916167665,7.58483033932136,24.9500998003992,0.998003992015968,453"
20260224194500,cointelegraph.com,https://cointelegraph.com/news/better-500m-stablecoin-mortgage-defi-deal,"Better, Framework Ventures Strike $500M Stablecoin Mortgage Deal","0.235294117647059,1.64705882352941,1.41176470588235,3.05882352941176,27.2941176470588,0.705882352941177,387"
20260224194500,bitcoinmagazine.com,https://store.bitcoinmagazine.com/pages/bitcoin-magazine-annual-subscription-bitcoin-2026-conference-pass,Bitcoin Magazine Annual Subscription + Bitcoin 2026 Conference Pass,"1.03092783505155,1.67525773195876,0.644329896907216,2.31958762886598,18.9432989690722,0.644329896907216,678"
20260224194500,bitcoinmagazine.com,https://bitcoinmagazine.com/markets/bitcoin-price-drifts-lower-to-60000,"Bitcoin Price Drifts Lower To $60,000 As Market Wanes","-4.01529636711281,3.05927342256214,7.07456978967495,10.1338432122371,22.1797323135755,0.382409177820268,484"
20260224194500,bitcoinmagazine.com,https://bitcoinmagazine.com/news/coinbase-launches-24-5-stock-trading,Coinbase Launches Stock And ETF Trading For All US Users,"0.504201680672269,2.01680672268908,1.51260504201681,3.52941176470588,21.0084033613445,0,532"
20260224194500,cointelegraph.com,https://cointelegraph.com/news/empery-digital-shareholder-demands-bitcoin-sale-ceo-resignation,"Empery Digital Shareholder Urges BTC Sale, CEO Exit","0,3.60576923076923,3.60576923076923,7.21153846153846,19.9519230769231,0,376"
20260224194500,cointelegraph.com,https://cointelegraph.com/news/ethereum-price-drops-1-8k-data-eth-bears-not-done-yet,"ETH Downtrend Not Over? Why Ether's Next Stop Could be $1,500","-2.21238938053097,1.03244837758112,3.24483775811209,4.27728613569322,26.1061946902655,0.589970501474926,606"
20260209180000,newsbtc.com,https://www.newsbtc.com/bitcoin-news/major-problem-after-bitcoin-drop/,"Popular Tesla Investor Shares The Major Problem After Bitcoin Fell Below $70,000","-5.98130841121495,2.24299065420561,8.22429906542056,10.4672897196262,26.1682242990654,0,481"
20260209180000,newsbtc.com,https://www.newsbtc.com/news/ethereum/ethereum-break-out-against-btc/,"Ethereum Price Set To Break Out Against Bitcoin, But How High Can It Go?","-0.201207243460764,1.81086519114688,2.01207243460765,3.82293762575453,20.3219315895372,0,458"
20260209170000,bitcoinmagazine.com,https://bitcoinmagazine.com/news/strategy-mstr-adds-1142-bitcoin,"Strategy (MSTR) Adds 1,142 Bitcoin For $90 Million","-0.225733634311513,3.83747178329571,4.06320541760722,7.90067720090294,25.5079006772009,0,386"
20260209170000,bitcoinmagazine.com,https://bitcoinmagazine.com/news/bitcoin-miner-cango-sells-millions-in-btc,This Bitcoin Miner Just Sold Millions In BTC To Cover Debts,"1.46443514644352,2.71966527196653,1.25523012552301,3.97489539748954,27.6150627615063,0,444"
20260118160000,newsbtc.com,https://www.newsbtc.com/news/bitcoin/whats-driving-the-1-42-billion-comeback-in-spot-bitcoin-etfs/,What's Driving The $1.42 Billion Comeback In Spot Bitcoin ETFs?,"0,1.62162162162162,1.62162162162162,3.24324324324324,24.3243243243243,0.720720720720721,518"
20260118160000,newsbtc.com,https://www.newsbtc.com/news/bitcoin/bitcoin-long-signal-is-about-to-go-off-again/,Bitcoin Long Signal That Preceded 370% Move Is About To Go Off Again &#x2014; What To Know,"2.07852193995381,3.00230946882217,0.92378752886836,3.92609699769053,24.9422632794457,0,408"
20260227034500,cointelegraph.com,https://cointelegraph.com/news/vitalik-proposes-4-fixes-quantum-resistance-roadmap-for-ethereum,Buterin Outlines Ethereum's Quantum Resistance Roadmap,"-0.253164556962025,2.27848101265823,2.53164556962025,4.81012658227848,25.3164556962025,0,333"
20260227034500,cointelegraph.com,https://cointelegraph.com/news/bitcoin-large-wallet-holders-growing-bullish-santiment,Bitcoin Wallets Holding 100 BTC About To Hit 20K: Santiment,"-0.549450549450549,1.64835164835165,2.1978021978022,3.84615384615385,23.6263736263736,0.274725274725275,336"
20260212161500,cointelegraph.com,https://cointelegraph.com/news/miner-outflows-spike-public-miners-steady-january,"Bitcoin Miner Outflows Surge in January BTC, But Filings Show Steady Market","-1.63934426229508,0.983606557377049,2.62295081967213,3.60655737704918,18.6885245901639,0.327868852459016,526"
20260212161500,cointelegraph.com,https://cointelegraph.com/news/crypto-winter-different-observers-reevaluate-bitcoin,Is This Crypto Winter Different? Key Observers Reevaluate Bitcoin,"0,2.92580982236155,2.92580982236155,5.85161964472309,26.8547544409613,0.626959247648903,879"
20260212163000,bitcoinmagazine.com,https://bitcoinmagazine.com/markets/bitcoins-next-stop-might-be-50000,"Bitcoin's Not Done Bleeding, $50k May Be Next, Warns Analyst","-6.22119815668203,0.460829493087558,6.68202764976959,7.14285714285714,24.6543778801843,0,398"
20260212154500,newsbtc.com,https://www.newsbtc.com/bitcoin-news/is-bitcoin-already-pricing-a-us-recession-analyst-sees-major-risk%E2%80%91reward-setup/,Is Bitcoin Already Pricing A US Recession? Analyst Sees Major Risk&#x2011;Reward Setup,"-3.63636363636364,1.65289256198347,5.28925619834711,6.94214876033058,20,0.495867768595041,564"
20260212154500,newsbtc.com,https://www.newsbtc.com/bitcoin-news/bitcoin-in-bear-market-woes/,"Bitcoin Trapped In Bear Market Woes As Liquidity Runs Dry, Is Another Crash Coming?","-2.39520958083832,1.79640718562874,4.19161676646707,5.98802395209581,22.5548902195609,0,466"
20260216064500,cointelegraph.com,https://cointelegraph.com/news/apollo-deepens-blockchain-play-enters-crypto-lending-via-morpho-partnership,Apollo Partners With Morpho To Support Lending Infrastructure,"2.11640211640212,2.91005291005291,0.793650793650794,3.7037037037037,20.3703703703704,0,335"
20260216064500,cointelegraph.com,https://cointelegraph.com/news/russian-finance-ministry-reveals-648m-daily-crypto-volume-amid-regulatory-push,Russia Sees $648M In Daily Crypto Transactions As Gov Pushes Regulation,"-2.05761316872428,1.23456790123457,3.29218106995885,4.52674897119342,19.3415637860082,1.02880658436214,444"
20260216064500,cointelegraph.com,https://cointelegraph.com/news/adam-back-opposes-bip110-fixing-arbitrary-data-spam,Adam Back Opposes BIP-110 Ordinals Fix,"-2.61682242990654,1.49532710280374,4.11214953271028,5.60747663551402,20.9345794392523,0,481"
20260216064500,cointelegraph.com,https://cointelegraph.com/news/bitcoin-track-for-worst-q1-since-2018-first-ever-red-jan-and-feb,Bitcoin Heads For Worst Quarter Since 2018 With 22% Drop,"-3.01507537688442,1.25628140703518,4.2713567839196,5.52763819095477,19.5979899497487,0,354"
20260216064500,cointelegraph.com,https://cointelegraph.com/news/strategy-plans-equitize-convertible-debt-over-next-3-6-years-saylor,Strategy Plans To Equitize Convertible Debt Over Time,"-0.802139037433155,2.94117647058824,3.74331550802139,6.68449197860963,24.5989304812834,0.267379679144385,348"
20260102134500,newsbtc.com,https://www.newsbtc.com/news/bitcoin/bitcoin-price-crash-to-25000/,"Bitcoin Price Crash To $25,000: Why The Bottom Is Much Lower","-1.33587786259542,0.763358778625954,2.09923664122137,2.86259541984733,26.1450381679389,0,479"
20260102124500,cointelegraph.com,https://cointelegraph.com/news/krx-signals-readiness-crypto-etfs-regulatory-review,Bitcoin ETF Momentum Builds in South Korea but Regulation Lags Behind,"0.704225352112676,2.58215962441315,1.87793427230047,4.46009389671362,20.8920187793427,0,389"
20260102124500,cointelegraph.com,https://cointelegraph.com/news/coinbase-bets-on-stablecoins-base-and-everything-exchange-for-2026,"Coinbase Bets on Stablecoins, Base and 'Everything Exchange' for 2026","1.10192837465565,2.20385674931129,1.10192837465565,3.30578512396694,19.5592286501377,0,324"
20260102131500,coindesk.com,https://www.coindesk.com/policy/2026/01/02/turkmenistan-legalizes-crypto-mining-and-exchanges-to-boost-the-economy,Turkmenistan enacts crypto law allowing mining and exchanges to attract foreign investment,"3.32225913621262,4.98338870431894,1.66112956810631,6.64451827242525,17.2757475083056,0.996677740863787,270"
20260102131500,coindesk.com,https://www.coindesk.com/policy/2026/01/02/iran-accepts-cryptocurrency-as-payment-for-advanced-weapons,Iran accepts cryptocurrency as payment for advanced weapons,"0,2.19298245614035,2.19298245614035,4.3859649122807,15.7894736842105,1.31578947368421,209"